CSV,CAVG,64
CSV,C,1,0,10.0,0.002,1393,3422,0.503,0.750,0.15,6811317.00,6841542.50,6890075.00,6867491.5,64,6834.6,0
CSV,CT,1,0,500,64,0
CSV,CT,1,0,0,64,0,6.896,-0.0000,0.9492
CSV,CT,1,0,1,64,0,13.727,-1.7441,0.9492
CSV,CT,1,0,2,64,0,20.549,-3.4663,0.9492
CSV,CT,1,0,3,64,0,27.408,-5.0213,0.9492
CSV,CT,1,0,4,64,0,34.233,-6.4809,0.9492
CSV,CT,1,0,5,64,0,41.074,-7.7651,0.9492
CSV,CT,1,0,6,64,0,47.923,-9.0053,0.9492
CSV,CT,1,0,7,64,0,54.774,-10.1462,0.9492
CSV,CT,1,0,8,64,0,61.602,-11.2253,0.9492
CSV,CT,1,0,9,64,0,68.436,-12.1886,0.7734
CSV,CT,1,0,10,64,0,75.292,-12.8350,0.1680
CSV,CT,1,0,11,64,0,82.146,-12.1750,0.0742
CSV,CT,1,0,12,64,0,88.997,-11.3247,0.5625
CSV,CT,1,0,13,64,0,95.816,-11.4121,0.9414
CSV,CT,1,0,14,64,0,102.669,-12.2729,0.7070
CSV,CT,1,0,15,64,0,109.521,-12.6449,0.2383
CSV,CT,1,0,16,64,0,116.371,-12.1484,0.1367
CSV,CT,1,0,17,64,0,123.189,-11.3907,0.5586
CSV,CT,1,0,18,64,0,130.037,-11.5619,0.8750
CSV,CT,1,0,19,64,0,136.903,-12.4086,0.5742
CSV,CT,1,0,20,64,0,143.753,-12.5810,0.1797
CSV,CT,1,0,21,64,0,150.584,-11.9077,0.2773
CSV,CT,1,0,22,64,0,157.430,-11.3183,0.7539
CSV,CT,1,0,23,64,0,164.282,-11.8552,0.8594
CSV,CT,1,0,24,64,0,171.137,-12.4410,0.5039
CSV,CT,1,0,25,64,0,177.979,-12.4084,0.2539
CSV,CT,1,0,26,64,0,184.808,-11.9915,0.2734
CSV,CT,1,0,27,64,0,191.665,-11.5737,0.6172
CSV,CT,1,0,28,64,0,198.521,-11.7259,0.8008
CSV,CT,1,0,29,64,0,205.375,-12.2323,0.6484
CSV,CT,1,0,30,64,0,212.192,-12.6102,0.1758
CSV,CT,1,0,31,64,0,219.043,-11.9345,0.2773
CSV,CT,1,0,32,64,0,225.913,-11.6433,0.5508
CSV,CT,1,0,33,64,0,232.772,-11.6460,0.8047
CSV,CT,1,0,34,64,0,239.593,-12.3368,0.5117
CSV,CT,1,0,35,64,0,246.430,-12.2548,0.3242
CSV,CT,1,0,36,64,0,253.272,-11.8495,0.4766
CSV,CT,1,0,37,64,0,260.102,-11.6538,0.7422
CSV,CT,1,0,38,64,0,266.934,-12.1953,0.5820
CSV,CT,1,0,39,64,0,273.789,-12.4829,0.2500
CSV,CT,1,0,40,64,0,280.643,-11.8480,0.4102
CSV,CT,1,0,41,64,0,287.487,-11.6543,0.6758
CSV,CT,1,0,42,64,0,294.329,-12.1654,0.5195
CSV,CT,1,0,43,64,0,301.173,-11.9765,0.5312
CSV,CT,1,0,44,64,0,308.026,-11.9227,0.5977
CSV,CT,1,0,45,64,0,314.875,-12.2317,0.4570
CSV,CT,1,0,46,64,0,321.700,-11.9456,0.5352
CSV,CT,1,0,47,64,0,328.544,-12.0176,0.5312
CSV,CT,1,0,48,64,0,335.394,-12.1989,0.3906
CSV,CT,1,0,49,64,0,342.225,-12.0080,0.4023
CSV,CT,1,0,50,64,0,349.061,-11.9232,0.4688
CSV,CT,1,0,51,64,0,355.920,-11.7593,0.6719
CSV,CT,1,0,52,64,0,362.773,-11.9344,0.7266
CSV,CT,1,0,53,64,0,369.599,-12.3021,0.5156
CSV,CT,1,0,54,64,0,376.430,-12.1314,0.4609
CSV,CT,1,0,55,64,0,383.277,-12.0938,0.3984
CSV,CT,1,0,56,64,0,390.097,-11.8186,0.5391
CSV,CT,1,0,57,64,0,396.929,-11.8379,0.6680
CSV,CT,1,0,58,64,0,403.784,-12.2749,0.4492
CSV,CT,1,0,59,64,0,410.614,-12.2302,0.3281
CSV,CT,1,0,60,64,0,417.438,-12.0036,0.3359
CSV,CT,1,0,61,64,0,424.290,-11.6443,0.6133
CSV,CT,1,0,62,64,0,431.146,-11.7277,0.8008
CSV,CT,1,0,63,64,0,437.997,-12.1764,0.6484
CSV,CT,1,0,64,64,0,444.812,-12.4353,0.3125
CSV,CT,1,0,65,64,0,451.675,-12.0455,0.3398
CSV,CT,1,0,66,64,0,458.520,-11.9239,0.4062
CSV,CT,1,0,67,64,0,465.369,-11.7534,0.6094
CSV,CT,1,0,68,64,0,472.199,-12.0143,0.5938
CSV,CT,1,0,69,64,0,479.048,-12.1987,0.4570
CSV,CT,1,0,70,64,0,485.912,-12.0677,0.3984
CSV,CT,1,0,71,64,0,492.775,-11.7133,0.6094
CSV,CT,1,0,72,64,0,499.607,-12.0089,0.5938
CSV,CT,1,0,73,64,0,506.437,-12.0863,0.5234
CSV,CT,1,0,74,64,0,513.282,-12.2006,0.3906
CSV,CT,1,0,75,64,0,520.135,-12.0378,0.4023
CSV,CT,1,0,76,64,0,526.969,-11.8893,0.4688
CSV,CT,1,0,77,64,0,533.808,-11.7191,0.6719
CSV,CT,1,0,78,64,0,540.658,-12.2543,0.4492
CSV,CT,1,0,79,64,0,547.516,-11.8767,0.5352
CSV,CT,1,0,80,64,0,554.346,-12.0108,0.5312
CSV,CT,1,0,81,64,0,561.179,-12.2240,0.3906
CSV,CT,1,0,82,64,0,568.034,-11.9408,0.4727
CSV,CT,1,0,83,64,0,574.893,-11.9478,0.5352
CSV,CT,1,0,84,64,0,581.715,-12.0756,0.4609
CSV,CT,1,0,85,64,0,588.546,-12.0719,0.3984
CSV,CT,1,0,86,64,0,595.395,-11.7111,0.6094
CSV,CT,1,0,87,64,0,602.223,-12.1562,0.4570
CSV,CT,1,0,88,64,0,609.065,-12.2306,0.3281
CSV,CT,1,0,89,64,0,615.917,-11.8594,0.4062
CSV,CT,1,0,90,64,0,622.773,-11.6803,0.6094
CSV,CT,1,0,91,64,0,629.602,-12.0409,0.5938
CSV,CT,1,0,92,64,0,636.437,-12.3394,0.3164
CSV,CT,1,0,93,64,0,643.279,-12.0757,0.2695
CSV,CT,1,0,94,64,0,650.117,-11.7151,0.4805
CSV,CT,1,0,95,64,0,656.942,-11.5011,0.8086
CSV,CT,1,0,96,64,0,663.795,-12.0260,0.7852
CSV,CT,1,0,97,64,0,670.650,-12.5073,0.4414
CSV,CT,1,0,98,64,0,677.507,-12.3245,0.2578
CSV,CT,1,0,99,64,0,684.337,-11.9420,0.3438
CSV,CT,1,0,100,64,0,691.173,-11.5314,0.6836
CSV,CT,1,0,101,64,0,698.021,-11.9298,0.7266
CSV,CT,1,0,102,64,0,704.834,-12.3899,0.4453
CSV,CT,1,0,103,64,0,711.691,-12.3460,0.1914
CSV,CT,1,0,104,64,0,718.535,-11.8114,0.3477
CSV,CT,1,0,105,64,0,725.391,-11.3200,0.8203
CSV,CT,1,0,106,64,0,732.212,-11.9782,0.7852
CSV,CT,1,0,107,64,0,739.053,-12.6141,0.3047
CSV,CT,1,0,108,64,0,745.911,-12.3589,0.0625
CSV,CT,1,0,109,64,0,752.765,-11.4312,0.4961
CSV,CT,1,0,110,64,0,759.599,-11.3891,0.9453
CSV,CT,1,0,111,64,0,766.430,-12.3100,0.7070
CSV,CT,1,0,112,64,0,773.281,-12.6506,0.2383
CSV,CT,1,0,113,64,0,780.134,-12.2416,0.0664
CSV,CT,1,0,114,64,0,786.958,-11.4140,0.4961
CSV,CT,1,0,115,64,0,793.798,-11.4638,0.8789
CSV,CT,1,0,116,64,0,800.659,-12.2858,0.6406
CSV,CT,1,0,117,64,0,807.509,-12.6259,0.1758
CSV,CT,1,0,118,64,0,814.339,-11.8584,0.3477
CSV,CT,1,0,119,64,0,821.173,-11.5125,0.6836
CSV,CT,1,0,120,64,0,828.020,-11.9451,0.7266
CSV,CT,1,0,121,64,0,834.840,-12.2846,0.5156
CSV,CT,1,0,122,64,0,841.691,-12.0847,0.4609
CSV,CT,1,0,123,64,0,848.541,-11.7813,0.6055
CSV,CT,1,0,124,64,0,855.389,-11.9819,0.5938
CSV,CT,1,0,125,64,0,862.212,-12.0161,0.5938
CSV,CT,1,0,126,64,0,869.048,-12.1071,0.5234
CSV,CT,1,0,127,64,0,875.911,-12.1011,0.4609
CSV,CT,1,0,128,64,0,882.753,-11.9169,0.5352
CSV,CT,1,0,129,64,0,889.592,-11.8976,0.5977
CSV,CT,1,0,130,64,0,896.432,-11.9107,0.6641
CSV,CT,1,0,131,64,0,903.282,-12.1947,0.5195
CSV,CT,1,0,132,64,0,910.142,-12.1238,0.4609
CSV,CT,1,0,133,64,0,916.971,-11.9693,0.4648
CSV,CT,1,0,134,64,0,923.811,-12.0053,0.4648
CSV,CT,1,0,135,64,0,930.657,-11.8096,0.6016
CSV,CT,1,0,136,64,0,937.508,-11.9513,0.6641
CSV,CT,1,0,137,64,0,944.337,-12.3462,0.3828
CSV,CT,1,0,138,64,0,951.173,-12.0834,0.3320
CSV,CT,1,0,139,64,0,958.023,-11.7533,0.5430
CSV,CT,1,0,140,64,0,964.839,-12.1938,0.3906
CSV,CT,1,0,141,64,0,971.692,-11.7329,0.6094
CSV,CT,1,0,142,64,0,978.541,-12.0289,0.5938
CSV,CT,1,0,143,64,0,985.392,-11.8837,0.6641
CSV,CT,1,0,144,64,0,992.210,-12.0786,0.5898
CSV,CT,1,0,145,64,0,999.050,-12.0780,0.5234
CSV,CT,1,0,146,64,0,1005.913,-12.0469,0.4609
CSV,CT,1,0,147,64,0,1012.773,-11.7783,0.6055
CSV,CT,1,0,148,64,0,1019.608,-11.8899,0.6641
CSV,CT,1,0,149,64,0,1026.434,-12.1723,0.5195
CSV,CT,1,0,150,64,0,1033.285,-12.3129,0.3242
CSV,CT,1,0,151,64,0,1040.147,-11.9026,0.4062
CSV,CT,1,0,152,64,0,1046.992,-11.8246,0.5391
CSV,CT,1,0,153,64,0,1053.810,-11.8114,0.6680
CSV,CT,1,0,154,64,0,1060.659,-12.1604,0.5195
CSV,CT,1,0,155,64,0,1067.515,-11.9992,0.5312
CSV,CT,1,0,156,64,0,1074.347,-11.9747,0.5312
CSV,CT,1,0,157,64,0,1081.175,-11.9817,0.5312
CSV,CT,1,0,158,64,0,1088.030,-12.1057,0.4609
CSV,CT,1,0,159,64,0,1094.880,-11.8607,0.5352
CSV,CT,1,0,160,64,0,1101.708,-11.9363,0.5977
CSV,CT,1,0,161,64,0,1108.544,-12.1859,0.4570
CSV,CT,1,0,162,64,0,1115.396,-12.2353,0.2578
CSV,CT,1,0,163,64,0,1122.232,-11.7097,0.4805
CSV,CT,1,0,164,64,0,1129.070,-11.5893,0.7422
CSV,CT,1,0,165,64,0,1135.923,-12.0765,0.6523
CSV,CT,1,0,166,64,0,1142.775,-12.4023,0.3828
CSV,CT,1,0,167,64,0,1149.610,-12.2516,0.1953
CSV,CT,1,0,168,64,0,1156.439,-11.6329,0.4844
CSV,CT,1,0,169,64,0,1163.297,-11.7293,0.6719
CSV,CT,1,0,170,64,0,1170.166,-12.0545,0.5898
CSV,CT,1,0,171,64,0,1177.021,-12.2525,0.3867
CSV,CT,1,0,172,64,0,1183.834,-12.0553,0.3320
CSV,CT,1,0,173,64,0,1190.691,-11.9639,0.3359
CSV,CT,1,0,174,64,0,1197.539,-11.5193,0.6836
CSV,CT,1,0,175,64,0,1204.389,-11.7422,0.8633
CSV,CT,1,0,176,64,0,1211.223,-12.3679,0.5742
CSV,CT,1,0,177,64,0,1218.065,-12.7324,0.0508
CSV,CT,1,0,178,64,0,1224.912,-11.9573,0.0898
CSV,CT,1,0,179,64,0,1231.769,-11.1532,0.7070
CSV,CT,1,0,180,64,0,1238.602,-11.3483,0.9492
CSV,CT,1,0,181,64,0,1245.438,-12.2725,0.7109
CSV,CT,1,0,182,64,0,1252.283,-12.7635,0.1758
CSV,CT,1,0,183,64,0,1259.137,-12.1961,0.0742
CSV,CT,1,0,184,64,0,1265.966,-11.3112,0.5664
CSV,CT,1,0,185,64,0,1272.808,-11.6386,0.8086
CSV,CT,1,0,186,64,0,1279.661,-12.3011,0.5820
CSV,CT,1,0,187,64,0,1286.520,-12.0997,0.5273
CSV,CT,1,0,188,64,0,1293.360,-12.0661,0.4648
CSV,CT,1,0,189,64,0,1300.178,-12.0927,0.3984
CSV,CT,1,0,190,64,0,1307.034,-11.9972,0.4062
CSV,CT,1,0,191,64,0,1313.887,-11.7911,0.5430
CSV,CT,1,0,192,64,0,1320.713,-11.5722,0.8789
CSV,CT,1,0,193,64,0,1327.549,-12.3882,0.5781
CSV,CT,1,0,194,64,0,1334.415,-12.3331,0.3203
CSV,CT,1,0,195,64,0,1341.238,-11.9202,0.4102
CSV,CT,1,0,196,64,0,1348.069,-11.7797,0.5430
CSV,CT,1,0,197,64,0,1354.920,-12.0017,0.5312
CSV,CT,1,0,198,64,0,1361.779,-11.9747,0.5312
CSV,CT,1,0,199,64,0,1368.610,-12.0084,0.5312
CSV,CT,1,0,200,64,0,1375.438,-12.1898,0.3945
CSV,CT,1,0,201,64,0,1382.290,-11.8761,0.4727
CSV,CT,1,0,202,64,0,1389.148,-11.6201,0.7461
CSV,CT,1,0,203,64,0,1395.992,-12.1941,0.5859
CSV,CT,1,0,204,64,0,1402.812,-12.3615,0.3203
CSV,CT,1,0,205,64,0,1409.665,-11.9454,0.4102
CSV,CT,1,0,206,64,0,1416.519,-11.7138,0.6133
CSV,CT,1,0,207,64,0,1423.347,-11.7124,0.8047
CSV,CT,1,0,208,64,0,1430.178,-12.4282,0.4453
CSV,CT,1,0,209,64,0,1437.038,-12.4572,0.1250
CSV,CT,1,0,210,64,0,1443.889,-11.6128,0.4258
CSV,CT,1,0,211,64,0,1450.707,-11.3066,0.8867
CSV,CT,1,0,212,64,0,1457.548,-12.2006,0.7148
CSV,CT,1,0,213,64,0,1464.395,-12.6075,0.3125
CSV,CT,1,0,214,64,0,1471.228,-12.1724,0.2031
CSV,CT,1,0,215,64,0,1478.068,-11.5010,0.5586
CSV,CT,1,0,216,64,0,1484.917,-11.7534,0.7383
CSV,CT,1,0,217,64,0,1491.773,-12.1964,0.5859
CSV,CT,1,0,218,64,0,1498.603,-12.4245,0.2539
CSV,CT,1,0,219,64,0,1505.434,-11.8232,0.4141
CSV,CT,1,0,220,64,0,1512.278,-11.8102,0.5430
CSV,CT,1,0,221,64,0,1519.100,-11.8310,0.6719
CSV,CT,1,0,222,64,0,1525.934,-12.0589,0.5938
CSV,CT,1,0,223,64,0,1532.793,-12.1738,0.4609
CSV,CT,1,0,224,64,0,1539.648,-12.0729,0.3984
CSV,CT,1,0,225,64,0,1546.496,-12.1018,0.3359
CSV,CT,1,0,226,64,0,1553.328,-11.5883,0.6172
CSV,CT,1,0,227,64,0,1560.171,-11.8021,0.7344
CSV,CT,1,0,228,64,0,1567.026,-12.2419,0.5195
CSV,CT,1,0,229,64,0,1573.879,-12.4356,0.1875
CSV,CT,1,0,230,64,0,1580.700,-11.5940,0.4883
CSV,CT,1,0,231,64,0,1587.542,-11.4767,0.8828
CSV,CT,1,0,232,64,0,1594.394,-12.1783,0.7148
CSV,CT,1,0,233,64,0,1601.228,-12.7062,0.1758
CSV,CT,1,0,234,64,0,1608.069,-11.9612,0.2148
CSV,CT,1,0,235,64,0,1614.925,-11.3072,0.6953
CSV,CT,1,0,236,64,0,1621.782,-11.8146,0.7969
CSV,CT,1,0,237,64,0,1628.616,-12.4953,0.4453
CSV,CT,1,0,238,64,0,1635.437,-12.5490,0.0547
CSV,CT,1,0,239,64,0,1642.282,-11.6670,0.3594
CSV,CT,1,0,240,64,0,1649.136,-11.1593,0.9492
CSV,CT,1,0,241,64,0,1655.960,-12.1866,0.7695
CSV,CT,1,0,242,64,0,1662.800,-12.6842,0.2969
CSV,CT,1,0,243,64,0,1669.656,-12.1535,0.1953
CSV,CT,1,0,244,64,0,1676.503,-11.7250,0.4102
CSV,CT,1,0,245,64,0,1683.334,-11.6893,0.6016
CSV,CT,1,0,246,64,0,1690.172,-11.7773,0.7227
CSV,CT,1,0,247,64,0,1697.020,-12.3095,0.5078
CSV,CT,1,0,248,64,0,1703.835,-12.3209,0.3164
CSV,CT,1,0,249,64,0,1710.691,-12.2380,0.1250
CSV,CT,1,0,250,64,0,1717.534,-11.5946,0.4141
CSV,CT,1,0,251,64,0,1724.391,-11.1506,0.9492
CSV,CT,1,0,252,64,0,1731.210,-12.0320,0.9062
CSV,CT,1,0,253,64,0,1738.047,-12.7536,0.3555
CSV,CT,1,0,254,64,0,1744.905,-12.2448,0.1875
CSV,CT,1,0,255,64,0,1751.750,-11.5708,0.5469
CSV,CT,1,0,256,64,0,1758.589,-11.7276,0.7305
CSV,CT,1,0,257,64,0,1765.430,-11.9940,0.7148
CSV,CT,1,0,258,64,0,1772.282,-12.3337,0.4375
CSV,CT,1,0,259,64,0,1779.099,-12.2806,0.2539
CSV,CT,1,0,260,64,0,1785.927,-11.6909,0.4727
CSV,CT,1,0,261,64,0,1792.779,-11.6001,0.7344
CSV,CT,1,0,262,64,0,1799.614,-11.9672,0.7148
CSV,CT,1,0,263,64,0,1806.452,-12.3932,0.4375
CSV,CT,1,0,264,64,0,1813.296,-12.0344,0.4609
CSV,CT,1,0,265,64,0,1820.149,-12.0068,0.4570
CSV,CT,1,0,266,64,0,1826.993,-11.8894,0.5273
CSV,CT,1,0,267,64,0,1833.815,-12.0206,0.5234
CSV,CT,1,0,268,64,0,1840.671,-12.2032,0.3867
CSV,CT,1,0,269,64,0,1847.520,-12.0099,0.3945
CSV,CT,1,0,270,64,0,1854.360,-11.6159,0.6719
CSV,CT,1,0,271,64,0,1861.181,-12.2186,0.5117
CSV,CT,1,0,272,64,0,1868.040,-12.2952,0.3164
CSV,CT,1,0,273,64,0,1874.894,-11.8251,0.4688
CSV,CT,1,0,274,64,0,1881.711,-11.9015,0.5273
CSV,CT,1,0,275,64,0,1888.547,-12.0325,0.5234
CSV,CT,1,0,276,64,0,1895.397,-12.3617,0.2461
CSV,CT,1,0,277,64,0,1902.228,-11.7967,0.4062
CSV,CT,1,0,278,64,0,1909.068,-11.7258,0.6016
CSV,CT,1,0,279,64,0,1915.925,-12.0201,0.5859
CSV,CT,1,0,280,64,0,1922.783,-12.1153,0.5195
CSV,CT,1,0,281,64,0,1929.620,-12.0810,0.4531
CSV,CT,1,0,282,64,0,1936.455,-12.1681,0.3203
CSV,CT,1,0,283,64,0,1943.302,-11.7566,0.5391
CSV,CT,1,0,284,64,0,1950.169,-11.9322,0.5898
CSV,CT,1,0,285,64,0,1957.023,-12.1503,0.4492
CSV,CT,1,0,286,64,0,1963.840,-12.2005,0.3203
CSV,CT,1,0,287,64,0,1970.692,-11.6771,0.5391
CSV,CT,1,0,288,64,0,1977.539,-11.5262,0.8672
CSV,CT,1,0,289,64,0,1984.384,-12.3464,0.5664
CSV,CT,1,0,290,64,0,1991.205,-12.4434,0.2422
CSV,CT,1,0,291,64,0,1998.047,-11.9306,0.3359
CSV,CT,1,0,292,64,0,2004.904,-11.4289,0.7422
CSV,CT,1,0,293,64,0,2011.753,-11.9882,0.7148
CSV,CT,1,0,294,64,0,2018.584,-12.2655,0.5078
CSV,CT,1,0,295,64,0,2025.433,-12.0964,0.4531
CSV,CT,1,0,296,64,0,2032.281,-11.9430,0.5273
CSV,CT,1,0,297,64,0,2039.119,-12.0109,0.5234
CSV,CT,1,0,298,64,0,2045.943,-11.9027,0.5898
CSV,CT,1,0,299,64,0,2052.798,-12.1220,0.5195
CSV,CT,1,0,300,64,0,2059.648,-12.1457,0.3867
CSV,CT,1,0,301,64,0,2066.504,-12.1069,0.3242
CSV,CT,1,0,302,64,0,2073.339,-11.8838,0.3984
CSV,CT,1,0,303,64,0,2080.176,-11.8365,0.5312
CSV,CT,1,0,304,64,0,2087.029,-12.0314,0.5234
CSV,CT,1,0,305,64,0,2093.894,-11.9133,0.5898
CSV,CT,1,0,306,64,0,2100.714,-11.8658,0.6562
CSV,CT,1,0,307,64,0,2107.546,-12.3297,0.3750
CSV,CT,1,0,308,64,0,2114.399,-12.1254,0.3281
CSV,CT,1,0,309,64,0,2121.237,-11.8179,0.4688
CSV,CT,1,0,310,64,0,2128.069,-12.0134,0.4570
CSV,CT,1,0,311,64,0,2134.918,-11.9482,0.5273
CSV,CT,1,0,312,64,0,2141.770,-11.9863,0.5234
CSV,CT,1,0,313,64,0,2148.604,-12.2316,0.3867
CSV,CT,1,0,314,64,0,2155.434,-11.8867,0.4648
CSV,CT,1,0,315,64,0,2162.286,-12.0791,0.3906
CSV,CT,1,0,316,64,0,2169.146,-12.0147,0.3945
CSV,CT,1,0,317,64,0,2175.991,-11.8963,0.4648
CSV,CT,1,0,318,64,0,2182.815,-11.8191,0.5977
CSV,CT,1,0,319,64,0,2189.666,-11.9287,0.6562
CSV,CT,1,0,320,64,0,2196.526,-12.4457,0.3047
CSV,CT,1,0,321,64,0,2203.378,-12.2014,0.1914
CSV,CT,1,0,322,64,0,2210.205,-11.7378,0.4102
CSV,CT,1,0,323,64,0,2217.049,-11.5511,0.7383
CSV,CT,1,0,324,64,0,2223.914,-12.0124,0.7148
CSV,CT,1,0,325,64,0,2230.771,-12.3161,0.5078
CSV,CT,1,0,326,64,0,2237.602,-12.4436,0.1797
CSV,CT,1,0,327,64,0,2244.437,-11.6317,0.4805
CSV,CT,1,0,328,64,0,2251.282,-11.7230,0.6641
CSV,CT,1,0,329,64,0,2258.141,-11.8398,0.7891
CSV,CT,1,0,330,64,0,2264.979,-12.3885,0.5039
CSV,CT,1,0,331,64,0,2271.815,-12.5415,0.1094
CSV,CT,1,0,332,64,0,2278.665,-11.8417,0.2773
CSV,CT,1,0,333,64,0,2285.521,-11.6792,0.4727
CSV,CT,1,0,334,64,0,2292.372,-11.5290,0.8008
CSV,CT,1,0,335,64,0,2299.187,-12.1698,0.6406
CSV,CT,1,0,336,64,0,2306.043,-12.4599,0.3047
CSV,CT,1,0,337,64,0,2312.913,-12.0981,0.2617
CSV,CT,1,0,338,64,0,2319.771,-11.4636,0.6797
CSV,CT,1,0,339,64,0,2326.599,-11.8415,0.7891
CSV,CT,1,0,340,64,0,2333.430,-12.1584,0.6406
CSV,CT,1,0,341,64,0,2340.281,-12.2132,0.5117
CSV,CT,1,0,342,64,0,2347.100,-12.1405,0.4531
CSV,CT,1,0,343,64,0,2353.930,-11.9809,0.4570
CSV,CT,1,0,344,64,0,2360.789,-11.8699,0.5273
CSV,CT,1,0,345,64,0,2367.646,-11.9739,0.5234
CSV,CT,1,0,346,64,0,2374.487,-12.2468,0.3164
CSV,CT,1,0,347,64,0,2381.329,-12.0801,0.2617
CSV,CT,1,0,348,64,0,2388.170,-11.3877,0.7500
CSV,CT,1,0,349,64,0,2395.031,-11.8316,0.8516
CSV,CT,1,0,350,64,0,2401.885,-12.6270,0.3594
CSV,CT,1,0,351,64,0,2408.710,-12.2491,0.1875
CSV,CT,1,0,352,64,0,2415.546,-11.3661,0.6836
CSV,CT,1,0,353,64,0,2422.394,-11.9607,0.6484
CSV,CT,1,0,354,64,0,2429.228,-12.2691,0.4453
CSV,CT,1,0,355,64,0,2436.064,-12.1039,0.3906
CSV,CT,1,0,356,64,0,2442.923,-11.8898,0.4648
CSV,CT,1,0,357,64,0,2449.774,-11.8130,0.5977
CSV,CT,1,0,358,64,0,2456.609,-12.0098,0.5859
CSV,CT,1,0,359,64,0,2463.434,-11.9826,0.5859
CSV,CT,1,0,360,64,0,2470.283,-12.1408,0.4492
CSV,CT,1,0,361,64,0,2477.137,-11.9169,0.5273
CSV,CT,1,0,362,64,0,2483.967,-12.2878,0.3164
CSV,CT,1,0,363,64,0,2490.811,-11.8170,0.4688
CSV,CT,1,0,364,64,0,2497.664,-12.0146,0.4570
CSV,CT,1,0,365,64,0,2504.520,-12.1663,0.3203
CSV,CT,1,0,366,64,0,2511.360,-11.7074,0.5391
CSV,CT,1,0,367,64,0,2518.184,-11.8241,0.6602
CSV,CT,1,0,368,64,0,2525.047,-12.2607,0.4453
CSV,CT,1,0,369,64,0,2531.903,-12.0937,0.3906
CSV,CT,1,0,370,64,0,2538.733,-11.8829,0.4648
CSV,CT,1,0,371,64,0,2545.553,-11.6575,0.7344
CSV,CT,1,0,372,64,0,2552.416,-12.1379,0.6445
CSV,CT,1,0,373,64,0,2559.239,-12.2814,0.4453
CSV,CT,1,0,374,64,0,2566.069,-12.1412,0.3203
CSV,CT,1,0,375,64,0,2572.923,-11.5954,0.6055
CSV,CT,1,0,376,64,0,2579.778,-11.8097,0.7227
CSV,CT,1,0,377,64,0,2586.612,-12.0694,0.6445
CSV,CT,1,0,378,64,0,2593.438,-12.4254,0.3047
CSV,CT,1,0,379,64,0,2600.295,-12.0989,0.2617
CSV,CT,1,0,380,64,0,2607.153,-11.7340,0.4727
CSV,CT,1,0,381,64,0,2614.001,-11.5814,0.7344
CSV,CT,1,0,382,64,0,2620.821,-12.0392,0.7148
CSV,CT,1,0,383,64,0,2627.664,-12.4278,0.3711
CSV,CT,1,0,384,64,0,2634.520,-12.3100,0.1875
CSV,CT,1,0,385,64,0,2641.356,-11.6888,0.4102
CSV,CT,1,0,386,64,0,2648.178,-11.8078,0.5312
CSV,CT,1,0,387,64,0,2655.034,-11.8273,0.6602
CSV,CT,1,0,388,64,0,2661.879,-12.0249,0.6523
CSV,CT,1,0,389,64,0,2668.701,-12.1449,0.5117
CSV,CT,1,0,390,64,0,2675.546,-12.3166,0.3164
CSV,CT,1,0,391,64,0,2682.394,-12.0826,0.2617
CSV,CT,1,0,392,64,0,2689.222,-11.7209,0.4727
CSV,CT,1,0,393,64,0,2696.057,-11.5697,0.8008
CSV,CT,1,0,394,64,0,2702.913,-12.2663,0.5703
CSV,CT,1,0,395,64,0,2709.770,-12.4280,0.2422
CSV,CT,1,0,396,64,0,2716.603,-11.9470,0.3359
CSV,CT,1,0,397,64,0,2723.432,-11.7756,0.4688
CSV,CT,1,0,398,64,0,2730.287,-11.9458,0.5273
CSV,CT,1,0,399,64,0,2737.147,-12.0746,0.4531
CSV,CT,1,0,400,64,0,2743.992,-12.1919,0.3203
CSV,CT,1,0,401,64,0,2750.815,-11.8283,0.4688
CSV,CT,1,0,402,64,0,2757.661,-11.9933,0.4570
CSV,CT,1,0,403,64,0,2764.527,-12.2374,0.2500
CSV,CT,1,0,404,64,0,2771.377,-11.8908,0.3359
CSV,CT,1,0,405,64,0,2778.203,-11.4838,0.7422
CSV,CT,1,0,406,64,0,2785.048,-12.0988,0.6445
CSV,CT,1,0,407,64,0,2791.911,-12.1871,0.5117
CSV,CT,1,0,408,64,0,2798.757,-12.2345,0.3164
CSV,CT,1,0,409,64,0,2805.592,-11.7394,0.5391
CSV,CT,1,0,410,64,0,2812.430,-11.7342,0.7305
CSV,CT,1,0,411,64,0,2819.278,-12.2702,0.5078
CSV,CT,1,0,412,64,0,2826.099,-12.3403,0.2461
CSV,CT,1,0,413,64,0,2832.930,-11.9553,0.2656
CSV,CT,1,0,414,64,0,2839.790,-11.5117,0.6094
CSV,CT,1,0,415,64,0,2846.642,-11.7068,0.7930
CSV,CT,1,0,416,64,0,2853.479,-12.4510,0.4336
CSV,CT,1,0,417,64,0,2860.329,-12.1180,0.3906
CSV,CT,1,0,418,64,0,2867.171,-11.6309,0.6719
CSV,CT,1,0,419,64,0,2874.021,-12.0236,0.6484
CSV,CT,1,0,420,64,0,2880.836,-12.3791,0.3750
CSV,CT,1,0,421,64,0,2887.692,-12.0530,0.3281
CSV,CT,1,0,422,64,0,2894.541,-11.5714,0.6758
CSV,CT,1,0,423,64,0,2901.395,-11.8537,0.7891
CSV,CT,1,0,424,64,0,2908.223,-12.6470,0.2969
CSV,CT,1,0,425,64,0,2915.062,-12.1763,0.1953
CSV,CT,1,0,426,64,0,2921.918,-11.5402,0.5469
CSV,CT,1,0,427,64,0,2928.776,-11.7898,0.6602
CSV,CT,1,0,428,64,0,2935.604,-12.1681,0.5117
CSV,CT,1,0,429,64,0,2942.437,-12.3683,0.2461
CSV,CT,1,0,430,64,0,2949.283,-11.8639,0.3359
CSV,CT,1,0,431,64,0,2956.143,-11.6402,0.6055
CSV,CT,1,0,432,64,0,2962.992,-12.0009,0.5859
CSV,CT,1,0,433,64,0,2969.811,-12.1241,0.5195
CSV,CT,1,0,434,64,0,2976.668,-12.2663,0.3164
CSV,CT,1,0,435,64,0,2983.531,-11.6203,0.6055
CSV,CT,1,0,436,64,0,2990.384,-11.8046,0.7227
CSV,CT,1,0,437,64,0,2997.210,-12.3928,0.4375
CSV,CT,1,0,438,64,0,3004.049,-12.0352,0.4609
CSV,CT,1,0,439,64,0,3010.911,-11.8576,0.5977
CSV,CT,1,0,440,64,0,3017.771,-11.9611,0.5859
CSV,CT,1,0,441,64,0,3024.604,-12.3263,0.3789
CSV,CT,1,0,442,64,0,3031.436,-12.0940,0.3242
CSV,CT,1,0,443,64,0,3038.281,-11.8499,0.4688
CSV,CT,1,0,444,64,0,3045.102,-11.9249,0.5273
CSV,CT,1,0,445,64,0,3051.932,-11.8129,0.6602
CSV,CT,1,0,446,64,0,3058.792,-12.1622,0.5117
CSV,CT,1,0,447,64,0,3065.650,-12.0931,0.4531
CSV,CT,1,0,448,64,0,3072.510,-11.9437,0.5273
CSV,CT,1,0,449,64,0,3079.343,-11.8904,0.5898
CSV,CT,1,0,450,64,0,3086.174,-11.8441,0.7227
CSV,CT,1,0,451,64,0,3093.026,-12.1902,0.5781
CSV,CT,1,0,452,64,0,3099.877,-12.3582,0.3125
CSV,CT,1,0,453,64,0,3106.700,-12.0359,0.3320
CSV,CT,1,0,454,64,0,3113.543,-11.6496,0.6055
CSV,CT,1,0,455,64,0,3120.389,-11.5323,0.9297
CSV,CT,1,0,456,64,0,3127.228,-12.3537,0.6289
CSV,CT,1,0,457,64,0,3134.063,-12.5113,0.3086
CSV,CT,1,0,458,64,0,3140.925,-12.0823,0.2617
CSV,CT,1,0,459,64,0,3147.779,-11.7786,0.4062
CSV,CT,1,0,460,64,0,3154.611,-11.4406,0.8086
CSV,CT,1,0,461,64,0,3161.440,-12.1503,0.6406
CSV,CT,1,0,462,64,0,3168.293,-12.2968,0.4453
CSV,CT,1,0,463,64,0,3175.165,-12.2765,0.2539
CSV,CT,1,0,464,64,0,3182.018,-11.8684,0.3359
CSV,CT,1,0,465,64,0,3188.831,-11.2542,0.8828
CSV,CT,1,0,466,64,0,3195.680,-11.9779,0.8438
CSV,CT,1,0,467,64,0,3202.535,-12.5825,0.4297
CSV,CT,1,0,468,64,0,3209.392,-12.1787,0.3203
CSV,CT,1,0,469,64,0,3216.210,-11.8989,0.3984
CSV,CT,1,0,470,64,0,3223.049,-11.6126,0.6719
CSV,CT,1,0,471,64,0,3229.911,-11.8877,0.7188
CSV,CT,1,0,472,64,0,3236.775,-12.2545,0.5078
CSV,CT,1,0,473,64,0,3243.610,-12.2062,0.3867
CSV,CT,1,0,474,64,0,3250.434,-11.9818,0.3945
CSV,CT,1,0,475,64,0,3257.281,-11.8699,0.4648
CSV,CT,1,0,476,64,0,3264.136,-11.8836,0.5273
CSV,CT,1,0,477,64,0,3270.973,-11.9251,0.5898
CSV,CT,1,0,478,64,0,3277.815,-12.1426,0.4492
CSV,CT,1,0,479,64,0,3284.661,-12.1928,0.3203
CSV,CT,1,0,480,64,0,3291.513,-11.5823,0.6055
CSV,CT,1,0,481,64,0,3298.357,-11.8288,0.7227
CSV,CT,1,0,482,64,0,3305.181,-12.2965,0.5078
CSV,CT,1,0,483,64,0,3312.038,-12.2183,0.3867
CSV,CT,1,0,484,64,0,3318.894,-12.0538,0.3242
CSV,CT,1,0,485,64,0,3325.712,-11.7529,0.5391
CSV,CT,1,0,486,64,0,3332.547,-11.9561,0.5234
CSV,CT,1,0,487,64,0,3339.394,-12.0812,0.4531
CSV,CT,1,0,488,64,0,3346.233,-11.9886,0.4570
CSV,CT,1,0,489,64,0,3353.069,-11.9320,0.5273
CSV,CT,1,0,490,64,0,3359.925,-12.0235,0.5234
CSV,CT,1,0,491,64,0,3366.784,-12.3170,0.3164
CSV,CT,1,0,492,64,0,3373.617,-11.8144,0.4688
CSV,CT,1,0,493,64,0,3380.447,-11.6007,0.7344
CSV,CT,1,0,494,64,0,3387.297,-12.2946,0.5078
CSV,CT,1,0,495,64,0,3394.151,-12.4851,0.1797
CSV,CT,1,0,496,64,0,3401.001,-11.8818,0.2734
CSV,CT,1,0,497,64,0,3407.821,-11.4141,0.6797
CSV,CT,1,0,498,64,0,3414.680,-11.7385,0.8555
CSV,CT,1,0,499,64,0,3421.528,-12.5116,0.5000
CSV,C,1,1,10.0,0.002,1295,3360,0.502,0.750,0.15,6794991.50,6827846.00,6859187.50,6852954.0,64,6835.0,0
CSV,CT,1,1,500,64,0
CSV,CT,1,1,0,64,0,6.863,-0.0000,0.9492
CSV,CT,1,1,1,64,0,13.682,-1.8619,0.9492
CSV,CT,1,1,2,64,0,20.500,-3.5663,0.9492
CSV,CT,1,1,3,64,0,27.306,-5.1132,0.9492
CSV,CT,1,1,4,64,0,34.129,-6.5068,0.9492
CSV,CT,1,1,5,64,0,40.975,-7.7597,0.9492
CSV,CT,1,1,6,64,0,47.784,-8.9710,0.9492
CSV,CT,1,1,7,64,0,54.616,-10.0560,0.9492
CSV,CT,1,1,8,64,0,61.458,-11.0249,0.9492
CSV,CT,1,1,9,64,0,68.269,-11.9458,0.9492
CSV,CT,1,1,10,64,0,75.116,-12.7641,0.3945
CSV,CT,1,1,11,64,0,81.955,-12.3777,0.1562
CSV,CT,1,1,12,64,0,88.769,-11.6631,0.4531
CSV,CT,1,1,13,64,0,95.602,-11.4853,0.7773
CSV,CT,1,1,14,64,0,102.438,-12.1003,0.6836
CSV,CT,1,1,15,64,0,109.247,-12.3635,0.4141
CSV,CT,1,1,16,64,0,116.096,-12.1294,0.3633
CSV,CT,1,1,17,64,0,122.904,-11.7939,0.5039
CSV,CT,1,1,18,64,0,129.745,-11.6336,0.7695
CSV,CT,1,1,19,64,0,136.587,-12.1462,0.6133
CSV,CT,1,1,20,64,0,143.407,-12.3768,0.3477
CSV,CT,1,1,21,64,0,150.240,-12.1111,0.3008
CSV,CT,1,1,22,64,0,157.077,-11.9245,0.3711
CSV,CT,1,1,23,64,0,163.880,-11.6356,0.6445
CSV,CT,1,1,24,64,0,170.719,-11.9969,0.6250
CSV,CT,1,1,25,64,0,177.528,-12.2528,0.4180
CSV,CT,1,1,26,64,0,184.363,-11.9055,0.5000
CSV,CT,1,1,27,64,0,191.189,-11.6471,0.7695
CSV,CT,1,1,28,64,0,198.007,-12.1529,0.6133
CSV,CT,1,1,29,64,0,204.851,-12.2946,0.4180
CSV,CT,1,1,30,64,0,211.670,-12.0349,0.4336
CSV,CT,1,1,31,64,0,218.499,-12.0042,0.4297
CSV,CT,1,1,32,64,0,225.306,-11.8866,0.5000
CSV,CT,1,1,33,64,0,232.129,-11.6912,0.7031
CSV,CT,1,1,34,64,0,238.980,-12.1415,0.5508
CSV,CT,1,1,35,64,0,245.802,-12.1038,0.4922
CSV,CT,1,1,36,64,0,252.616,-12.0091,0.4961
CSV,CT,1,1,37,64,0,259.453,-12.0141,0.4961
CSV,CT,1,1,38,64,0,266.261,-12.0776,0.4258
CSV,CT,1,1,39,64,0,273.107,-12.1037,0.3633
CSV,CT,1,1,40,64,0,279.949,-11.7126,0.5742
CSV,CT,1,1,41,64,0,286.763,-11.8905,0.6289
CSV,CT,1,1,42,64,0,293.601,-12.2921,0.4180
CSV,CT,1,1,43,64,0,300.420,-12.0923,0.3633
CSV,CT,1,1,44,64,0,307.243,-11.7911,0.5039
CSV,CT,1,1,45,64,0,314.077,-11.8705,0.5625
CSV,CT,1,1,46,64,0,320.884,-12.0053,0.5586
CSV,CT,1,1,47,64,0,327.732,-12.3351,0.2852
CSV,CT,1,1,48,64,0,334.576,-11.8299,0.4414
CSV,CT,1,1,49,64,0,341.395,-11.6950,0.6367
CSV,CT,1,1,50,64,0,348.242,-11.8139,0.7617
CSV,CT,1,1,51,64,0,355.076,-12.4310,0.4062
CSV,CT,1,1,52,64,0,361.877,-12.4288,0.0859
CSV,CT,1,1,53,64,0,368.717,-11.5282,0.4570
CSV,CT,1,1,54,64,0,375.528,-11.6577,0.7070
CSV,CT,1,1,55,64,0,382.367,-12.3464,0.4102
CSV,CT,1,1,56,64,0,389.217,-12.2628,0.2266
CSV,CT,1,1,57,64,0,396.036,-11.5255,0.5820
CSV,CT,1,1,58,64,0,402.863,-11.8060,0.6953
CSV,CT,1,1,59,64,0,409.680,-12.3356,0.4102
CSV,CT,1,1,60,64,0,416.501,-11.9511,0.5000
CSV,CT,1,1,61,64,0,423.316,-11.9600,0.4961
CSV,CT,1,1,62,64,0,430.138,-12.1772,0.3555
CSV,CT,1,1,63,64,0,436.980,-11.7772,0.5039
CSV,CT,1,1,64,64,0,443.784,-11.7700,0.6328
CSV,CT,1,1,65,64,0,450.615,-11.8828,0.6914
CSV,CT,1,1,66,64,0,457.453,-12.1057,0.6172
CSV,CT,1,1,67,64,0,464.270,-12.3130,0.4180
CSV,CT,1,1,68,64,0,471.116,-12.2885,0.2266
CSV,CT,1,1,69,64,0,477.957,-11.7888,0.3750
CSV,CT,1,1,70,64,0,484.771,-11.4195,0.7812
CSV,CT,1,1,71,64,0,491.611,-12.1270,0.6797
CSV,CT,1,1,72,64,0,498.447,-12.3644,0.4102
CSV,CT,1,1,73,64,0,505.257,-12.0668,0.3633
CSV,CT,1,1,74,64,0,512.095,-11.7657,0.5039
CSV,CT,1,1,75,64,0,518.896,-11.6408,0.7695
CSV,CT,1,1,76,64,0,525.728,-11.8561,0.8867
CSV,CT,1,1,77,64,0,532.577,-12.5910,0.4648
CSV,CT,1,1,78,64,0,539.398,-12.4272,0.1523
CSV,CT,1,1,79,64,0,546.243,-11.9158,0.2422
CSV,CT,1,1,80,64,0,553.089,-11.1758,0.8594
CSV,CT,1,1,81,64,0,559.899,-11.8470,0.9492
CSV,CT,1,1,82,64,0,566.739,-12.7031,0.4570
CSV,CT,1,1,83,64,0,573.579,-12.5305,0.0781
CSV,CT,1,1,84,64,0,580.398,-11.7108,0.3125
CSV,CT,1,1,85,64,0,587.239,-11.5278,0.6445
CSV,CT,1,1,86,64,0,594.075,-11.8691,0.6875
CSV,CT,1,1,87,64,0,600.881,-12.1554,0.5469
CSV,CT,1,1,88,64,0,607.717,-12.2372,0.3477
CSV,CT,1,1,89,64,0,614.529,-12.0399,0.3633
CSV,CT,1,1,90,64,0,621.361,-11.8922,0.4336
CSV,CT,1,1,91,64,0,628.170,-11.9928,0.4258
CSV,CT,1,1,92,64,0,634.996,-11.9375,0.4961
CSV,CT,1,1,93,64,0,641.838,-11.9171,0.5586
CSV,CT,1,1,94,64,0,648.660,-12.0472,0.4844
CSV,CT,1,1,95,64,0,655.499,-11.7757,0.6289
CSV,CT,1,1,96,64,0,662.310,-12.1876,0.4805
CSV,CT,1,1,97,64,0,669.133,-12.2661,0.2852
CSV,CT,1,1,98,64,0,675.983,-11.7680,0.4375
CSV,CT,1,1,99,64,0,682.803,-11.5790,0.7031
CSV,CT,1,1,100,64,0,689.614,-11.8265,0.8203
CSV,CT,1,1,101,64,0,696.455,-12.4136,0.5352
CSV,CT,1,1,102,64,0,703.274,-12.3257,0.3477
CSV,CT,1,1,103,64,0,710.116,-11.9727,0.3633
CSV,CT,1,1,104,64,0,716.963,-11.6197,0.6367
CSV,CT,1,1,105,64,0,723.770,-11.7743,0.7578
CSV,CT,1,1,106,64,0,730.607,-12.3042,0.5391
CSV,CT,1,1,107,64,0,737.447,-12.1959,0.4180
CSV,CT,1,1,108,64,0,744.259,-12.1549,0.2891
CSV,CT,1,1,109,64,0,751.102,-11.8447,0.4375
CSV,CT,1,1,110,64,0,757.903,-11.5887,0.7031
CSV,CT,1,1,111,64,0,764.734,-12.1645,0.5430
CSV,CT,1,1,112,64,0,771.575,-12.0069,0.5547
CSV,CT,1,1,113,64,0,778.398,-12.0985,0.4844
CSV,CT,1,1,114,64,0,785.239,-12.1866,0.3516
CSV,CT,1,1,115,64,0,792.073,-12.0553,0.2930
CSV,CT,1,1,116,64,0,798.884,-11.5437,0.6445
CSV,CT,1,1,117,64,0,805.731,-11.6756,0.8242
CSV,CT,1,1,118,64,0,812.576,-12.3640,0.5352
CSV,CT,1,1,119,64,0,819.398,-12.3691,0.2812
CSV,CT,1,1,120,64,0,826.243,-11.9533,0.3008
CSV,CT,1,1,121,64,0,833.085,-11.5097,0.6445
CSV,CT,1,1,122,64,0,839.891,-11.9404,0.6875
CSV,CT,1,1,123,64,0,846.725,-12.4259,0.3398
CSV,CT,1,1,124,64,0,853.560,-12.0942,0.2930
CSV,CT,1,1,125,64,0,860.398,-11.8483,0.4375
CSV,CT,1,1,126,64,0,867.242,-11.9537,0.4258
CSV,CT,1,1,127,64,0,874.087,-11.6804,0.6328
CSV,CT,1,1,128,64,0,880.900,-11.8596,0.6875
CSV,CT,1,1,129,64,0,887.736,-12.3560,0.4062
CSV,CT,1,1,130,64,0,894.574,-11.8819,0.4961
CSV,CT,1,1,131,64,0,901.398,-11.9534,0.4883
CSV,CT,1,1,132,64,0,908.239,-12.0760,0.4219
CSV,CT,1,1,133,64,0,915.071,-11.9841,0.4258
CSV,CT,1,1,134,64,0,921.879,-11.7174,0.6328
CSV,CT,1,1,135,64,0,928.720,-12.0724,0.5508
CSV,CT,1,1,136,64,0,935.527,-12.1887,0.4180
CSV,CT,1,1,137,64,0,942.359,-11.9093,0.4961
CSV,CT,1,1,138,64,0,949.170,-11.9424,0.5586
CSV,CT,1,1,139,64,0,955.998,-12.3384,0.2773
CSV,CT,1,1,140,64,0,962.838,-11.8946,0.3672
CSV,CT,1,1,141,64,0,969.658,-11.6641,0.6367
CSV,CT,1,1,142,64,0,976.495,-12.0227,0.6172
CSV,CT,1,1,143,64,0,983.310,-12.3842,0.3438
CSV,CT,1,1,144,64,0,990.132,-12.2667,0.1562
CSV,CT,1,1,145,64,0,996.981,-11.6483,0.4453
CSV,CT,1,1,146,64,0,1003.782,-11.5598,0.7695
CSV,CT,1,1,147,64,0,1010.616,-12.0807,0.6758
CSV,CT,1,1,148,64,0,1017.454,-12.4385,0.3398
CSV,CT,1,1,149,64,0,1024.258,-12.2571,0.1562
CSV,CT,1,1,150,64,0,1031.097,-11.4887,0.5156
CSV,CT,1,1,151,64,0,1037.909,-11.5924,0.7656
CSV,CT,1,1,152,64,0,1044.749,-12.1100,0.6758
CSV,CT,1,1,153,64,0,1051.591,-12.2269,0.5430
CSV,CT,1,1,154,64,0,1058.402,-12.4529,0.2109
CSV,CT,1,1,155,64,0,1065.238,-12.0291,0.2344
CSV,CT,1,1,156,64,0,1072.090,-11.5218,0.5781
CSV,CT,1,1,157,64,0,1078.900,-11.5627,0.8984
CSV,CT,1,1,158,64,0,1085.737,-12.4696,0.5273
CSV,CT,1,1,159,64,0,1092.577,-12.3460,0.2773
CSV,CT,1,1,160,64,0,1099.397,-11.9296,0.3672
CSV,CT,1,1,161,64,0,1106.239,-11.7297,0.5664
CSV,CT,1,1,162,64,0,1113.078,-12.0555,0.4844
CSV,CT,1,1,163,64,0,1119.883,-12.0248,0.4883
CSV,CT,1,1,164,64,0,1126.728,-11.8467,0.6289
CSV,CT,1,1,165,64,0,1133.559,-12.4032,0.3438
CSV,CT,1,1,166,64,0,1140.394,-11.8907,0.4297
CSV,CT,1,1,167,64,0,1147.239,-11.6343,0.7031
CSV,CT,1,1,168,64,0,1154.073,-11.9683,0.6797
CSV,CT,1,1,169,64,0,1160.879,-12.3333,0.4062
CSV,CT,1,1,170,64,0,1167.715,-12.2498,0.2188
CSV,CT,1,1,171,64,0,1174.530,-11.8134,0.3711
CSV,CT,1,1,172,64,0,1181.370,-11.4123,0.7734
CSV,CT,1,1,173,64,0,1188.218,-11.9110,0.8125
CSV,CT,1,1,174,64,0,1195.043,-12.6099,0.3281
CSV,CT,1,1,175,64,0,1201.871,-12.0829,0.2930
CSV,CT,1,1,176,64,0,1208.721,-11.5680,0.6406
CSV,CT,1,1,177,64,0,1215.530,-11.7255,0.8242
CSV,CT,1,1,178,64,0,1222.371,-12.4122,0.5352
CSV,CT,1,1,179,64,0,1229.218,-12.5005,0.2109
CSV,CT,1,1,180,64,0,1236.042,-11.8623,0.3047
CSV,CT,1,1,181,64,0,1242.871,-11.6060,0.5742
CSV,CT,1,1,182,64,0,1249.711,-11.7626,0.7617
CSV,CT,1,1,183,64,0,1256.523,-12.3243,0.5391
CSV,CT,1,1,184,64,0,1263.360,-12.2122,0.4180
CSV,CT,1,1,185,64,0,1270.168,-12.3168,0.2188
CSV,CT,1,1,186,64,0,1277.001,-11.6624,0.5078
CSV,CT,1,1,187,64,0,1283.845,-11.8151,0.6250
CSV,CT,1,1,188,64,0,1290.667,-12.1046,0.5469
CSV,CT,1,1,189,64,0,1297.500,-12.4276,0.2109
CSV,CT,1,1,190,64,0,1304.314,-11.7058,0.4414
CSV,CT,1,1,191,64,0,1311.139,-11.6409,0.6992
CSV,CT,1,1,192,64,0,1317.983,-12.0631,0.6133
CSV,CT,1,1,193,64,0,1324.798,-12.4508,0.2734
CSV,CT,1,1,194,64,0,1331.617,-11.8768,0.3672
CSV,CT,1,1,195,64,0,1338.458,-11.6787,0.5664
CSV,CT,1,1,196,64,0,1345.270,-11.9330,0.6211
CSV,CT,1,1,197,64,0,1352.115,-12.1814,0.4805
CSV,CT,1,1,198,64,0,1358.973,-11.9021,0.5586
CSV,CT,1,1,199,64,0,1365.781,-11.9720,0.5547
CSV,CT,1,1,200,64,0,1372.614,-12.0977,0.4844
CSV,CT,1,1,201,64,0,1379.453,-12.0046,0.4883
CSV,CT,1,1,202,64,0,1386.260,-12.0092,0.4883
CSV,CT,1,1,203,64,0,1393.109,-12.1610,0.3516
CSV,CT,1,1,204,64,0,1399.950,-11.8536,0.5000
CSV,CT,1,1,205,64,0,1406.762,-11.8647,0.5586
CSV,CT,1,1,206,64,0,1413.601,-12.0863,0.4844
CSV,CT,1,1,207,64,0,1420.418,-12.3212,0.2812
CSV,CT,1,1,208,64,0,1427.244,-11.8708,0.3672
CSV,CT,1,1,209,64,0,1434.087,-11.4035,0.7734
CSV,CT,1,1,210,64,0,1440.895,-11.8761,0.8125
CSV,CT,1,1,211,64,0,1447.735,-12.2818,0.6016
CSV,CT,1,1,212,64,0,1454.582,-12.3218,0.4102
CSV,CT,1,1,213,64,0,1461.400,-12.1181,0.3555
CSV,CT,1,1,214,64,0,1468.242,-11.7508,0.5664
CSV,CT,1,1,215,64,0,1475.090,-11.6869,0.7578
CSV,CT,1,1,216,64,0,1481.895,-12.1357,0.6758
CSV,CT,1,1,217,64,0,1488.731,-12.3404,0.4062
CSV,CT,1,1,218,64,0,1495.575,-12.3178,0.2188
CSV,CT,1,1,219,64,0,1502.397,-11.5460,0.5781
CSV,CT,1,1,220,64,0,1509.242,-12.0058,0.5508
CSV,CT,1,1,221,64,0,1516.088,-12.0676,0.4844
CSV,CT,1,1,222,64,0,1522.885,-12.1859,0.3516
CSV,CT,1,1,223,64,0,1529.727,-11.6941,0.5664
CSV,CT,1,1,224,64,0,1536.561,-12.1412,0.4141
CSV,CT,1,1,225,64,0,1543.395,-12.0432,0.4258
CSV,CT,1,1,226,64,0,1550.238,-11.8621,0.4922
CSV,CT,1,1,227,64,0,1557.074,-11.8483,0.6250
CSV,CT,1,1,228,64,0,1563.883,-11.9235,0.6875
CSV,CT,1,1,229,64,0,1570.726,-12.2043,0.5430
CSV,CT,1,1,230,64,0,1577.561,-12.5176,0.1406
CSV,CT,1,1,231,64,0,1584.392,-11.8799,0.2383
CSV,CT,1,1,232,64,0,1591.241,-11.4134,0.6445
CSV,CT,1,1,233,64,0,1598.073,-11.8529,0.7539
CSV,CT,1,1,234,64,0,1604.885,-12.3781,0.4688
CSV,CT,1,1,235,64,0,1611.725,-11.9782,0.4883
CSV,CT,1,1,236,64,0,1618.527,-11.8037,0.6250
CSV,CT,1,1,237,64,0,1625.359,-11.9137,0.6836
CSV,CT,1,1,238,64,0,1632.191,-12.1046,0.6133
CSV,CT,1,1,239,64,0,1639.011,-12.5180,0.2031
CSV,CT,1,1,240,64,0,1645.859,-11.7901,0.3711
CSV,CT,1,1,241,64,0,1652.680,-11.7214,0.5664
CSV,CT,1,1,242,64,0,1659.501,-11.9852,0.5508
CSV,CT,1,1,243,64,0,1666.335,-12.1694,0.4141
CSV,CT,1,1,244,64,0,1673.159,-12.0117,0.4258
CSV,CT,1,1,245,64,0,1679.995,-11.9275,0.4922
CSV,CT,1,1,246,64,0,1686.836,-11.7294,0.6953
CSV,CT,1,1,247,64,0,1693.661,-12.2056,0.5430
CSV,CT,1,1,248,64,0,1700.499,-12.0424,0.5547
CSV,CT,1,1,249,64,0,1707.310,-12.1035,0.4844
CSV,CT,1,1,250,64,0,1714.136,-12.1901,0.3516
CSV,CT,1,1,251,64,0,1720.983,-11.8499,0.5000
CSV,CT,1,1,252,64,0,1727.805,-11.9532,0.4883
CSV,CT,1,1,253,64,0,1734.617,-11.9900,0.4883
CSV,CT,1,1,254,64,0,1741.457,-12.0852,0.4180
CSV,CT,1,1,255,64,0,1748.269,-11.8064,0.5625
CSV,CT,1,1,256,64,0,1755.117,-11.8552,0.6914
CSV,CT,1,1,257,64,0,1761.963,-11.9614,0.6797
CSV,CT,1,1,258,64,0,1768.771,-12.1501,0.5430
CSV,CT,1,1,259,64,0,1775.607,-12.3242,0.3477
CSV,CT,1,1,260,64,0,1782.453,-12.0023,0.3594
CSV,CT,1,1,261,64,0,1789.260,-11.8545,0.4961
CSV,CT,1,1,262,64,0,1796.107,-12.1028,0.4180
CSV,CT,1,1,263,64,0,1802.949,-12.2111,0.2852
CSV,CT,1,1,264,64,0,1809.766,-11.8706,0.3633
CSV,CT,1,1,265,64,0,1816.604,-11.4058,0.7734
CSV,CT,1,1,266,64,0,1823.437,-11.8782,0.8125
CSV,CT,1,1,267,64,0,1830.244,-12.5813,0.3945
CSV,CT,1,1,268,64,0,1837.086,-12.1474,0.2852
CSV,CT,1,1,269,64,0,1843.892,-11.6875,0.5039
CSV,CT,1,1,270,64,0,1850.740,-11.6859,0.6953
CSV,CT,1,1,271,64,0,1857.577,-11.9567,0.6797
CSV,CT,1,1,272,64,0,1864.394,-12.2910,0.4727
CSV,CT,1,1,273,64,0,1871.241,-12.1520,0.3516
CSV,CT,1,1,274,64,0,1878.076,-12.0234,0.3594
CSV,CT,1,1,275,64,0,1884.889,-11.8741,0.4297
CSV,CT,1,1,276,64,0,1891.728,-11.5555,0.7695
CSV,CT,1,1,277,64,0,1898.567,-11.8346,0.8828
CSV,CT,1,1,278,64,0,1905.398,-12.6300,0.3906
CSV,CT,1,1,279,64,0,1912.243,-12.5844,0.0469
CSV,CT,1,1,280,64,0,1919.088,-11.5785,0.3516
CSV,CT,1,1,281,64,0,1925.897,-11.3162,0.8125
CSV,CT,1,1,282,64,0,1932.730,-11.6774,0.9492
CSV,CT,1,1,283,64,0,1939.576,-12.6045,0.5195
CSV,CT,1,1,284,64,0,1946.398,-12.4686,0.2070
CSV,CT,1,1,285,64,0,1953.239,-11.7448,0.4375
CSV,CT,1,1,286,64,0,1960.073,-11.7988,0.5586
CSV,CT,1,1,287,64,0,1966.880,-11.9367,0.6172
CSV,CT,1,1,288,64,0,1973.719,-12.1864,0.4766
CSV,CT,1,1,289,64,0,1980.530,-12.3254,0.2812
CSV,CT,1,1,290,64,0,1987.364,-11.9129,0.3633
CSV,CT,1,1,291,64,0,1994.209,-11.4159,0.7695
CSV,CT,1,1,292,64,0,2001.027,-12.0349,0.7422
CSV,CT,1,1,293,64,0,2007.867,-12.5140,0.3984
CSV,CT,1,1,294,64,0,2014.711,-12.0870,0.3516
CSV,CT,1,1,295,64,0,2021.528,-11.9044,0.4258
CSV,CT,1,1,296,64,0,2028.361,-11.4961,0.7656
CSV,CT,1,1,297,64,0,2035.190,-11.7826,0.8789
CSV,CT,1,1,298,64,0,2042.008,-12.6716,0.3867
CSV,CT,1,1,299,64,0,2048.849,-12.3224,0.2148
CSV,CT,1,1,300,64,0,2055.667,-11.5209,0.5742
CSV,CT,1,1,301,64,0,2062.499,-11.9503,0.6172
CSV,CT,1,1,302,64,0,2069.309,-12.2885,0.4062
CSV,CT,1,1,303,64,0,2076.133,-12.2988,0.2148
CSV,CT,1,1,304,64,0,2082.980,-11.5023,0.5742
CSV,CT,1,1,305,64,0,2089.802,-11.8368,0.6875
CSV,CT,1,1,306,64,0,2096.617,-12.2666,0.4727
CSV,CT,1,1,307,64,0,2103.460,-12.2485,0.2773
CSV,CT,1,1,308,64,0,2110.274,-11.8416,0.4297
CSV,CT,1,1,309,64,0,2117.112,-11.8285,0.5586
CSV,CT,1,1,310,64,0,2123.955,-11.9063,0.6172
CSV,CT,1,1,311,64,0,2130.767,-12.1881,0.4766
CSV,CT,1,1,312,64,0,2137.606,-12.0272,0.4844
CSV,CT,1,1,313,64,0,2144.437,-11.7586,0.6914
CSV,CT,1,1,314,64,0,2151.249,-11.9607,0.6758
CSV,CT,1,1,315,64,0,2158.087,-12.1921,0.5391
CSV,CT,1,1,316,64,0,2164.896,-12.2387,0.3438
CSV,CT,1,1,317,64,0,2171.735,-12.0143,0.3594
CSV,CT,1,1,318,64,0,2178.582,-11.4768,0.7695
CSV,CT,1,1,319,64,0,2185.402,-12.1271,0.6719
CSV,CT,1,1,320,64,0,2192.242,-12.4804,0.3320
CSV,CT,1,1,321,64,0,2199.075,-12.0262,0.3594
CSV,CT,1,1,322,64,0,2205.880,-11.5782,0.6328
CSV,CT,1,1,323,64,0,2212.718,-11.8847,0.6836
CSV,CT,1,1,324,64,0,2219.530,-12.2264,0.5391
CSV,CT,1,1,325,64,0,2226.364,-12.3935,0.2734
CSV,CT,1,1,326,64,0,2233.218,-11.7039,0.5000
CSV,CT,1,1,327,64,0,2240.038,-11.9105,0.5547
CSV,CT,1,1,328,64,0,2246.871,-12.2792,0.3438
CSV,CT,1,1,329,64,0,2253.717,-11.8094,0.4961
CSV,CT,1,1,330,64,0,2260.527,-11.7680,0.6211
CSV,CT,1,1,331,64,0,2267.365,-12.0001,0.6133
CSV,CT,1,1,332,64,0,2274.215,-12.1824,0.4766
CSV,CT,1,1,333,64,0,2281.030,-11.9326,0.5547
CSV,CT,1,1,334,64,0,2287.865,-12.0025,0.5508
CSV,CT,1,1,335,64,0,2294.686,-11.9460,0.6172
CSV,CT,1,1,336,64,0,2301.508,-12.3154,0.4062
CSV,CT,1,1,337,64,0,2308.339,-12.1131,0.3516
CSV,CT,1,1,338,64,0,2315.159,-12.0163,0.3555
CSV,CT,1,1,339,64,0,2321.999,-11.8981,0.4258
CSV,CT,1,1,340,64,0,2328.844,-11.6390,0.6953
CSV,CT,1,1,341,64,0,2335.663,-11.9435,0.7461
CSV,CT,1,1,342,64,0,2342.499,-12.3707,0.4648
CSV,CT,1,1,343,64,0,2349.307,-12.2275,0.3477
CSV,CT,1,1,344,64,0,2356.133,-11.8216,0.4961
CSV,CT,1,1,345,64,0,2362.984,-11.8377,0.6211
CSV,CT,1,1,346,64,0,2369.804,-11.8556,0.7500
CSV,CT,1,1,347,64,0,2376.617,-12.2609,0.5352
CSV,CT,1,1,348,64,0,2383.457,-12.3944,0.2734
CSV,CT,1,1,349,64,0,2390.270,-11.8860,0.3633
CSV,CT,1,1,350,64,0,2397.117,-11.6268,0.6328
CSV,CT,1,1,351,64,0,2403.964,-11.8119,0.7500
CSV,CT,1,1,352,64,0,2410.774,-12.1324,0.6719
CSV,CT,1,1,353,64,0,2417.608,-12.6642,0.1953
CSV,CT,1,1,354,64,0,2424.441,-11.9555,0.2305
CSV,CT,1,1,355,64,0,2431.253,-11.4519,0.6406
CSV,CT,1,1,356,64,0,2438.091,-11.7976,0.7500
CSV,CT,1,1,357,64,0,2444.900,-12.1769,0.6016
CSV,CT,1,1,358,64,0,2451.747,-12.4939,0.2695
CSV,CT,1,1,359,64,0,2458.590,-12.0686,0.2227
CSV,CT,1,1,360,64,0,2465.407,-11.5570,0.5742
CSV,CT,1,1,361,64,0,2472.239,-11.8082,0.6875
CSV,CT,1,1,362,64,0,2479.076,-12.3055,0.4688
CSV,CT,1,1,363,64,0,2485.879,-12.3462,0.2109
CSV,CT,1,1,364,64,0,2492.713,-11.7217,0.4336
CSV,CT,1,1,365,64,0,2499.527,-11.8680,0.4883
CSV,CT,1,1,366,64,0,2506.364,-11.9427,0.5547
CSV,CT,1,1,367,64,0,2513.211,-11.9525,0.6172
CSV,CT,1,1,368,64,0,2520.027,-12.3499,0.3359
CSV,CT,1,1,369,64,0,2526.864,-11.9359,0.4258
CSV,CT,1,1,370,64,0,2533.683,-11.6740,0.6289
CSV,CT,1,1,371,64,0,2540.507,-11.9431,0.6797
CSV,CT,1,1,372,64,0,2547.337,-12.3100,0.4688
CSV,CT,1,1,373,64,0,2554.160,-12.2876,0.2773
CSV,CT,1,1,374,64,0,2560.994,-11.9381,0.3633
CSV,CT,1,1,375,64,0,2567.837,-11.8565,0.4922
CSV,CT,1,1,376,64,0,2574.658,-11.7536,0.6914
CSV,CT,1,1,377,64,0,2581.490,-11.9884,0.6758
CSV,CT,1,1,378,64,0,2588.310,-12.3529,0.4023
CSV,CT,1,1,379,64,0,2595.138,-12.4171,0.1445
CSV,CT,1,1,380,64,0,2601.980,-11.8492,0.3008
CSV,CT,1,1,381,64,0,2608.802,-11.6537,0.5664
CSV,CT,1,1,382,64,0,2615.617,-11.8038,0.6875
CSV,CT,1,1,383,64,0,2622.460,-12.2435,0.4688
CSV,CT,1,1,384,64,0,2629.261,-12.3180,0.2773
CSV,CT,1,1,385,64,0,2636.116,-11.8748,0.3633
CSV,CT,1,1,386,64,0,2642.949,-11.4713,0.7695
CSV,CT,1,1,387,64,0,2649.769,-11.9984,0.7383
CSV,CT,1,1,388,64,0,2656.609,-12.6314,0.2578
CSV,CT,1,1,389,64,0,2663.453,-11.8932,0.3633
CSV,CT,1,1,390,64,0,2670.261,-11.6946,0.5625
CSV,CT,1,1,391,64,0,2677.117,-11.9016,0.6172
CSV,CT,1,1,392,64,0,2683.972,-12.0304,0.6133
CSV,CT,1,1,393,64,0,2690.782,-12.5088,0.2695
CSV,CT,1,1,394,64,0,2697.613,-11.9317,0.3633
CSV,CT,1,1,395,64,0,2704.454,-11.4294,0.7695
CSV,CT,1,1,396,64,0,2711.273,-12.0188,0.7383
CSV,CT,1,1,397,64,0,2718.114,-12.4720,0.3945
CSV,CT,1,1,398,64,0,2724.958,-12.2555,0.2148
CSV,CT,1,1,399,64,0,2731.770,-11.5394,0.5742
CSV,CT,1,1,400,64,0,2738.603,-11.8793,0.6172
CSV,CT,1,1,401,64,0,2745.422,-12.2197,0.4727
CSV,CT,1,1,402,64,0,2752.249,-12.0564,0.4141
CSV,CT,1,1,403,64,0,2759.090,-11.8771,0.4883
CSV,CT,1,1,404,64,0,2765.894,-11.8296,0.6211
CSV,CT,1,1,405,64,0,2772.732,-11.9694,0.6133
CSV,CT,1,1,406,64,0,2779.577,-11.9468,0.6797
CSV,CT,1,1,407,64,0,2786.400,-12.4026,0.3984
CSV,CT,1,1,408,64,0,2793.242,-12.1640,0.2812
CSV,CT,1,1,409,64,0,2800.074,-11.6152,0.5664
CSV,CT,1,1,410,64,0,2806.880,-11.6802,0.7539
CSV,CT,1,1,411,64,0,2813.721,-12.1288,0.6719
CSV,CT,1,1,412,64,0,2820.527,-12.4502,0.3320
CSV,CT,1,1,413,64,0,2827.365,-12.1175,0.2891
CSV,CT,1,1,414,64,0,2834.211,-11.8142,0.4297
CSV,CT,1,1,415,64,0,2841.028,-11.8014,0.5586
CSV,CT,1,1,416,64,0,2847.871,-11.9401,0.6172
CSV,CT,1,1,417,64,0,2854.716,-12.5166,0.1992
CSV,CT,1,1,418,64,0,2861.529,-11.8800,0.2969
CSV,CT,1,1,419,64,0,2868.360,-11.3252,0.7734
CSV,CT,1,1,420,64,0,2875.198,-11.9212,0.8086
CSV,CT,1,1,421,64,0,2882.008,-12.6199,0.3203
CSV,CT,1,1,422,64,0,2888.848,-12.1804,0.2188
CSV,CT,1,1,423,64,0,2895.671,-11.6894,0.4336
CSV,CT,1,1,424,64,0,2902.499,-11.6859,0.6250
CSV,CT,1,1,425,64,0,2909.312,-11.9236,0.6797
CSV,CT,1,1,426,64,0,2916.138,-12.2634,0.4688
CSV,CT,1,1,427,64,0,2922.983,-12.0952,0.4141
CSV,CT,1,1,428,64,0,2929.826,-12.1811,0.2812
CSV,CT,1,1,429,64,0,2936.651,-11.7489,0.5000
CSV,CT,1,1,430,64,0,2943.496,-11.4731,0.8984
CSV,CT,1,1,431,64,0,2950.309,-12.2316,0.7305
CSV,CT,1,1,432,64,0,2957.135,-12.5163,0.3281
CSV,CT,1,1,433,64,0,2963.981,-12.0804,0.2891
CSV,CT,1,1,434,64,0,2970.804,-11.6252,0.5664
CSV,CT,1,1,435,64,0,2977.632,-11.7775,0.6836
CSV,CT,1,1,436,64,0,2984.468,-12.1288,0.6055
CSV,CT,1,1,437,64,0,2991.280,-12.3904,0.3359
CSV,CT,1,1,438,64,0,2998.106,-12.3020,0.1484
CSV,CT,1,1,439,64,0,3004.945,-11.4730,0.5781
CSV,CT,1,1,440,64,0,3011.766,-11.7293,0.7539
CSV,CT,1,1,441,64,0,3018.606,-12.0717,0.6719
CSV,CT,1,1,442,64,0,3025.449,-12.5789,0.2617
CSV,CT,1,1,443,64,0,3032.260,-12.1494,0.1523
CSV,CT,1,1,444,64,0,3039.104,-11.5126,0.5078
CSV,CT,1,1,445,64,0,3045.947,-11.4062,0.8945
CSV,CT,1,1,446,64,0,3052.769,-12.2376,0.6602
CSV,CT,1,1,447,64,0,3059.603,-12.3744,0.3984
CSV,CT,1,1,448,64,0,3066.423,-12.1961,0.2812
CSV,CT,1,1,449,64,0,3073.243,-11.6420,0.5664
CSV,CT,1,1,450,64,0,3080.079,-11.7633,0.7539
CSV,CT,1,1,451,64,0,3086.885,-12.3354,0.4648
CSV,CT,1,1,452,64,0,3093.717,-12.1012,0.4141
CSV,CT,1,1,453,64,0,3100.530,-12.0970,0.3516
CSV,CT,1,1,454,64,0,3107.364,-11.7943,0.4922
CSV,CT,1,1,455,64,0,3114.215,-11.5137,0.8281
CSV,CT,1,1,456,64,0,3121.026,-11.9777,0.8047
CSV,CT,1,1,457,64,0,3127.864,-12.5788,0.3906
CSV,CT,1,1,458,64,0,3134.680,-12.3255,0.2148
CSV,CT,1,1,459,64,0,3141.502,-11.7026,0.4336
CSV,CT,1,1,460,64,0,3148.314,-11.4298,0.8320
CSV,CT,1,1,461,64,0,3155.140,-12.1978,0.6641
CSV,CT,1,1,462,64,0,3161.984,-12.3663,0.3984
CSV,CT,1,1,463,64,0,3168.807,-11.9505,0.4883
CSV,CT,1,1,464,64,0,3175.618,-11.8982,0.5508
CSV,CT,1,1,465,64,0,3182.458,-12.0312,0.5469
CSV,CT,1,1,466,64,0,3189.260,-12.3041,0.3398
CSV,CT,1,1,467,64,0,3196.104,-11.9849,0.3555
CSV,CT,1,1,468,64,0,3202.900,-11.6006,0.6289
CSV,CT,1,1,469,64,0,3209.746,-12.0249,0.6094
CSV,CT,1,1,470,64,0,3216.591,-12.0258,0.6094
CSV,CT,1,1,471,64,0,3223.407,-12.3571,0.3359
CSV,CT,1,1,472,64,0,3230.240,-12.2744,0.1484
CSV,CT,1,1,473,64,0,3237.077,-11.5962,0.4375
CSV,CT,1,1,474,64,0,3243.882,-11.6318,0.6953
CSV,CT,1,1,475,64,0,3250.720,-12.1373,0.6055
CSV,CT,1,1,476,64,0,3257.530,-12.3686,0.3359
CSV,CT,1,1,477,64,0,3264.374,-11.8931,0.4258
CSV,CT,1,1,478,64,0,3271.219,-11.6656,0.6953
CSV,CT,1,1,479,64,0,3278.039,-11.8757,0.7422
CSV,CT,1,1,480,64,0,3284.872,-12.3682,0.4648
CSV,CT,1,1,481,64,0,3291.714,-12.3719,0.2070
CSV,CT,1,1,482,64,0,3298.527,-11.7162,0.4336
CSV,CT,1,1,483,64,0,3305.365,-11.4134,0.8320
CSV,CT,1,1,484,64,0,3312.217,-12.0926,0.7344
CSV,CT,1,1,485,64,0,3319.032,-12.4489,0.3945
CSV,CT,1,1,486,64,0,3325.872,-12.1461,0.2812
CSV,CT,1,1,487,64,0,3332.717,-11.6868,0.4961
CSV,CT,1,1,488,64,0,3339.531,-11.9261,0.5508
CSV,CT,1,1,489,64,0,3346.366,-12.2347,0.3398
CSV,CT,1,1,490,64,0,3353.216,-12.0685,0.2852
CSV,CT,1,1,491,64,0,3360.038,-11.4685,0.7031
CSV,CT,1,1,492,64,0,3366.871,-11.8449,0.8125
CSV,CT,1,1,493,64,0,3373.711,-12.4608,0.4570
CSV,CT,1,1,494,64,0,3380.528,-12.2469,0.2773
CSV,CT,1,1,495,64,0,3387.359,-11.7824,0.4297
CSV,CT,1,1,496,64,0,3394.170,-11.7130,0.6250
CSV,CT,1,1,497,64,0,3401.002,-12.1422,0.4727
CSV,CT,1,1,498,64,0,3407.840,-12.2830,0.2773
CSV,CT,1,1,499,64,0,3414.662,-11.7824,0.4297
CSV,C,2,0,20.0,-0.007,1273,2867,0.506,0.688,0.15,6810679.00,6841798.00,6889871.00,6868254.5,64,6836.1,0
CSV,CT,2,0,500,64,0
CSV,CT,2,0,0,64,0,6.896,-0.0000,0.9492
CSV,CT,2,0,1,64,0,13.756,-1.8020,0.9492
CSV,CT,2,0,2,64,0,20.591,-3.4898,0.9492
CSV,CT,2,0,3,64,0,27.428,-5.1013,0.9492
CSV,CT,2,0,4,64,0,34.276,-6.4665,0.9492
CSV,CT,2,0,5,64,0,41.095,-7.6345,0.9492
CSV,CT,2,0,6,64,0,47.929,-8.8265,0.9492
CSV,CT,2,0,7,64,0,54.787,-9.9527,0.9492
CSV,CT,2,0,8,64,0,61.644,-10.8993,0.9492
CSV,CT,2,0,9,64,0,68.488,-11.8594,0.9492
CSV,CT,2,0,10,64,0,75.326,-12.8013,0.3203
CSV,CT,2,0,11,64,0,82.170,-12.5004,0.0508
CSV,CT,2,0,12,64,0,89.025,-11.5615,0.4180
CSV,CT,2,0,13,64,0,95.873,-11.3907,0.8047
CSV,CT,2,0,14,64,0,102.698,-12.1004,0.7070
CSV,CT,2,0,15,64,0,109.541,-12.6358,0.2305
CSV,CT,2,0,16,64,0,116.389,-11.9608,0.2656
CSV,CT,2,0,17,64,0,123.221,-11.4274,0.6797
CSV,CT,2,0,18,64,0,130.055,-11.6860,0.8555
CSV,CT,2,0,19,64,0,136.911,-12.4347,0.4961
CSV,CT,2,0,20,64,0,143.773,-12.3717,0.2461
CSV,CT,2,0,21,64,0,150.607,-11.7736,0.4023
CSV,CT,2,0,22,64,0,157.435,-11.6446,0.6680
CSV,CT,2,0,23,64,0,164.288,-12.0393,0.6484
CSV,CT,2,0,24,64,0,171.143,-12.4276,0.3047
CSV,CT,2,0,25,64,0,177.994,-12.0074,0.3281
CSV,CT,2,0,26,64,0,184.812,-11.5593,0.6719
CSV,CT,2,0,27,64,0,191.676,-12.1061,0.5820
CSV,CT,2,0,28,64,0,198.528,-12.5205,0.1719
CSV,CT,2,0,29,64,0,205.371,-12.0025,0.2031
CSV,CT,2,0,30,64,0,212.201,-11.3173,0.6836
CSV,CT,2,0,31,64,0,219.044,-11.5182,0.9492
CSV,CT,2,0,32,64,0,225.908,-12.3700,0.6523
CSV,CT,2,0,33,64,0,232.760,-12.6437,0.1875
CSV,CT,2,0,34,64,0,239.594,-12.0546,0.1523
CSV,CT,2,0,35,64,0,246.427,-11.5125,0.5039
CSV,CT,2,0,36,64,0,253.276,-11.6142,0.7539
CSV,CT,2,0,37,64,0,260.093,-12.0105,0.7344
CSV,CT,2,0,38,64,0,266.928,-12.6414,0.2539
CSV,CT,2,0,39,64,0,273.788,-11.9650,0.2852
CSV,CT,2,0,40,64,0,280.647,-11.7008,0.4922
CSV,CT,2,0,41,64,0,287.507,-11.9364,0.5469
CSV,CT,2,0,42,64,0,294.336,-12.2744,0.3359
CSV,CT,2,0,43,64,0,301.171,-11.9565,0.3516
CSV,CT,2,0,44,64,0,308.028,-11.5152,0.6953
CSV,CT,2,0,45,64,0,314.875,-11.9795,0.6680
CSV,CT,2,0,46,64,0,321.698,-12.4340,0.3242
CSV,CT,2,0,47,64,0,328.540,-11.9230,0.4180
CSV,CT,2,0,48,64,0,335.394,-11.6354,0.6914
CSV,CT,2,0,49,64,0,342.226,-11.9384,0.7383
CSV,CT,2,0,50,64,0,349.065,-12.3965,0.4570
CSV,CT,2,0,51,64,0,355.922,-12.4561,0.1328
CSV,CT,2,0,52,64,0,362.771,-11.6725,0.3633
CSV,CT,2,0,53,64,0,369.601,-11.3717,0.8320
CSV,CT,2,0,54,64,0,376.428,-12.0256,0.7969
CSV,CT,2,0,55,64,0,383.281,-12.6551,0.3164
CSV,CT,2,0,56,64,0,390.137,-12.0961,0.2812
CSV,CT,2,0,57,64,0,396.988,-11.5520,0.6289
CSV,CT,2,0,58,64,0,403.809,-11.9323,0.6758
CSV,CT,2,0,59,64,0,410.661,-11.9981,0.6719
CSV,CT,2,0,60,64,0,417.517,-12.3618,0.3945
CSV,CT,2,0,61,64,0,424.369,-12.2743,0.2070
CSV,CT,2,0,62,64,0,431.196,-11.6839,0.4297
CSV,CT,2,0,63,64,0,438.046,-11.5321,0.7578
CSV,CT,2,0,64,64,0,444.908,-11.9949,0.7344
CSV,CT,2,0,65,64,0,451.766,-12.4476,0.3906
CSV,CT,2,0,66,64,0,458.603,-11.9962,0.4141
CSV,CT,2,0,67,64,0,465.435,-12.0897,0.3438
CSV,CT,2,0,68,64,0,472.276,-11.8158,0.4883
CSV,CT,2,0,69,64,0,479.117,-11.5939,0.7539
CSV,CT,2,0,70,64,0,485.932,-12.0831,0.6641
CSV,CT,2,0,71,64,0,492.790,-12.3516,0.3945
CSV,CT,2,0,72,64,0,499.643,-11.9685,0.4141
CSV,CT,2,0,73,64,0,506.483,-11.7668,0.5508
CSV,CT,2,0,74,64,0,513.322,-11.8500,0.6797
CSV,CT,2,0,75,64,0,520.169,-12.2852,0.4648
CSV,CT,2,0,76,64,0,527.024,-12.1456,0.3398
CSV,CT,2,0,77,64,0,533.878,-11.9872,0.3516
CSV,CT,2,0,78,64,0,540.698,-11.6910,0.5586
CSV,CT,2,0,79,64,0,547.542,-11.6897,0.7500
CSV,CT,2,0,80,64,0,554.392,-12.0203,0.7344
CSV,CT,2,0,81,64,0,561.225,-12.3247,0.5273
CSV,CT,2,0,82,64,0,568.060,-12.2704,0.3359
CSV,CT,2,0,83,64,0,574.914,-11.9516,0.4180
CSV,CT,2,0,84,64,0,581.769,-11.7786,0.5508
CSV,CT,2,0,85,64,0,588.602,-11.7102,0.7500
CSV,CT,2,0,86,64,0,595.431,-12.0382,0.7344
CSV,CT,2,0,87,64,0,602.279,-12.4866,0.3906
CSV,CT,2,0,88,64,0,609.119,-12.0910,0.3477
CSV,CT,2,0,89,64,0,615.945,-11.5782,0.6250
CSV,CT,2,0,90,64,0,622.792,-11.7344,0.8125
CSV,CT,2,0,91,64,0,629.649,-12.4484,0.4531
CSV,CT,2,0,92,64,0,636.504,-11.9989,0.4805
CSV,CT,2,0,93,64,0,643.339,-11.8844,0.5469
CSV,CT,2,0,94,64,0,650.175,-11.7765,0.6797
CSV,CT,2,0,95,64,0,657.031,-11.9802,0.6719
CSV,CT,2,0,96,64,0,663.885,-12.1346,0.6016
CSV,CT,2,0,97,64,0,670.708,-12.3974,0.3320
CSV,CT,2,0,98,64,0,677.542,-12.2200,0.2109
CSV,CT,2,0,99,64,0,684.405,-11.6953,0.4297
CSV,CT,2,0,100,64,0,691.233,-11.3351,0.8945
CSV,CT,2,0,101,64,0,698.068,-12.2010,0.7227
CSV,CT,2,0,102,64,0,704.920,-12.7275,0.1836
CSV,CT,2,0,103,64,0,711.774,-12.0117,0.2227
CSV,CT,2,0,104,64,0,718.607,-11.5040,0.5664
CSV,CT,2,0,105,64,0,725.432,-11.6056,0.8164
CSV,CT,2,0,106,64,0,732.278,-12.3000,0.5898
CSV,CT,2,0,107,64,0,739.131,-12.3409,0.3320
CSV,CT,2,0,108,64,0,745.964,-11.6573,0.6250
CSV,CT,2,0,109,64,0,752.805,-11.7821,0.7422
CSV,CT,2,0,110,64,0,759.659,-12.2227,0.5977
CSV,CT,2,0,111,64,0,766.517,-12.5363,0.1914
CSV,CT,2,0,112,64,0,773.357,-12.0446,0.2227
CSV,CT,2,0,113,64,0,780.185,-11.5640,0.5664
CSV,CT,2,0,114,64,0,787.044,-11.8138,0.6797
CSV,CT,2,0,115,64,0,793.909,-11.9518,0.7383
CSV,CT,2,0,116,64,0,800.772,-12.5881,0.3203
CSV,CT,2,0,117,64,0,807.601,-12.1570,0.2148
CSV,CT,2,0,118,64,0,814.434,-11.7314,0.4297
CSV,CT,2,0,119,64,0,821.278,-11.5207,0.7578
CSV,CT,2,0,120,64,0,828.110,-11.9826,0.7344
CSV,CT,2,0,121,64,0,834.935,-12.4695,0.3906
CSV,CT,2,0,122,64,0,841.787,-12.0151,0.4141
CSV,CT,2,0,123,64,0,848.642,-11.9587,0.4141
CSV,CT,2,0,124,64,0,855.484,-12.0538,0.3438
CSV,CT,2,0,125,64,0,862.326,-11.8712,0.4180
CSV,CT,2,0,126,64,0,869.168,-11.8876,0.4844
CSV,CT,2,0,127,64,0,876.019,-11.7223,0.6836
CSV,CT,2,0,128,64,0,882.831,-11.8981,0.7383
CSV,CT,2,0,129,64,0,889.684,-12.3588,0.4570
CSV,CT,2,0,130,64,0,896.531,-12.2089,0.3398
CSV,CT,2,0,131,64,0,903.383,-11.8974,0.4180
CSV,CT,2,0,132,64,0,910.205,-11.7306,0.6211
CSV,CT,2,0,133,64,0,917.045,-11.8487,0.7422
CSV,CT,2,0,134,64,0,923.909,-12.1664,0.5977
CSV,CT,2,0,135,64,0,930.767,-12.2769,0.3984
CSV,CT,2,0,136,64,0,937.597,-11.9876,0.4141
CSV,CT,2,0,137,64,0,944.427,-12.0227,0.4141
CSV,CT,2,0,138,64,0,951.276,-12.0819,0.3438
CSV,CT,2,0,139,64,0,958.117,-11.5091,0.6953
CSV,CT,2,0,140,64,0,964.938,-11.8255,0.8086
CSV,CT,2,0,141,64,0,971.799,-12.5623,0.3867
CSV,CT,2,0,142,64,0,978.657,-12.1605,0.2773
CSV,CT,2,0,143,64,0,985.513,-11.7900,0.4258
CSV,CT,2,0,144,64,0,992.354,-11.7799,0.5508
CSV,CT,2,0,145,64,0,999.176,-12.0113,0.5430
CSV,CT,2,0,146,64,0,1006.044,-12.0756,0.4727
CSV,CT,2,0,147,64,0,1012.903,-11.9842,0.4766
CSV,CT,2,0,148,64,0,1019.750,-11.8387,0.6172
CSV,CT,2,0,149,64,0,1026.583,-12.0660,0.5391
CSV,CT,2,0,150,64,0,1033.427,-12.3629,0.2656
CSV,CT,2,0,151,64,0,1040.277,-12.0055,0.2852
CSV,CT,2,0,152,64,0,1047.095,-11.7115,0.4922
CSV,CT,2,0,153,64,0,1053.933,-11.6162,0.7539
CSV,CT,2,0,154,64,0,1060.789,-12.1631,0.5977
CSV,CT,2,0,155,64,0,1067.645,-12.2127,0.4688
CSV,CT,2,0,156,64,0,1074.505,-12.0329,0.4766
CSV,CT,2,0,157,64,0,1081.335,-11.8832,0.5469
CSV,CT,2,0,158,64,0,1088.170,-12.1958,0.4062
CSV,CT,2,0,159,64,0,1095.026,-12.0318,0.4141
CSV,CT,2,0,160,64,0,1101.874,-11.9122,0.4844
CSV,CT,2,0,161,64,0,1108.698,-11.9497,0.5469
CSV,CT,2,0,162,64,0,1115.541,-11.8973,0.6094
CSV,CT,2,0,163,64,0,1122.390,-11.9409,0.6758
CSV,CT,2,0,164,64,0,1129.222,-12.1589,0.5312
CSV,CT,2,0,165,64,0,1136.054,-12.1801,0.4062
CSV,CT,2,0,166,64,0,1142.908,-11.8113,0.5508
CSV,CT,2,0,167,64,0,1149.767,-11.9492,0.6094
CSV,CT,2,0,168,64,0,1156.596,-12.3146,0.3984
CSV,CT,2,0,169,64,0,1163.428,-11.9320,0.4844
CSV,CT,2,0,170,64,0,1170.278,-12.1200,0.4102
CSV,CT,2,0,171,64,0,1177.131,-11.9902,0.4141
CSV,CT,2,0,172,64,0,1183.961,-11.6646,0.6914
CSV,CT,2,0,173,64,0,1190.795,-12.1130,0.6016
CSV,CT,2,0,174,64,0,1197.647,-12.3469,0.3320
CSV,CT,2,0,175,64,0,1204.490,-12.0540,0.2812
CSV,CT,2,0,176,64,0,1211.327,-11.6916,0.4922
CSV,CT,2,0,177,64,0,1218.168,-11.9312,0.5469
CSV,CT,2,0,178,64,0,1225.018,-12.0008,0.5430
CSV,CT,2,0,179,64,0,1231.832,-12.1227,0.4727
CSV,CT,2,0,180,64,0,1238.688,-11.9983,0.4766
CSV,CT,2,0,181,64,0,1245.535,-11.9433,0.5469
CSV,CT,2,0,182,64,0,1252.388,-12.1320,0.4727
CSV,CT,2,0,183,64,0,1259.219,-11.8557,0.6172
CSV,CT,2,0,184,64,0,1266.058,-12.1717,0.4688
CSV,CT,2,0,185,64,0,1272.914,-12.1305,0.4102
CSV,CT,2,0,186,64,0,1279.769,-11.8236,0.5508
CSV,CT,2,0,187,64,0,1286.602,-11.8400,0.6797
CSV,CT,2,0,188,64,0,1293.435,-12.0706,0.6016
CSV,CT,2,0,189,64,0,1300.287,-12.4270,0.2617
CSV,CT,2,0,190,64,0,1307.142,-11.9755,0.2852
CSV,CT,2,0,191,64,0,1313.989,-11.3511,0.7695
CSV,CT,2,0,192,64,0,1320.804,-11.8269,0.8711
CSV,CT,2,0,193,64,0,1327.652,-12.5922,0.4492
CSV,CT,2,0,194,64,0,1334.510,-12.2790,0.2734
CSV,CT,2,0,195,64,0,1341.335,-11.7496,0.4922
CSV,CT,2,0,196,64,0,1348.171,-11.8470,0.6172
CSV,CT,2,0,197,64,0,1355.023,-12.1621,0.4688
CSV,CT,2,0,198,64,0,1361.873,-11.9426,0.5469
CSV,CT,2,0,199,64,0,1368.697,-12.1580,0.4062
CSV,CT,2,0,200,64,0,1375.546,-11.8201,0.5508
CSV,CT,2,0,201,64,0,1382.416,-11.9280,0.6094
CSV,CT,2,0,202,64,0,1389.244,-12.0578,0.5391
CSV,CT,2,0,203,64,0,1396.069,-12.2082,0.4062
CSV,CT,2,0,204,64,0,1402.920,-12.1936,0.2773
CSV,CT,2,0,205,64,0,1409.771,-11.7053,0.4922
CSV,CT,2,0,206,64,0,1416.601,-11.5536,0.8242
CSV,CT,2,0,207,64,0,1423.432,-11.8938,0.8672
CSV,CT,2,0,208,64,0,1430.278,-12.5073,0.5195
CSV,CT,2,0,209,64,0,1437.135,-12.4387,0.1992
CSV,CT,2,0,210,64,0,1443.965,-11.8085,0.3594
CSV,CT,2,0,211,64,0,1450.804,-11.4985,0.6953
CSV,CT,2,0,212,64,0,1457.663,-11.8741,0.7383
CSV,CT,2,0,213,64,0,1464.517,-12.2778,0.5273
CSV,CT,2,0,214,64,0,1471.357,-12.5880,0.1289
CSV,CT,2,0,215,64,0,1478.185,-11.7921,0.2969
CSV,CT,2,0,216,64,0,1485.044,-11.4539,0.6992
CSV,CT,2,0,217,64,0,1491.909,-11.6229,0.9453
CSV,CT,2,0,218,64,0,1498.772,-12.5837,0.5117
CSV,CT,2,0,219,64,0,1505.607,-12.7820,0.0508
CSV,CT,2,0,220,64,0,1512.433,-11.8518,0.2266
CSV,CT,2,0,221,64,0,1519.287,-11.2984,0.6992
CSV,CT,2,0,222,64,0,1526.143,-11.7467,0.8711
CSV,CT,2,0,223,64,0,1532.994,-12.4595,0.5117
CSV,CT,2,0,224,64,0,1539.813,-12.3652,0.2617
CSV,CT,2,0,225,64,0,1546.665,-11.9161,0.3477
CSV,CT,2,0,226,64,0,1553.522,-11.5993,0.6211
CSV,CT,2,0,227,64,0,1560.374,-11.8121,0.7383
CSV,CT,2,0,228,64,0,1567.200,-12.3411,0.4531
CSV,CT,2,0,229,64,0,1574.046,-12.0483,0.4023
CSV,CT,2,0,230,64,0,1580.910,-11.8698,0.4766
CSV,CT,2,0,231,64,0,1587.772,-11.7042,0.6797
CSV,CT,2,0,232,64,0,1594.600,-11.9411,0.7344
CSV,CT,2,0,233,64,0,1601.431,-12.1906,0.5898
CSV,CT,2,0,234,64,0,1608.279,-12.2307,0.4648
CSV,CT,2,0,235,64,0,1615.135,-12.4253,0.1289
CSV,CT,2,0,236,64,0,1621.965,-11.4976,0.4961
CSV,CT,2,0,237,64,0,1628.799,-11.5141,0.8164
CSV,CT,2,0,238,64,0,1635.653,-12.2440,0.5859
CSV,CT,2,0,239,64,0,1642.513,-12.1702,0.4648
CSV,CT,2,0,240,64,0,1649.358,-12.0401,0.4727
CSV,CT,2,0,241,64,0,1656.173,-12.0703,0.4023
CSV,CT,2,0,242,64,0,1663.032,-11.8279,0.5469
CSV,CT,2,0,243,64,0,1669.884,-11.9345,0.6055
CSV,CT,2,0,244,64,0,1676.709,-12.3611,0.3242
CSV,CT,2,0,245,64,0,1683.546,-12.2173,0.2070
CSV,CT,2,0,246,64,0,1690.416,-11.4484,0.6289
CSV,CT,2,0,247,64,0,1697.238,-11.7666,0.7383
CSV,CT,2,0,248,64,0,1704.069,-12.3283,0.4531
CSV,CT,2,0,249,64,0,1710.920,-12.3641,0.1953
CSV,CT,2,0,250,64,0,1717.775,-11.5910,0.4922
CSV,CT,2,0,251,64,0,1724.602,-11.5368,0.8164
CSV,CT,2,0,252,64,0,1731.435,-12.2670,0.5859
CSV,CT,2,0,253,64,0,1738.281,-12.3108,0.3945
CSV,CT,2,0,254,64,0,1745.135,-11.9586,0.4102
CSV,CT,2,0,255,64,0,1751.968,-11.9381,0.4766
CSV,CT,2,0,256,64,0,1758.805,-11.8565,0.6094
CSV,CT,2,0,257,64,0,1765.661,-12.0226,0.6016
CSV,CT,2,0,258,64,0,1772.524,-11.8137,0.7383
CSV,CT,2,0,259,64,0,1779.377,-12.2524,0.5234
CSV,CT,2,0,260,64,0,1786.198,-12.4363,0.1914
CSV,CT,2,0,261,64,0,1793.045,-11.7277,0.4219
CSV,CT,2,0,262,64,0,1799.908,-11.4858,0.7539
CSV,CT,2,0,263,64,0,1806.767,-12.0998,0.6602
CSV,CT,2,0,264,64,0,1813.597,-12.5131,0.3203
CSV,CT,2,0,265,64,0,1820.434,-11.9362,0.4141
CSV,CT,2,0,266,64,0,1827.280,-11.5544,0.7539
CSV,CT,2,0,267,64,0,1834.133,-12.0434,0.7266
CSV,CT,2,0,268,64,0,1840.958,-12.4926,0.3828
CSV,CT,2,0,269,64,0,1847.808,-12.2466,0.2031
CSV,CT,2,0,270,64,0,1854.654,-11.5993,0.4922
CSV,CT,2,0,271,64,0,1861.505,-11.4860,0.8164
CSV,CT,2,0,272,64,0,1868.336,-11.9819,0.7930
CSV,CT,2,0,273,64,0,1875.174,-12.6448,0.3086
CSV,CT,2,0,274,64,0,1882.036,-12.3864,0.0703
CSV,CT,2,0,275,64,0,1888.910,-11.6376,0.3633
CSV,CT,2,0,276,64,0,1895.767,-11.4285,0.7578
CSV,CT,2,0,277,64,0,1902.600,-11.9558,0.7266
CSV,CT,2,0,278,64,0,1909.436,-12.0271,0.7305
CSV,CT,2,0,279,64,0,1916.277,-12.4114,0.4531
CSV,CT,2,0,280,64,0,1923.099,-12.4408,0.1289
CSV,CT,2,0,281,64,0,1929.933,-11.6593,0.4297
CSV,CT,2,0,282,64,0,1936.787,-11.3012,0.8906
CSV,CT,2,0,283,64,0,1943.643,-12.0810,0.7852
CSV,CT,2,0,284,64,0,1950.494,-12.4948,0.4492
CSV,CT,2,0,285,64,0,1957.325,-12.2488,0.2656
CSV,CT,2,0,286,64,0,1964.168,-11.8737,0.3477
CSV,CT,2,0,287,64,0,1971.020,-11.7666,0.4805
CSV,CT,2,0,288,64,0,1977.833,-11.5187,0.8164
CSV,CT,2,0,289,64,0,1984.689,-12.1015,0.7227
CSV,CT,2,0,290,64,0,1991.536,-12.6068,0.3164
CSV,CT,2,0,291,64,0,1998.381,-12.1066,0.2773
CSV,CT,2,0,292,64,0,2005.207,-11.6232,0.5547
CSV,CT,2,0,293,64,0,2012.046,-11.5962,0.8125
CSV,CT,2,0,294,64,0,2018.903,-12.1153,0.7227
CSV,CT,2,0,295,64,0,2025.750,-12.5003,0.3828
CSV,CT,2,0,296,64,0,2032.585,-12.3452,0.1328
CSV,CT,2,0,297,64,0,2039.427,-11.7204,0.3594
CSV,CT,2,0,298,64,0,2046.279,-11.5341,0.6875
CSV,CT,2,0,299,64,0,2053.113,-11.7547,0.8711
CSV,CT,2,0,300,64,0,2059.941,-12.5267,0.4414
CSV,CT,2,0,301,64,0,2066.799,-12.5168,0.0586
CSV,CT,2,0,302,64,0,2073.646,-11.5176,0.4336
CSV,CT,2,0,303,64,0,2080.506,-11.2298,0.9492
CSV,CT,2,0,304,64,0,2087.335,-12.0185,0.9102
CSV,CT,2,0,305,64,0,2094.168,-12.7124,0.3594
CSV,CT,2,0,306,64,0,2101.017,-12.2095,0.2617
CSV,CT,2,0,307,64,0,2107.831,-11.7443,0.4766
CSV,CT,2,0,308,64,0,2114.683,-11.6786,0.6680
CSV,CT,2,0,309,64,0,2121.533,-11.9487,0.7227
CSV,CT,2,0,310,64,0,2128.388,-12.5859,0.3047
CSV,CT,2,0,311,64,0,2135.220,-12.1243,0.2656
CSV,CT,2,0,312,64,0,2142.055,-11.4273,0.6836
CSV,CT,2,0,313,64,0,2148.911,-11.6591,0.9297
CSV,CT,2,0,314,64,0,2155.768,-12.5583,0.5000
CSV,CT,2,0,315,64,0,2162.595,-12.6077,0.1133
CSV,CT,2,0,316,64,0,2169.429,-11.7819,0.2812
CSV,CT,2,0,317,64,0,2176.280,-11.5007,0.6172
CSV,CT,2,0,318,64,0,2183.136,-11.8155,0.7305
CSV,CT,2,0,319,64,0,2189.967,-12.2838,0.5117
CSV,CT,2,0,320,64,0,2196.805,-12.5650,0.1133
CSV,CT,2,0,321,64,0,2203.655,-11.7736,0.2812
CSV,CT,2,0,322,64,0,2210.517,-11.4938,0.6172
CSV,CT,2,0,323,64,0,2217.344,-12.0173,0.5898
CSV,CT,2,0,324,64,0,2224.177,-12.1093,0.5234
CSV,CT,2,0,325,64,0,2231.034,-12.1968,0.3906
CSV,CT,2,0,326,64,0,2237.900,-11.9759,0.3984
CSV,CT,2,0,327,64,0,2244.733,-11.5906,0.6758
CSV,CT,2,0,328,64,0,2251.563,-11.7794,0.7930
CSV,CT,2,0,329,64,0,2258.420,-12.3997,0.5078
CSV,CT,2,0,330,64,0,2265.244,-12.3700,0.2539
CSV,CT,2,0,331,64,0,2272.075,-11.8339,0.4102
CSV,CT,2,0,332,64,0,2278.922,-11.5805,0.6758
CSV,CT,2,0,333,64,0,2285.776,-11.9173,0.7227
CSV,CT,2,0,334,64,0,2292.610,-12.5269,0.3047
CSV,CT,2,0,335,64,0,2299.431,-12.1279,0.2656
CSV,CT,2,0,336,64,0,2306.278,-11.6120,0.5469
CSV,CT,2,0,337,64,0,2313.135,-11.6164,0.8008
CSV,CT,2,0,338,64,0,2319.967,-12.1059,0.7148
CSV,CT,2,0,339,64,0,2326.806,-12.5204,0.3047
CSV,CT,2,0,340,64,0,2333.659,-12.0023,0.3359
CSV,CT,2,0,341,64,0,2340.517,-11.7344,0.5430
CSV,CT,2,0,342,64,0,2347.357,-11.9090,0.5977
CSV,CT,2,0,343,64,0,2354.174,-11.9801,0.5898
CSV,CT,2,0,344,64,0,2361.032,-12.1644,0.4531
CSV,CT,2,0,345,64,0,2367.899,-11.8263,0.6016
CSV,CT,2,0,346,64,0,2374.730,-12.2015,0.4531
CSV,CT,2,0,347,64,0,2381.566,-12.2488,0.2578
CSV,CT,2,0,348,64,0,2388.420,-11.5583,0.6172
CSV,CT,2,0,349,64,0,2395.242,-11.7778,0.7305
CSV,CT,2,0,350,64,0,2402.066,-12.2772,0.5117
CSV,CT,2,0,351,64,0,2408.922,-12.2000,0.3906
CSV,CT,2,0,352,64,0,2415.773,-11.7357,0.6055
CSV,CT,2,0,353,64,0,2422.607,-12.0295,0.5898
CSV,CT,2,0,354,64,0,2429.431,-12.2720,0.3867
CSV,CT,2,0,355,64,0,2436.278,-11.9239,0.4688
CSV,CT,2,0,356,64,0,2443.126,-11.8414,0.6016
CSV,CT,2,0,357,64,0,2449.955,-12.0088,0.5898
CSV,CT,2,0,358,64,0,2456.795,-12.1339,0.5234
CSV,CT,2,0,359,64,0,2463.642,-12.2761,0.3203
CSV,CT,2,0,360,64,0,2470.488,-12.3390,0.0586
CSV,CT,2,0,361,64,0,2477.326,-11.4424,0.4922
CSV,CT,2,0,362,64,0,2484.170,-11.4909,0.8086
CSV,CT,2,0,363,64,0,2491.029,-12.2250,0.6445
CSV,CT,2,0,364,64,0,2497.878,-12.6303,0.1719
CSV,CT,2,0,365,64,0,2504.698,-11.8614,0.2773
CSV,CT,2,0,366,64,0,2511.545,-11.3956,0.6836
CSV,CT,2,0,367,64,0,2518.394,-11.6584,0.9297
CSV,CT,2,0,368,64,0,2525.230,-12.5283,0.5000
CSV,CT,2,0,369,64,0,2532.069,-12.6073,0.1133
CSV,CT,2,0,370,64,0,2538.922,-11.7213,0.3516
CSV,CT,2,0,371,64,0,2545.776,-11.4154,0.7500
CSV,CT,2,0,372,64,0,2552.610,-12.0659,0.6484
CSV,CT,2,0,373,64,0,2559.435,-12.4823,0.3125
CSV,CT,2,0,374,64,0,2566.279,-12.1492,0.1992
CSV,CT,2,0,375,64,0,2573.135,-11.6010,0.4844
CSV,CT,2,0,376,64,0,2579.969,-11.7285,0.6680
CSV,CT,2,0,377,64,0,2586.807,-12.1115,0.5859
CSV,CT,2,0,378,64,0,2593.654,-12.3448,0.3164
CSV,CT,2,0,379,64,0,2600.513,-11.9020,0.4062
CSV,CT,2,0,380,64,0,2607.341,-11.6751,0.6055
CSV,CT,2,0,381,64,0,2614.176,-11.8835,0.6602
CSV,CT,2,0,382,64,0,2621.046,-12.1080,0.5859
CSV,CT,2,0,383,64,0,2627.910,-12.2541,0.3867
CSV,CT,2,0,384,64,0,2634.766,-11.9660,0.3984
CSV,CT,2,0,385,64,0,2641.596,-11.9439,0.4688
CSV,CT,2,0,386,64,0,2648.427,-11.8891,0.5312
CSV,CT,2,0,387,64,0,2655.276,-12.2303,0.3906
CSV,CT,2,0,388,64,0,2662.099,-12.1556,0.2617
CSV,CT,2,0,389,64,0,2668.927,-11.5165,0.6172
CSV,CT,2,0,390,64,0,2675.786,-12.0678,0.5234
CSV,CT,2,0,391,64,0,2682.641,-12.1602,0.3906
CSV,CT,2,0,392,64,0,2689.488,-12.2417,0.1914
CSV,CT,2,0,393,64,0,2696.324,-11.5666,0.5508
CSV,CT,2,0,394,64,0,2703.170,-11.6340,0.8008
CSV,CT,2,0,395,64,0,2710.028,-12.2960,0.5781
CSV,CT,2,0,396,64,0,2716.873,-12.5471,0.1797
CSV,CT,2,0,397,64,0,2723.699,-12.0402,0.2070
CSV,CT,2,0,398,64,0,2730.546,-11.5310,0.5508
CSV,CT,2,0,399,64,0,2737.404,-11.6909,0.7344
CSV,CT,2,0,400,64,0,2744.240,-12.1683,0.5820
CSV,CT,2,0,401,64,0,2751.067,-12.3373,0.3164
CSV,CT,2,0,402,64,0,2757.918,-12.1944,0.1992
CSV,CT,2,0,403,64,0,2764.769,-11.7614,0.4141
CSV,CT,2,0,404,64,0,2771.597,-11.5735,0.7422
CSV,CT,2,0,405,64,0,2778.431,-12.0894,0.6484
CSV,CT,2,0,406,64,0,2785.276,-12.4134,0.3789
CSV,CT,2,0,407,64,0,2792.099,-12.2372,0.1914
CSV,CT,2,0,408,64,0,2798.929,-11.4709,0.6211
CSV,CT,2,0,409,64,0,2805.787,-11.6667,0.8672
CSV,CT,2,0,410,64,0,2812.641,-12.3797,0.5703
CSV,CT,2,0,411,64,0,2819.487,-12.5930,0.1797
CSV,CT,2,0,412,64,0,2826.325,-11.9491,0.2773
CSV,CT,2,0,413,64,0,2833.167,-11.5978,0.5469
CSV,CT,2,0,414,64,0,2840.024,-11.6657,0.8008
CSV,CT,2,0,415,64,0,2846.875,-12.0544,0.7148
CSV,CT,2,0,416,64,0,2853.699,-12.6808,0.2383
CSV,CT,2,0,417,64,0,2860.541,-11.9398,0.3398
CSV,CT,2,0,418,64,0,2867.393,-11.4080,0.7500
CSV,CT,2,0,419,64,0,2874.225,-11.9680,0.7188
CSV,CT,2,0,420,64,0,2881.066,-12.4826,0.3750
CSV,CT,2,0,421,64,0,2887.922,-12.1788,0.2617
CSV,CT,2,0,422,64,0,2894.776,-11.5670,0.6172
CSV,CT,2,0,423,64,0,2901.617,-11.6057,0.8672
CSV,CT,2,0,424,64,0,2908.455,-12.2714,0.6406
CSV,CT,2,0,425,64,0,2915.301,-12.4342,0.3125
CSV,CT,2,0,426,64,0,2922.161,-11.9546,0.3359
CSV,CT,2,0,427,64,0,2929.017,-11.6924,0.5430
CSV,CT,2,0,428,64,0,2935.838,-11.9019,0.5977
CSV,CT,2,0,429,64,0,2942.693,-12.0330,0.5898
CSV,CT,2,0,430,64,0,2949.542,-11.8832,0.6602
CSV,CT,2,0,431,64,0,2956.391,-11.8683,0.7227
CSV,CT,2,0,432,64,0,2963.220,-12.3224,0.5117
CSV,CT,2,0,433,64,0,2970.058,-12.1506,0.3906
CSV,CT,2,0,434,64,0,2976.914,-11.9574,0.3984
CSV,CT,2,0,435,64,0,2983.773,-11.6334,0.6758
CSV,CT,2,0,436,64,0,2990.609,-12.1741,0.5156
CSV,CT,2,0,437,64,0,2997.433,-12.0723,0.4570
CSV,CT,2,0,438,64,0,3004.279,-11.9496,0.5312
CSV,CT,2,0,439,64,0,3011.099,-11.9875,0.5273
CSV,CT,2,0,440,64,0,3017.926,-11.8708,0.5977
CSV,CT,2,0,441,64,0,3024.787,-12.0356,0.5898
CSV,CT,2,0,442,64,0,3031.639,-12.2173,0.4531
CSV,CT,2,0,443,64,0,3038.486,-12.1183,0.3945
CSV,CT,2,0,444,64,0,3045.323,-11.9328,0.4688
CSV,CT,2,0,445,64,0,3052.170,-12.0919,0.3945
CSV,CT,2,0,446,64,0,3059.031,-11.7564,0.6055
CSV,CT,2,0,447,64,0,3065.886,-12.0783,0.5234
CSV,CT,2,0,448,64,0,3072.705,-12.3153,0.3203
CSV,CT,2,0,449,64,0,3079.545,-12.0562,0.2656
CSV,CT,2,0,450,64,0,3086.404,-11.6654,0.5469
CSV,CT,2,0,451,64,0,3093.236,-11.8144,0.6641
CSV,CT,2,0,452,64,0,3100.072,-12.3117,0.4492
CSV,CT,2,0,453,64,0,3106.922,-12.0789,0.3945
CSV,CT,2,0,454,64,0,3113.777,-11.8056,0.5391
CSV,CT,2,0,455,64,0,3120.607,-11.9721,0.5273
CSV,CT,2,0,456,64,0,3127.436,-12.2482,0.3203
CSV,CT,2,0,457,64,0,3134.278,-11.8445,0.4727
CSV,CT,2,0,458,64,0,3141.130,-11.6513,0.7383
CSV,CT,2,0,459,64,0,3147.959,-12.0427,0.7188
CSV,CT,2,0,460,64,0,3154.800,-12.4926,0.3750
CSV,CT,2,0,461,64,0,3161.657,-12.0660,0.3320
CSV,CT,2,0,462,64,0,3168.518,-11.7943,0.4727
CSV,CT,2,0,463,64,0,3175.357,-11.7239,0.6719
CSV,CT,2,0,464,64,0,3182.179,-12.2901,0.4492
CSV,CT,2,0,465,64,0,3189.030,-12.2431,0.2578
CSV,CT,2,0,466,64,0,3195.879,-11.6272,0.5469
CSV,CT,2,0,467,64,0,3202.702,-11.6891,0.7344
CSV,CT,2,0,468,64,0,3209.544,-12.0188,0.7188
CSV,CT,2,0,469,64,0,3216.393,-12.2034,0.5820
CSV,CT,2,0,470,64,0,3223.225,-12.3099,0.3867
CSV,CT,2,0,471,64,0,3230.065,-11.9898,0.3984
CSV,CT,2,0,472,64,0,3236.921,-11.8121,0.5391
CSV,CT,2,0,473,64,0,3243.776,-11.9489,0.5977
CSV,CT,2,0,474,64,0,3250.607,-12.2274,0.4531
CSV,CT,2,0,475,64,0,3257.436,-11.9450,0.5312
CSV,CT,2,0,476,64,0,3264.277,-11.8640,0.5977
CSV,CT,2,0,477,64,0,3271.126,-11.7289,0.7969
CSV,CT,2,0,478,64,0,3277.953,-12.4142,0.5078
CSV,CT,2,0,479,64,0,3284.793,-12.3842,0.2539
CSV,CT,2,0,480,64,0,3291.642,-11.9363,0.3398
CSV,CT,2,0,481,64,0,3298.486,-11.8571,0.4727
CSV,CT,2,0,482,64,0,3305.326,-11.9311,0.5312
CSV,CT,2,0,483,64,0,3312.170,-12.0879,0.4570
CSV,CT,2,0,484,64,0,3319.027,-11.8430,0.6016
CSV,CT,2,0,485,64,0,3325.874,-12.2198,0.4531
CSV,CT,2,0,486,64,0,3332.697,-12.2356,0.2578
CSV,CT,2,0,487,64,0,3339.544,-11.7373,0.4766
CSV,CT,2,0,488,64,0,3346.386,-11.6751,0.6680
CSV,CT,2,0,489,64,0,3353.207,-12.0338,0.6562
CSV,CT,2,0,490,64,0,3360.046,-12.2458,0.4492
CSV,CT,2,0,491,64,0,3366.909,-12.0518,0.3945
CSV,CT,2,0,492,64,0,3373.766,-11.9288,0.4688
CSV,CT,2,0,493,64,0,3380.597,-11.9969,0.4648
CSV,CT,2,0,494,64,0,3387.428,-11.8790,0.5312
CSV,CT,2,0,495,64,0,3394.278,-12.2029,0.3906
CSV,CT,2,0,496,64,0,3401.108,-11.7699,0.5391
CSV,CT,2,0,497,64,0,3407.946,-11.7919,0.6641
CSV,CT,2,0,498,64,0,3414.795,-12.1129,0.5859
CSV,CT,2,0,499,64,0,3421.648,-12.2575,0.3867
CSV,C,2,1,20.0,-0.004,1343,3374,0.500,0.746,0.15,6796879.00,6827908.00,6851079.00,6848641.5,64,6841.6,0
CSV,CT,2,1,500,64,0
CSV,CT,2,1,0,64,0,6.840,-0.0000,0.9492
CSV,CT,2,1,1,64,0,13.685,-1.8028,0.9492
CSV,CT,2,1,2,64,0,20.510,-3.5493,0.9492
CSV,CT,2,1,3,64,0,27.330,-4.9514,0.9492
CSV,CT,2,1,4,64,0,34.164,-6.3873,0.9492
CSV,CT,2,1,5,64,0,40.982,-7.7087,0.9492
CSV,CT,2,1,6,64,0,47.815,-8.9534,0.9492
CSV,CT,2,1,7,64,0,54.650,-10.0399,0.9492
CSV,CT,2,1,8,64,0,61.473,-11.0104,0.9492
CSV,CT,2,1,9,64,0,68.315,-11.9908,0.8945
CSV,CT,2,1,10,64,0,75.136,-12.8040,0.2773
CSV,CT,2,1,11,64,0,81.961,-12.3536,0.0469
CSV,CT,2,1,12,64,0,88.806,-11.3688,0.5508
CSV,CT,2,1,13,64,0,95.627,-11.2721,0.9492
CSV,CT,2,1,14,64,0,102.438,-12.2023,0.7695
CSV,CT,2,1,15,64,0,109.279,-12.6401,0.3008
CSV,CT,2,1,16,64,0,116.084,-12.2610,0.1289
CSV,CT,2,1,17,64,0,122.930,-11.5568,0.4844
CSV,CT,2,1,18,64,0,129.769,-11.3290,0.9453
CSV,CT,2,1,19,64,0,136.586,-12.1667,0.7695
CSV,CT,2,1,20,64,0,143.413,-12.7880,0.2305
CSV,CT,2,1,21,64,0,150.230,-12.2197,0.1328
CSV,CT,2,1,22,64,0,157.063,-11.6071,0.4180
CSV,CT,2,1,23,64,0,163.895,-11.3481,0.8789
CSV,CT,2,1,24,64,0,170.703,-12.0652,0.7773
CSV,CT,2,1,25,64,0,177.541,-12.6049,0.3672
CSV,CT,2,1,26,64,0,184.352,-12.5000,0.0547
CSV,CT,2,1,27,64,0,191.187,-11.6234,0.3516
CSV,CT,2,1,28,64,0,198.033,-11.4162,0.7461
CSV,CT,2,1,29,64,0,204.850,-11.7667,0.8555
CSV,CT,2,1,30,64,0,211.694,-12.5374,0.4336
CSV,CT,2,1,31,64,0,218.542,-12.4977,0.1172
CSV,CT,2,1,32,64,0,225.350,-11.6210,0.4180
CSV,CT,2,1,33,64,0,232.187,-11.4800,0.8086
CSV,CT,2,1,34,64,0,239.033,-12.0665,0.7109
CSV,CT,2,1,35,64,0,245.846,-12.4571,0.3711
CSV,CT,2,1,36,64,0,252.692,-12.3027,0.1914
CSV,CT,2,1,37,64,0,259.540,-11.7137,0.4102
CSV,CT,2,1,38,64,0,266.353,-11.6193,0.6719
CSV,CT,2,1,39,64,0,273.193,-12.0737,0.5859
CSV,CT,2,1,40,64,0,280.044,-12.4611,0.2461
CSV,CT,2,1,41,64,0,286.859,-11.9470,0.3398
CSV,CT,2,1,42,64,0,293.687,-11.6848,0.5391
CSV,CT,2,1,43,64,0,300.499,-11.7155,0.7305
CSV,CT,2,1,44,64,0,307.323,-12.1313,0.6484
CSV,CT,2,1,45,64,0,314.134,-12.4845,0.3086
CSV,CT,2,1,46,64,0,320.961,-12.2374,0.1250
CSV,CT,2,1,47,64,0,327.805,-11.5607,0.4844
CSV,CT,2,1,48,64,0,334.625,-11.8378,0.5977
CSV,CT,2,1,49,64,0,341.441,-11.9460,0.6562
CSV,CT,2,1,50,64,0,348.278,-12.0158,0.6523
CSV,CT,2,1,51,64,0,355.093,-12.3792,0.3789
CSV,CT,2,1,52,64,0,361.939,-11.9949,0.3984
CSV,CT,2,1,53,64,0,368.786,-11.6376,0.6719
CSV,CT,2,1,54,64,0,375.594,-11.9717,0.6523
CSV,CT,2,1,55,64,0,382.428,-12.3378,0.3789
CSV,CT,2,1,56,64,0,389.271,-12.1044,0.3281
CSV,CT,2,1,57,64,0,396.085,-11.8010,0.4688
CSV,CT,2,1,58,64,0,402.927,-11.7915,0.5977
CSV,CT,2,1,59,64,0,409.737,-12.0255,0.5898
CSV,CT,2,1,60,64,0,416.574,-12.5054,0.2461
CSV,CT,2,1,61,64,0,423.412,-12.0191,0.2695
CSV,CT,2,1,62,64,0,430.231,-11.5727,0.6133
CSV,CT,2,1,63,64,0,437.066,-11.6712,0.8633
CSV,CT,2,1,64,64,0,443.918,-12.4214,0.5703
CSV,CT,2,1,65,64,0,450.733,-12.3658,0.3125
CSV,CT,2,1,66,64,0,457.581,-12.0985,0.2656
CSV,CT,2,1,67,64,0,464.416,-11.7369,0.4766
CSV,CT,2,1,68,64,0,471.230,-11.9409,0.5273
CSV,CT,2,1,69,64,0,478.065,-11.8922,0.5938
CSV,CT,2,1,70,64,0,484.910,-12.2034,0.4492
CSV,CT,2,1,71,64,0,491.717,-12.2191,0.3242
CSV,CT,2,1,72,64,0,498.553,-11.6352,0.6094
CSV,CT,2,1,73,64,0,505.397,-11.9952,0.5898
CSV,CT,2,1,74,64,0,512.218,-12.3286,0.3125
CSV,CT,2,1,75,64,0,519.061,-11.8852,0.4023
CSV,CT,2,1,76,64,0,525.894,-11.5387,0.7422
CSV,CT,2,1,77,64,0,532.707,-12.1182,0.6484
CSV,CT,2,1,78,64,0,539.539,-12.3847,0.3789
CSV,CT,2,1,79,64,0,546.352,-12.2981,0.1914
CSV,CT,2,1,80,64,0,553.188,-11.7111,0.4102
CSV,CT,2,1,81,64,0,560.036,-11.4370,0.8086
CSV,CT,2,1,82,64,0,566.852,-12.0244,0.7812
CSV,CT,2,1,83,64,0,573.694,-12.5948,0.3672
CSV,CT,2,1,84,64,0,580.536,-12.5503,0.0469
CSV,CT,2,1,85,64,0,587.351,-11.5795,0.3516
CSV,CT,2,1,86,64,0,594.187,-11.3779,0.8164
CSV,CT,2,1,87,64,0,601.030,-12.0900,0.7109
CSV,CT,2,1,88,64,0,607.850,-12.4503,0.3711
CSV,CT,2,1,89,64,0,614.686,-12.1491,0.2578
CSV,CT,2,1,90,64,0,621.507,-11.6902,0.4766
CSV,CT,2,1,91,64,0,628.327,-11.5390,0.8047
CSV,CT,2,1,92,64,0,635.138,-12.1787,0.6445
CSV,CT,2,1,93,64,0,641.963,-12.2269,0.5156
CSV,CT,2,1,94,64,0,648.805,-12.3050,0.3164
CSV,CT,2,1,95,64,0,655.621,-12.1942,0.1953
CSV,CT,2,1,96,64,0,662.440,-11.5832,0.4805
CSV,CT,2,1,97,64,0,669.278,-11.4749,0.8750
CSV,CT,2,1,98,64,0,676.096,-12.3302,0.5703
CSV,CT,2,1,99,64,0,682.936,-12.4692,0.2461
CSV,CT,2,1,100,64,0,689.774,-12.0745,0.1992
CSV,CT,2,1,101,64,0,696.592,-11.5312,0.5508
CSV,CT,2,1,102,64,0,703.427,-11.6041,0.8008
CSV,CT,2,1,103,64,0,710.265,-12.2978,0.5742
CSV,CT,2,1,104,64,0,717.077,-12.6676,0.1055
CSV,CT,2,1,105,64,0,723.918,-11.7771,0.2773
CSV,CT,2,1,106,64,0,730.723,-11.3195,0.7500
CSV,CT,2,1,107,64,0,737.559,-11.9191,0.7852
CSV,CT,2,1,108,64,0,744.400,-12.4091,0.5039
CSV,CT,2,1,109,64,0,751.222,-12.4095,0.2500
CSV,CT,2,1,110,64,0,758.062,-11.8415,0.4062
CSV,CT,2,1,111,64,0,764.899,-11.6794,0.6016
CSV,CT,2,1,112,64,0,771.703,-11.8006,0.7266
CSV,CT,2,1,113,64,0,778.540,-12.2405,0.5117
CSV,CT,2,1,114,64,0,785.353,-12.4045,0.2500
CSV,CT,2,1,115,64,0,792.193,-11.8064,0.4062
CSV,CT,2,1,116,64,0,799.039,-11.5547,0.7422
CSV,CT,2,1,117,64,0,805.852,-11.9820,0.7148
CSV,CT,2,1,118,64,0,812.692,-12.3744,0.4414
CSV,CT,2,1,119,64,0,819.534,-12.1367,0.3906
CSV,CT,2,1,120,64,0,826.350,-12.1604,0.2578
CSV,CT,2,1,121,64,0,833.192,-11.7934,0.4062
CSV,CT,2,1,122,64,0,840.034,-11.3052,0.8789
CSV,CT,2,1,123,64,0,846.849,-12.1439,0.7070
CSV,CT,2,1,124,64,0,853.687,-12.6152,0.2344
CSV,CT,2,1,125,64,0,860.508,-12.0021,0.2695
CSV,CT,2,1,126,64,0,867.328,-11.4048,0.6836
CSV,CT,2,1,127,64,0,874.138,-11.6963,0.8594
CSV,CT,2,1,128,64,0,880.963,-12.3249,0.6367
CSV,CT,2,1,129,64,0,887.806,-12.4861,0.3086
CSV,CT,2,1,130,64,0,894.643,-12.0637,0.2656
CSV,CT,2,1,131,64,0,901.468,-11.6125,0.5430
CSV,CT,2,1,132,64,0,908.311,-11.7694,0.6602
CSV,CT,2,1,133,64,0,915.130,-12.2096,0.5156
CSV,CT,2,1,134,64,0,921.959,-12.1382,0.4570
CSV,CT,2,1,135,64,0,928.807,-11.9525,0.5312
CSV,CT,2,1,136,64,0,935.650,-12.2299,0.3867
CSV,CT,2,1,137,64,0,942.477,-11.8562,0.5352
CSV,CT,2,1,138,64,0,949.316,-11.6923,0.7305
CSV,CT,2,1,139,64,0,956.131,-12.2328,0.5781
CSV,CT,2,1,140,64,0,962.953,-12.1929,0.4492
CSV,CT,2,1,141,64,0,969.805,-12.0027,0.4609
CSV,CT,2,1,142,64,0,976.628,-12.0061,0.4609
CSV,CT,2,1,143,64,0,983.446,-11.8607,0.5273
CSV,CT,2,1,144,64,0,990.282,-12.2051,0.3867
CSV,CT,2,1,145,64,0,997.096,-11.9240,0.4648
CSV,CT,2,1,146,64,0,1003.936,-11.9636,0.4609
CSV,CT,2,1,147,64,0,1010.774,-11.7302,0.6680
CSV,CT,2,1,148,64,0,1017.593,-12.1766,0.5156
CSV,CT,2,1,149,64,0,1024.428,-12.2559,0.3164
CSV,CT,2,1,150,64,0,1031.260,-11.6086,0.6094
CSV,CT,2,1,151,64,0,1038.070,-11.7942,0.7266
CSV,CT,2,1,152,64,0,1044.913,-12.1162,0.6484
CSV,CT,2,1,153,64,0,1051.720,-12.4117,0.3750
CSV,CT,2,1,154,64,0,1058.558,-12.2321,0.2578
CSV,CT,2,1,155,64,0,1065.402,-11.4971,0.6133
CSV,CT,2,1,156,64,0,1072.222,-11.9297,0.6562
CSV,CT,2,1,157,64,0,1079.063,-12.3279,0.4453
CSV,CT,2,1,158,64,0,1085.902,-12.1555,0.3242
CSV,CT,2,1,159,64,0,1092.713,-11.7872,0.4688
CSV,CT,2,1,160,64,0,1099.551,-11.7195,0.6680
CSV,CT,2,1,161,64,0,1106.400,-11.6919,0.8594
CSV,CT,2,1,162,64,0,1113.219,-12.4397,0.5000
CSV,CT,2,1,163,64,0,1120.061,-12.2284,0.3867
CSV,CT,2,1,164,64,0,1126.900,-11.8560,0.5352
CSV,CT,2,1,165,64,0,1133.703,-11.9329,0.5938
CSV,CT,2,1,166,64,0,1140.538,-12.0622,0.5195
CSV,CT,2,1,167,64,0,1147.351,-12.2120,0.3867
CSV,CT,2,1,168,64,0,1154.188,-12.0165,0.3945
CSV,CT,2,1,169,64,0,1161.034,-11.9878,0.3945
CSV,CT,2,1,170,64,0,1167.851,-11.9015,0.4648
CSV,CT,2,1,171,64,0,1174.689,-11.7941,0.5977
CSV,CT,2,1,172,64,0,1181.534,-11.8783,0.6562
CSV,CT,2,1,173,64,0,1188.350,-12.2536,0.4453
CSV,CT,2,1,174,64,0,1195.188,-11.9395,0.5273
CSV,CT,2,1,175,64,0,1202.030,-12.1279,0.4531
CSV,CT,2,1,176,64,0,1208.856,-12.3019,0.2539
CSV,CT,2,1,177,64,0,1215.695,-11.9185,0.3359
CSV,CT,2,1,178,64,0,1222.521,-11.7766,0.4688
CSV,CT,2,1,179,64,0,1229.338,-11.6809,0.6680
CSV,CT,2,1,180,64,0,1236.174,-12.1586,0.5156
CSV,CT,2,1,181,64,0,1242.995,-12.3027,0.3164
CSV,CT,2,1,182,64,0,1249.823,-12.0103,0.3320
CSV,CT,2,1,183,64,0,1256.667,-11.5920,0.6055
CSV,CT,2,1,184,64,0,1263.484,-12.0189,0.5859
CSV,CT,2,1,185,64,0,1270.322,-12.0505,0.5195
CSV,CT,2,1,186,64,0,1277.131,-12.1388,0.4531
CSV,CT,2,1,187,64,0,1283.954,-11.9509,0.5273
CSV,CT,2,1,188,64,0,1290.803,-12.0505,0.4531
CSV,CT,2,1,189,64,0,1297.628,-12.0208,0.4609
CSV,CT,2,1,190,64,0,1304.443,-11.8958,0.5273
CSV,CT,2,1,191,64,0,1311.284,-12.0588,0.4531
CSV,CT,2,1,192,64,0,1318.093,-12.1473,0.3203
CSV,CT,2,1,193,64,0,1324.927,-11.7820,0.4688
CSV,CT,2,1,194,64,0,1331.733,-11.6543,0.7344
CSV,CT,2,1,195,64,0,1338.578,-12.1959,0.5781
CSV,CT,2,1,196,64,0,1345.414,-12.0938,0.5195
CSV,CT,2,1,197,64,0,1352.232,-12.2118,0.3867
CSV,CT,2,1,198,64,0,1359.066,-12.0809,0.3281
CSV,CT,2,1,199,64,0,1365.910,-11.5383,0.6758
CSV,CT,2,1,200,64,0,1372.722,-11.8502,0.7891
CSV,CT,2,1,201,64,0,1379.559,-12.4358,0.4336
CSV,CT,2,1,202,64,0,1386.400,-12.1626,0.3203
CSV,CT,2,1,203,64,0,1393.222,-11.8837,0.3984
CSV,CT,2,1,204,64,0,1400.061,-11.6879,0.6016
CSV,CT,2,1,205,64,0,1406.893,-11.8346,0.7266
CSV,CT,2,1,206,64,0,1413.701,-12.2711,0.5078
CSV,CT,2,1,207,64,0,1420.539,-12.1635,0.3867
CSV,CT,2,1,208,64,0,1427.352,-12.0051,0.3945
CSV,CT,2,1,209,64,0,1434.184,-11.7708,0.5312
CSV,CT,2,1,210,64,0,1440.991,-11.9148,0.5938
CSV,CT,2,1,211,64,0,1447.822,-12.1046,0.5195
CSV,CT,2,1,212,64,0,1454.662,-12.1599,0.3867
CSV,CT,2,1,213,64,0,1461.482,-12.0620,0.3281
CSV,CT,2,1,214,64,0,1468.320,-11.7612,0.5391
CSV,CT,2,1,215,64,0,1475.136,-11.9030,0.5938
CSV,CT,2,1,216,64,0,1481.962,-11.9168,0.6562
CSV,CT,2,1,217,64,0,1488.806,-12.0774,0.5820
CSV,CT,2,1,218,64,0,1495.619,-12.3155,0.3789
CSV,CT,2,1,219,64,0,1502.440,-12.0844,0.3281
CSV,CT,2,1,220,64,0,1509.281,-11.8126,0.4688
CSV,CT,2,1,221,64,0,1516.093,-11.7122,0.6641
CSV,CT,2,1,222,64,0,1522.927,-12.0092,0.6523
CSV,CT,2,1,223,64,0,1529.770,-12.1323,0.5820
CSV,CT,2,1,224,64,0,1536.586,-12.0090,0.5859
CSV,CT,2,1,225,64,0,1543.426,-12.4292,0.2422
CSV,CT,2,1,226,64,0,1550.265,-11.9172,0.3359
CSV,CT,2,1,227,64,0,1557.072,-11.5676,0.6758
CSV,CT,2,1,228,64,0,1563.915,-11.9057,0.7188
CSV,CT,2,1,229,64,0,1570.720,-12.1589,0.5781
CSV,CT,2,1,230,64,0,1577.558,-12.0310,0.5859
CSV,CT,2,1,231,64,0,1584.400,-12.1521,0.4492
CSV,CT,2,1,232,64,0,1591.220,-12.1758,0.3203
CSV,CT,2,1,233,64,0,1598.059,-11.7453,0.5391
CSV,CT,2,1,234,64,0,1604.897,-11.6191,0.7969
CSV,CT,2,1,235,64,0,1611.706,-12.3112,0.5703
CSV,CT,2,1,236,64,0,1618.555,-12.3210,0.3789
CSV,CT,2,1,237,64,0,1625.399,-12.0290,0.3945
CSV,CT,2,1,238,64,0,1632.217,-12.1204,0.3242
CSV,CT,2,1,239,64,0,1639.066,-11.6967,0.5391
CSV,CT,2,1,240,64,0,1645.909,-11.9944,0.5234
CSV,CT,2,1,241,64,0,1652.713,-12.2113,0.3867
CSV,CT,2,1,242,64,0,1659.554,-11.8690,0.4648
CSV,CT,2,1,243,64,0,1666.399,-11.8824,0.5273
CSV,CT,2,1,244,64,0,1673.221,-11.9082,0.5898
CSV,CT,2,1,245,64,0,1680.062,-11.9524,0.6562
CSV,CT,2,1,246,64,0,1686.897,-12.2002,0.5117
CSV,CT,2,1,247,64,0,1693.704,-12.0685,0.4531
CSV,CT,2,1,248,64,0,1700.540,-12.0357,0.4570
CSV,CT,2,1,249,64,0,1707.350,-12.0376,0.4570
CSV,CT,2,1,250,64,0,1714.182,-11.7375,0.6641
CSV,CT,2,1,251,64,0,1721.026,-11.8814,0.7188
CSV,CT,2,1,252,64,0,1727.836,-12.2855,0.5078
CSV,CT,2,1,253,64,0,1734.675,-12.4470,0.1797
CSV,CT,2,1,254,64,0,1741.492,-11.8420,0.3398
CSV,CT,2,1,255,64,0,1748.322,-11.7669,0.4688
CSV,CT,2,1,256,64,0,1755.134,-11.8782,0.5273
CSV,CT,2,1,257,64,0,1761.962,-12.1887,0.3828
CSV,CT,2,1,258,64,0,1768.804,-11.7899,0.5312
CSV,CT,2,1,259,64,0,1775.608,-11.8454,0.6602
CSV,CT,2,1,260,64,0,1782.440,-11.8314,0.7891
CSV,CT,2,1,261,64,0,1789.285,-12.3289,0.5039
CSV,CT,2,1,262,64,0,1796.098,-12.2779,0.3164
CSV,CT,2,1,263,64,0,1802.939,-11.8396,0.4688
CSV,CT,2,1,264,64,0,1809.781,-11.7359,0.6641
CSV,CT,2,1,265,64,0,1816.598,-12.1183,0.5820
CSV,CT,2,1,266,64,0,1823.430,-12.4137,0.3125
CSV,CT,2,1,267,64,0,1830.268,-12.0236,0.3320
CSV,CT,2,1,268,64,0,1837.074,-11.9346,0.3984
CSV,CT,2,1,269,64,0,1843.918,-11.8539,0.5312
CSV,CT,2,1,270,64,0,1850.726,-11.8694,0.5898
CSV,CT,2,1,271,64,0,1857.570,-12.1822,0.4492
CSV,CT,2,1,272,64,0,1864.415,-11.7833,0.5977
CSV,CT,2,1,273,64,0,1871.232,-12.0141,0.5859
CSV,CT,2,1,274,64,0,1878.063,-12.0497,0.5156
CSV,CT,2,1,275,64,0,1884.901,-11.9910,0.5234
CSV,CT,2,1,276,64,0,1891.706,-11.9644,0.5234
CSV,CT,2,1,277,64,0,1898.539,-11.9700,0.5234
CSV,CT,2,1,278,64,0,1905.353,-12.0345,0.5234
CSV,CT,2,1,279,64,0,1912.190,-12.2888,0.3164
CSV,CT,2,1,280,64,0,1919.038,-11.9720,0.3320
CSV,CT,2,1,281,64,0,1925.856,-11.5573,0.6758
CSV,CT,2,1,282,64,0,1932.689,-12.1047,0.5820
CSV,CT,2,1,283,64,0,1939.508,-12.1008,0.5156
CSV,CT,2,1,284,64,0,1946.329,-11.9186,0.5898
CSV,CT,2,1,285,64,0,1953.139,-11.9594,0.5859
CSV,CT,2,1,286,64,0,1959.955,-12.2359,0.3789
CSV,CT,2,1,287,64,0,1966.805,-12.0119,0.3945
CSV,CT,2,1,288,64,0,1973.628,-11.9831,0.3945
CSV,CT,2,1,289,64,0,1980.438,-11.5104,0.7383
CSV,CT,2,1,290,64,0,1987.277,-11.9150,0.7812
CSV,CT,2,1,291,64,0,1994.082,-12.4339,0.4336
CSV,CT,2,1,292,64,0,2000.922,-12.2227,0.3203
CSV,CT,2,1,293,64,0,2007.731,-11.9965,0.3281
CSV,CT,2,1,294,64,0,2014.571,-11.5519,0.6758
CSV,CT,2,1,295,64,0,2021.415,-11.7418,0.8555
CSV,CT,2,1,296,64,0,2028.230,-12.3690,0.5664
CSV,CT,2,1,297,64,0,2035.064,-12.4038,0.3125
CSV,CT,2,1,298,64,0,2041.900,-12.0784,0.2617
CSV,CT,2,1,299,64,0,2048.710,-11.6256,0.5430
CSV,CT,2,1,300,64,0,2055.556,-11.7802,0.6602
CSV,CT,2,1,301,64,0,2062.406,-12.0712,0.5820
CSV,CT,2,1,302,64,0,2069.221,-12.5181,0.1719
CSV,CT,2,1,303,64,0,2076.066,-11.8833,0.2695
CSV,CT,2,1,304,64,0,2082.913,-11.2964,0.8164
CSV,CT,2,1,305,64,0,2089.723,-11.7492,0.9492
CSV,CT,2,1,306,64,0,2096.569,-12.5826,0.5195
CSV,CT,2,1,307,64,0,2103.417,-12.3003,0.3438
CSV,CT,2,1,308,64,0,2110.237,-12.0987,0.2891
CSV,CT,2,1,309,64,0,2117.064,-11.8846,0.3633
CSV,CT,2,1,310,64,0,2123.900,-11.8986,0.4258
CSV,CT,2,1,311,64,0,2130.706,-11.6422,0.6953
CSV,CT,2,1,312,64,0,2137.551,-12.0363,0.6758
CSV,CT,2,1,313,64,0,2144.389,-12.0131,0.6797
CSV,CT,2,1,314,64,0,2151.219,-12.4042,0.4023
CSV,CT,2,1,315,64,0,2158.064,-12.0477,0.3516
CSV,CT,2,1,316,64,0,2164.904,-11.9585,0.3555
CSV,CT,2,1,317,64,0,2171.713,-11.8752,0.4258
CSV,CT,2,1,318,64,0,2178.551,-11.6193,0.6953
CSV,CT,2,1,319,64,0,2185.397,-11.9254,0.7461
CSV,CT,2,1,320,64,0,2192.221,-12.5940,0.3281
CSV,CT,2,1,321,64,0,2199.065,-11.9843,0.3594
CSV,CT,2,1,322,64,0,2205.910,-11.5976,0.6328
CSV,CT,2,1,323,64,0,2212.720,-11.7255,0.8203
CSV,CT,2,1,324,64,0,2219.562,-12.2632,0.5977
CSV,CT,2,1,325,64,0,2226.406,-12.4259,0.2695
CSV,CT,2,1,326,64,0,2233.225,-12.0963,0.2266
CSV,CT,2,1,327,64,0,2240.065,-11.4908,0.5742
CSV,CT,2,1,328,64,0,2246.911,-11.7136,0.7539
CSV,CT,2,1,329,64,0,2253.724,-12.1931,0.6055
CSV,CT,2,1,330,64,0,2260.571,-12.5713,0.1992
CSV,CT,2,1,331,64,0,2267.418,-11.9913,0.2305
CSV,CT,2,1,332,64,0,2274.241,-11.4564,0.6406
CSV,CT,2,1,333,64,0,2281.065,-11.7732,0.7500
CSV,CT,2,1,334,64,0,2287.913,-12.2397,0.5352
CSV,CT,2,1,335,64,0,2294.722,-12.1072,0.4805
CSV,CT,2,1,336,64,0,2301.565,-12.3412,0.2109
CSV,CT,2,1,337,64,0,2308.407,-11.8073,0.3672
CSV,CT,2,1,338,64,0,2315.226,-11.6168,0.6328
CSV,CT,2,1,339,64,0,2322.066,-11.9508,0.6836
CSV,CT,2,1,340,64,0,2328.900,-12.3519,0.4023
CSV,CT,2,1,341,64,0,2335.708,-12.0274,0.4219
CSV,CT,2,1,342,64,0,2342.551,-11.6696,0.6953
CSV,CT,2,1,343,64,0,2349.382,-12.0303,0.6758
CSV,CT,2,1,344,64,0,2356.217,-12.2752,0.4688
CSV,CT,2,1,345,64,0,2363.061,-12.0766,0.4180
CSV,CT,2,1,346,64,0,2369.895,-11.7756,0.5586
CSV,CT,2,1,347,64,0,2376.700,-11.9483,0.6172
CSV,CT,2,1,348,64,0,2383.540,-12.0772,0.5430
CSV,CT,2,1,349,64,0,2390.349,-12.1643,0.4102
CSV,CT,2,1,350,64,0,2397.190,-11.8266,0.5586
CSV,CT,2,1,351,64,0,2404.038,-11.8747,0.6172
CSV,CT,2,1,352,64,0,2410.856,-12.0685,0.5430
CSV,CT,2,1,353,64,0,2417.690,-12.3363,0.2734
CSV,CT,2,1,354,64,0,2424.524,-11.7721,0.4297
CSV,CT,2,1,355,64,0,2431.353,-11.4932,0.7656
CSV,CT,2,1,356,64,0,2438.197,-12.1371,0.6719
CSV,CT,2,1,357,64,0,2445.041,-12.5199,0.2656
CSV,CT,2,1,358,64,0,2451.860,-11.9142,0.3633
CSV,CT,2,1,359,64,0,2458.684,-11.6880,0.5625
CSV,CT,2,1,360,64,0,2465.506,-11.9555,0.5469
CSV,CT,2,1,361,64,0,2472.326,-11.8425,0.6875
CSV,CT,2,1,362,64,0,2479.132,-12.2480,0.4688
CSV,CT,2,1,363,64,0,2485.961,-12.2946,0.2773
CSV,CT,2,1,364,64,0,2492.803,-11.6765,0.5000
CSV,CT,2,1,365,64,0,2499.608,-11.8562,0.6211
CSV,CT,2,1,366,64,0,2506.441,-11.9055,0.6836
CSV,CT,2,1,367,64,0,2513.283,-12.1863,0.5391
CSV,CT,2,1,368,64,0,2520.096,-12.3574,0.2734
CSV,CT,2,1,369,64,0,2526.938,-11.9422,0.3633
CSV,CT,2,1,370,64,0,2533.786,-11.4982,0.6992
CSV,CT,2,1,371,64,0,2540.593,-12.1105,0.6094
CSV,CT,2,1,372,64,0,2547.426,-12.3157,0.4062
CSV,CT,2,1,373,64,0,2554.245,-12.1425,0.2812
CSV,CT,2,1,374,64,0,2561.062,-11.8064,0.4297
CSV,CT,2,1,375,64,0,2567.899,-11.4119,0.8359
CSV,CT,2,1,376,64,0,2574.704,-11.9163,0.8750
CSV,CT,2,1,377,64,0,2581.540,-12.6465,0.3867
CSV,CT,2,1,378,64,0,2588.352,-12.4169,0.1445
CSV,CT,2,1,379,64,0,2595.182,-11.6070,0.4414
CSV,CT,2,1,380,64,0,2602.011,-11.3728,0.9023
CSV,CT,2,1,381,64,0,2608.827,-12.2358,0.6602
CSV,CT,2,1,382,64,0,2615.668,-12.5791,0.2617
CSV,CT,2,1,383,64,0,2622.482,-11.9657,0.2930
CSV,CT,2,1,384,64,0,2629.320,-11.7068,0.5000
CSV,CT,2,1,385,64,0,2636.130,-11.7635,0.6914
CSV,CT,2,1,386,64,0,2642.958,-12.0579,0.6094
CSV,CT,2,1,387,64,0,2649.803,-12.0885,0.5430
CSV,CT,2,1,388,64,0,2656.606,-12.2945,0.3438
CSV,CT,2,1,389,64,0,2663.436,-12.0930,0.2891
CSV,CT,2,1,390,64,0,2670.273,-11.7889,0.4297
CSV,CT,2,1,391,64,0,2677.093,-11.7227,0.6250
CSV,CT,2,1,392,64,0,2683.931,-11.9586,0.6133
CSV,CT,2,1,393,64,0,2690.768,-12.0250,0.6133
CSV,CT,2,1,394,64,0,2697.584,-12.1759,0.4766
CSV,CT,2,1,395,64,0,2704.418,-12.2281,0.3477
CSV,CT,2,1,396,64,0,2711.244,-11.7658,0.4961
CSV,CT,2,1,397,64,0,2718.066,-11.9385,0.5547
CSV,CT,2,1,398,64,0,2724.910,-12.2161,0.4102
CSV,CT,2,1,399,64,0,2731.723,-11.8717,0.4883
CSV,CT,2,1,400,64,0,2738.562,-12.0048,0.4844
CSV,CT,2,1,401,64,0,2745.407,-11.8007,0.6211
CSV,CT,2,1,402,64,0,2752.226,-12.0607,0.5430
CSV,CT,2,1,403,64,0,2759.065,-12.0615,0.4805
CSV,CT,2,1,404,64,0,2765.895,-11.9450,0.5547
CSV,CT,2,1,405,64,0,2772.704,-12.1047,0.4805
CSV,CT,2,1,406,64,0,2779.540,-12.3396,0.2070
CSV,CT,2,1,407,64,0,2786.353,-11.8352,0.3672
CSV,CT,2,1,408,64,0,2793.188,-11.7624,0.5625
CSV,CT,2,1,409,64,0,2800.030,-12.0236,0.5469
CSV,CT,2,1,410,64,0,2806.844,-12.0567,0.4805
CSV,CT,2,1,411,64,0,2813.687,-12.1145,0.4141
CSV,CT,2,1,412,64,0,2820.507,-11.9876,0.4219
CSV,CT,2,1,413,64,0,2827.324,-11.7502,0.6250
CSV,CT,2,1,414,64,0,2834.133,-11.9852,0.6133
CSV,CT,2,1,415,64,0,2840.958,-12.2900,0.4062
CSV,CT,2,1,416,64,0,2847.803,-11.9715,0.4219
CSV,CT,2,1,417,64,0,2854.612,-12.0071,0.4180
CSV,CT,2,1,418,64,0,2861.442,-11.9534,0.4180
CSV,CT,2,1,419,64,0,2868.280,-11.6934,0.6250
CSV,CT,2,1,420,64,0,2875.083,-11.9650,0.6133
CSV,CT,2,1,421,64,0,2881.930,-12.2129,0.4727
CSV,CT,2,1,422,64,0,2888.768,-11.9634,0.4844
CSV,CT,2,1,423,64,0,2895.588,-11.7900,0.6211
CSV,CT,2,1,424,64,0,2902.425,-12.0814,0.5430
CSV,CT,2,1,425,64,0,2909.265,-12.2570,0.3398
CSV,CT,2,1,426,64,0,2916.075,-12.0291,0.3555
CSV,CT,2,1,427,64,0,2922.924,-11.6459,0.6328
CSV,CT,2,1,428,64,0,2929.733,-11.7720,0.7500
CSV,CT,2,1,429,64,0,2936.579,-12.3626,0.4648
CSV,CT,2,1,430,64,0,2943.416,-11.8886,0.5547
CSV,CT,2,1,431,64,0,2950.237,-11.9900,0.5469
CSV,CT,2,1,432,64,0,2957.066,-12.0235,0.5469
CSV,CT,2,1,433,64,0,2963.909,-12.2333,0.4102
CSV,CT,2,1,434,64,0,2970.714,-12.2802,0.2148
CSV,CT,2,1,435,64,0,2977.551,-11.7220,0.4336
CSV,CT,2,1,436,64,0,2984.386,-11.4491,0.8320
CSV,CT,2,1,437,64,0,2991.221,-12.1572,0.6641
CSV,CT,2,1,438,64,0,2998.063,-12.4212,0.4023
CSV,CT,2,1,439,64,0,3004.899,-12.3054,0.2148
CSV,CT,2,1,440,64,0,3011.707,-11.6536,0.5039
CSV,CT,2,1,441,64,0,3018.539,-11.8343,0.6211
CSV,CT,2,1,442,64,0,3025.350,-11.9424,0.6797
CSV,CT,2,1,443,64,0,3032.188,-12.0107,0.6758
CSV,CT,2,1,444,64,0,3039.033,-12.4333,0.3320
CSV,CT,2,1,445,64,0,3045.849,-12.0444,0.3555
CSV,CT,2,1,446,64,0,3052.689,-11.7138,0.5625
CSV,CT,2,1,447,64,0,3059.521,-11.8891,0.6172
CSV,CT,2,1,448,64,0,3066.340,-11.9636,0.6133
CSV,CT,2,1,449,64,0,3073.183,-11.9738,0.6133
CSV,CT,2,1,450,64,0,3080.019,-11.8321,0.7500
CSV,CT,2,1,451,64,0,3086.835,-12.4194,0.4648
CSV,CT,2,1,452,64,0,3093.685,-12.2404,0.2773
CSV,CT,2,1,453,64,0,3100.503,-11.8354,0.4297
CSV,CT,2,1,454,64,0,3107.327,-11.5213,0.7656
CSV,CT,2,1,455,64,0,3114.163,-12.1925,0.6016
CSV,CT,2,1,456,64,0,3120.984,-12.4208,0.3359
CSV,CT,2,1,457,64,0,3127.821,-12.2131,0.2188
CSV,CT,2,1,458,64,0,3134.664,-11.5405,0.5703
CSV,CT,2,1,459,64,0,3141.482,-11.8528,0.6836
CSV,CT,2,1,460,64,0,3148.320,-12.4701,0.3320
CSV,CT,2,1,461,64,0,3155.132,-12.0765,0.2852
CSV,CT,2,1,462,64,0,3161.959,-11.6836,0.4961
CSV,CT,2,1,463,64,0,3168.803,-11.4444,0.8984
CSV,CT,2,1,464,64,0,3175.602,-12.3310,0.5898
CSV,CT,2,1,465,64,0,3182.436,-12.5766,0.1992
CSV,CT,2,1,466,64,0,3189.276,-12.0852,0.1602
CSV,CT,2,1,467,64,0,3196.096,-11.3332,0.6445
CSV,CT,2,1,468,64,0,3202.938,-11.7199,0.8164
CSV,CT,2,1,469,64,0,3209.786,-12.3478,0.5273
CSV,CT,2,1,470,64,0,3216.607,-12.3532,0.2734
CSV,CT,2,1,471,64,0,3223.440,-11.7605,0.5000
CSV,CT,2,1,472,64,0,3230.281,-11.6974,0.6914
CSV,CT,2,1,473,64,0,3237.098,-12.1455,0.5391
CSV,CT,2,1,474,64,0,3243.941,-12.1086,0.4805
CSV,CT,2,1,475,64,0,3250.786,-11.8342,0.6211
CSV,CT,2,1,476,64,0,3257.594,-12.2096,0.4727
CSV,CT,2,1,477,64,0,3264.428,-12.1683,0.3438
CSV,CT,2,1,478,64,0,3271.268,-11.5618,0.6992
CSV,CT,2,1,479,64,0,3278.070,-12.1400,0.6055
CSV,CT,2,1,480,64,0,3284.920,-12.1947,0.4727
CSV,CT,2,1,481,64,0,3291.733,-12.0052,0.4844
CSV,CT,2,1,482,64,0,3298.578,-12.1570,0.3438
CSV,CT,2,1,483,64,0,3305.415,-11.6680,0.6328
CSV,CT,2,1,484,64,0,3312.232,-11.9996,0.6094
CSV,CT,2,1,485,64,0,3319.062,-12.0036,0.6094
CSV,CT,2,1,486,64,0,3325.898,-12.1868,0.4727
CSV,CT,2,1,487,64,0,3332.704,-12.2061,0.3438
CSV,CT,2,1,488,64,0,3339.540,-11.9237,0.4258
CSV,CT,2,1,489,64,0,3346.352,-12.1705,0.2812
CSV,CT,2,1,490,64,0,3353.189,-11.8912,0.3594
CSV,CT,2,1,491,64,0,3360.034,-11.4540,0.7695
CSV,CT,2,1,492,64,0,3366.849,-11.9825,0.7383
CSV,CT,2,1,493,64,0,3373.695,-12.6760,0.2578
CSV,CT,2,1,494,64,0,3380.540,-12.2065,0.1523
CSV,CT,2,1,495,64,0,3387.353,-11.6549,0.4375
CSV,CT,2,1,496,64,0,3394.192,-11.7163,0.6250
CSV,CT,2,1,497,64,0,3401.039,-12.1318,0.5430
CSV,CT,2,1,498,64,0,3407.854,-12.0940,0.4766
CSV,CT,2,1,499,64,0,3414.695,-12.1781,0.3438
CSV,C,5,0,50.0,0.002,1229,3353,0.492,0.746,0.15,6808829.50,6841584.00,6900208.50,6864879.0,64,6838.0,0
CSV,CT,5,0,500,64,0
CSV,CT,5,0,0,64,0,6.906,-0.0000,0.9492
CSV,CT,5,0,1,64,0,13.748,-1.8321,0.9492
CSV,CT,5,0,2,64,0,20.581,-3.4888,0.9492
CSV,CT,5,0,3,64,0,27.429,-5.0712,0.9492
CSV,CT,5,0,4,64,0,34.283,-6.3801,0.9492
CSV,CT,5,0,5,64,0,41.112,-7.6729,0.9492
CSV,CT,5,0,6,64,0,47.945,-8.8033,0.9492
CSV,CT,5,0,7,64,0,54.793,-9.9897,0.9492
CSV,CT,5,0,8,64,0,61.648,-10.9574,0.9492
CSV,CT,5,0,9,64,0,68.468,-11.9132,0.9492
CSV,CT,5,0,10,64,0,75.315,-12.7928,0.3945
CSV,CT,5,0,11,64,0,82.163,-12.6781,0.0508
CSV,CT,5,0,12,64,0,89.001,-11.7851,0.2227
CSV,CT,5,0,13,64,0,95.833,-11.1742,0.8320
CSV,CT,5,0,14,64,0,102.689,-11.6659,0.9492
CSV,CT,5,0,15,64,0,109.538,-12.5359,0.5195
CSV,CT,5,0,16,64,0,116.369,-12.4654,0.2031
CSV,CT,5,0,17,64,0,123.198,-11.7399,0.4336
CSV,CT,5,0,18,64,0,130.037,-11.7638,0.6250
CSV,CT,5,0,19,64,0,136.856,-11.9970,0.6094
CSV,CT,5,0,20,64,0,143.699,-12.0618,0.5430
CSV,CT,5,0,21,64,0,150.561,-12.0278,0.5469
CSV,CT,5,0,22,64,0,157.419,-12.0890,0.4766
CSV,CT,5,0,23,64,0,164.278,-11.8178,0.6211
CSV,CT,5,0,24,64,0,171.110,-12.0758,0.5430
CSV,CT,5,0,25,64,0,177.941,-12.2223,0.4102
CSV,CT,5,0,26,64,0,184.794,-11.9519,0.4883
CSV,CT,5,0,27,64,0,191.649,-11.9012,0.5508
CSV,CT,5,0,28,64,0,198.468,-11.9749,0.5469
CSV,CT,5,0,29,64,0,205.312,-11.9797,0.5469
CSV,CT,5,0,30,64,0,212.159,-12.0443,0.5469
CSV,CT,5,0,31,64,0,218.989,-12.3724,0.2734
CSV,CT,5,0,32,64,0,225.825,-11.8711,0.3594
CSV,CT,5,0,33,64,0,232.681,-11.7956,0.4922
CSV,CT,5,0,34,64,0,239.542,-11.4563,0.8984
CSV,CT,5,0,35,64,0,246.372,-12.2238,0.7305
CSV,CT,5,0,36,64,0,253.202,-12.6885,0.2578
CSV,CT,5,0,37,64,0,260.052,-12.0389,0.2930
CSV,CT,5,0,38,64,0,266.907,-11.6491,0.5664
CSV,CT,5,0,39,64,0,273.747,-11.8621,0.6172
CSV,CT,5,0,40,64,0,280.575,-11.8484,0.7500
CSV,CT,5,0,41,64,0,287.429,-12.2552,0.5312
CSV,CT,5,0,42,64,0,294.285,-12.4761,0.2031
CSV,CT,5,0,43,64,0,301.115,-11.9328,0.2969
CSV,CT,5,0,44,64,0,307.946,-11.6725,0.4961
CSV,CT,5,0,45,64,0,314.803,-11.7945,0.6211
CSV,CT,5,0,46,64,0,321.646,-11.9328,0.6797
CSV,CT,5,0,47,64,0,328.469,-12.2578,0.4688
CSV,CT,5,0,48,64,0,335.313,-12.1794,0.3477
CSV,CT,5,0,49,64,0,342.176,-11.8990,0.4258
CSV,CT,5,0,50,64,0,349.009,-11.9404,0.4883
CSV,CT,5,0,51,64,0,355.837,-11.9177,0.5508
CSV,CT,5,0,52,64,0,362.691,-12.1981,0.4102
CSV,CT,5,0,53,64,0,369.538,-12.1859,0.2812
CSV,CT,5,0,54,64,0,376.368,-11.6929,0.4961
CSV,CT,5,0,55,64,0,383.199,-11.7796,0.6211
CSV,CT,5,0,56,64,0,390.046,-12.0091,0.6094
CSV,CT,5,0,57,64,0,396.871,-12.3404,0.3359
CSV,CT,5,0,58,64,0,403.709,-12.0751,0.2852
CSV,CT,5,0,59,64,0,410.562,-11.5334,0.6367
CSV,CT,5,0,60,64,0,417.423,-11.6935,0.8164
CSV,CT,5,0,61,64,0,424.277,-12.1745,0.6641
CSV,CT,5,0,62,64,0,431.106,-12.5258,0.2617
CSV,CT,5,0,63,64,0,437.937,-12.1000,0.2227
CSV,CT,5,0,64,64,0,444.791,-11.4949,0.5703
CSV,CT,5,0,65,64,0,451.609,-11.6586,0.8242
CSV,CT,5,0,66,64,0,458.463,-12.4380,0.4570
CSV,CT,5,0,67,64,0,465.312,-12.1678,0.3477
CSV,CT,5,0,68,64,0,472.162,-11.7394,0.5625
CSV,CT,5,0,69,64,0,478.994,-11.7645,0.7539
CSV,CT,5,0,70,64,0,485.831,-12.2072,0.6016
CSV,CT,5,0,71,64,0,492.687,-12.4348,0.2656
CSV,CT,5,0,72,64,0,499.538,-12.1337,0.2227
CSV,CT,5,0,73,64,0,506.374,-11.5874,0.5039
CSV,CT,5,0,74,64,0,513.205,-11.6818,0.6875
CSV,CT,5,0,75,64,0,520.048,-11.9813,0.6758
CSV,CT,5,0,76,64,0,526.878,-12.2864,0.4688
CSV,CT,5,0,77,64,0,533.704,-12.2067,0.3477
CSV,CT,5,0,78,64,0,540.558,-11.9553,0.3555
CSV,CT,5,0,79,64,0,547.396,-11.7223,0.5625
CSV,CT,5,0,80,64,0,554.231,-12.1056,0.4766
CSV,CT,5,0,81,64,0,561.083,-11.8890,0.5508
CSV,CT,5,0,82,64,0,567.938,-11.8724,0.6172
CSV,CT,5,0,83,64,0,574.789,-12.1259,0.5430
CSV,CT,5,0,84,64,0,581.609,-11.9709,0.5469
CSV,CT,5,0,85,64,0,588.460,-12.1246,0.4766
CSV,CT,5,0,86,64,0,595.309,-12.2962,0.2773
CSV,CT,5,0,87,64,0,602.160,-11.7945,0.4297
CSV,CT,5,0,88,64,0,608.988,-11.7245,0.6250
CSV,CT,5,0,89,64,0,615.827,-12.0782,0.5430
CSV,CT,5,0,90,64,0,622.682,-12.1967,0.4102
CSV,CT,5,0,91,64,0,629.544,-11.7592,0.6250
CSV,CT,5,0,92,64,0,636.374,-11.9630,0.6094
CSV,CT,5,0,93,64,0,643.207,-12.2677,0.4062
CSV,CT,5,0,94,64,0,650.060,-11.9806,0.4180
CSV,CT,5,0,95,64,0,656.909,-11.7758,0.5586
CSV,CT,5,0,96,64,0,663.737,-12.0367,0.5469
CSV,CT,5,0,97,64,0,670.576,-12.2761,0.3398
CSV,CT,5,0,98,64,0,677.423,-11.8359,0.4922
CSV,CT,5,0,99,64,0,684.282,-11.7960,0.6211
CSV,CT,5,0,100,64,0,691.112,-11.9059,0.6797
CSV,CT,5,0,101,64,0,697.945,-12.1864,0.5391
CSV,CT,5,0,102,64,0,704.802,-12.4752,0.2031
CSV,CT,5,0,103,64,0,711.657,-11.7527,0.4336
CSV,CT,5,0,104,64,0,718.483,-11.4759,0.8320
CSV,CT,5,0,105,64,0,725.316,-12.1227,0.7344
CSV,CT,5,0,106,64,0,732.164,-12.5667,0.3242
CSV,CT,5,0,107,64,0,739.001,-12.2236,0.2188
CSV,CT,5,0,108,64,0,745.837,-11.6391,0.5039
CSV,CT,5,0,109,64,0,752.691,-11.7024,0.6875
CSV,CT,5,0,110,64,0,759.542,-12.1179,0.6055
CSV,CT,5,0,111,64,0,766.368,-12.4400,0.2656
CSV,CT,5,0,112,64,0,773.202,-11.8080,0.4297
CSV,CT,5,0,113,64,0,780.050,-11.7361,0.6250
CSV,CT,5,0,114,64,0,786.901,-11.9121,0.6797
CSV,CT,5,0,115,64,0,793.728,-12.1645,0.5391
CSV,CT,5,0,116,64,0,800.564,-12.4250,0.2031
CSV,CT,5,0,117,64,0,807.416,-11.7630,0.4336
CSV,CT,5,0,118,64,0,814.276,-11.4854,0.7617
CSV,CT,5,0,119,64,0,821.103,-11.8594,0.8086
CSV,CT,5,0,120,64,0,827.942,-12.4734,0.4570
CSV,CT,5,0,121,64,0,834.797,-12.2882,0.2773
CSV,CT,5,0,122,64,0,841.648,-11.9074,0.3594
CSV,CT,5,0,123,64,0,848.474,-11.7103,0.5625
CSV,CT,5,0,124,64,0,855.313,-11.6184,0.8242
CSV,CT,5,0,125,64,0,862.165,-12.3723,0.5273
CSV,CT,5,0,126,64,0,868.989,-12.3467,0.2734
CSV,CT,5,0,127,64,0,875.828,-11.8714,0.3594
CSV,CT,5,0,128,64,0,882.688,-11.6140,0.6289
CSV,CT,5,0,129,64,0,889.543,-11.8587,0.7500
CSV,CT,5,0,130,64,0,896.372,-12.3534,0.4648
CSV,CT,5,0,131,64,0,903.205,-12.3291,0.2070
CSV,CT,5,0,132,64,0,910.058,-11.7070,0.4336
CSV,CT,5,0,133,64,0,916.915,-11.5233,0.7617
CSV,CT,5,0,134,64,0,923.761,-11.9250,0.8086
CSV,CT,5,0,135,64,0,930.582,-12.4575,0.4570
CSV,CT,5,0,136,64,0,937.432,-12.4572,0.1406
CSV,CT,5,0,137,64,0,944.288,-11.6763,0.3711
CSV,CT,5,0,138,64,0,951.141,-11.1961,0.9492
CSV,CT,5,0,139,64,0,957.956,-12.1183,0.8359
CSV,CT,5,0,140,64,0,964.814,-12.7121,0.2930
CSV,CT,5,0,141,64,0,971.681,-12.4479,0.0508
CSV,CT,5,0,142,64,0,978.528,-11.6348,0.3477
CSV,CT,5,0,143,64,0,985.360,-11.5157,0.6719
CSV,CT,5,0,144,64,0,992.198,-11.8575,0.7891
CSV,CT,5,0,145,64,0,999.049,-12.5304,0.3633
CSV,CT,5,0,146,64,0,1005.866,-12.3986,0.1172
CSV,CT,5,0,147,64,0,1012.698,-11.5287,0.4805
CSV,CT,5,0,148,64,0,1019.557,-11.4193,0.8711
CSV,CT,5,0,149,64,0,1026.413,-12.1009,0.7734
CSV,CT,5,0,150,64,0,1033.255,-12.6095,0.2969
CSV,CT,5,0,151,64,0,1040.095,-12.2341,0.1914
CSV,CT,5,0,152,64,0,1046.941,-11.7075,0.4102
CSV,CT,5,0,153,64,0,1053.793,-11.4956,0.7383
CSV,CT,5,0,154,64,0,1060.644,-11.8983,0.7812
CSV,CT,5,0,155,64,0,1067.468,-12.4811,0.4336
CSV,CT,5,0,156,64,0,1074.315,-12.2973,0.2500
CSV,CT,5,0,157,64,0,1081.168,-11.9749,0.2656
CSV,CT,5,0,158,64,0,1088.002,-11.6538,0.5430
CSV,CT,5,0,159,64,0,1094.838,-11.5650,0.8672
CSV,CT,5,0,160,64,0,1101.691,-12.4120,0.5664
CSV,CT,5,0,161,64,0,1108.544,-12.5922,0.1719
CSV,CT,5,0,162,64,0,1115.382,-11.9170,0.2695
CSV,CT,5,0,163,64,0,1122.207,-11.6559,0.5391
CSV,CT,5,0,164,64,0,1129.060,-11.7473,0.7266
CSV,CT,5,0,165,64,0,1135.914,-12.0995,0.6445
CSV,CT,5,0,166,64,0,1142.756,-12.2142,0.5117
CSV,CT,5,0,167,64,0,1149.578,-12.2902,0.3164
CSV,CT,5,0,168,64,0,1156.424,-11.8215,0.4688
CSV,CT,5,0,169,64,0,1163.282,-11.5689,0.8008
CSV,CT,5,0,170,64,0,1170.112,-12.1477,0.6406
CSV,CT,5,0,171,64,0,1176.949,-12.2923,0.4453
CSV,CT,5,0,172,64,0,1183.802,-12.2127,0.3203
CSV,CT,5,0,173,64,0,1190.662,-11.7202,0.5352
CSV,CT,5,0,174,64,0,1197.483,-11.7249,0.7266
CSV,CT,5,0,175,64,0,1204.316,-12.4092,0.4375
CSV,CT,5,0,176,64,0,1211.176,-12.2915,0.2500
CSV,CT,5,0,177,64,0,1218.006,-11.9999,0.2656
CSV,CT,5,0,178,64,0,1224.837,-11.7030,0.4727
CSV,CT,5,0,179,64,0,1231.693,-11.8185,0.5938
CSV,CT,5,0,180,64,0,1238.551,-11.8063,0.7227
CSV,CT,5,0,181,64,0,1245.384,-12.0676,0.6445
CSV,CT,5,0,182,64,0,1252.207,-12.5168,0.2383
CSV,CT,5,0,183,64,0,1259.058,-11.9378,0.3359
CSV,CT,5,0,184,64,0,1265.914,-11.6765,0.5352
CSV,CT,5,0,185,64,0,1272.760,-11.7348,0.7266
CSV,CT,5,0,186,64,0,1279.582,-12.2106,0.5742
CSV,CT,5,0,187,64,0,1286.431,-12.3205,0.3789
CSV,CT,5,0,188,64,0,1293.288,-11.9090,0.4648
CSV,CT,5,0,189,64,0,1300.137,-11.7083,0.6641
CSV,CT,5,0,190,64,0,1306.959,-12.2166,0.5117
CSV,CT,5,0,191,64,0,1313.815,-12.3232,0.3164
CSV,CT,5,0,192,64,0,1320.674,-12.0014,0.3281
CSV,CT,5,0,193,64,0,1327.504,-11.5566,0.6758
CSV,CT,5,0,194,64,0,1334.331,-11.6268,0.9258
CSV,CT,5,0,195,64,0,1341.186,-12.3225,0.6992
CSV,CT,5,0,196,64,0,1348.007,-12.6308,0.2305
CSV,CT,5,0,197,64,0,1354.838,-11.9532,0.2656
CSV,CT,5,0,198,64,0,1361.693,-11.5991,0.5430
CSV,CT,5,0,199,64,0,1368.549,-11.5161,0.8672
CSV,CT,5,0,200,64,0,1375.380,-12.3377,0.5664
CSV,CT,5,0,201,64,0,1382.206,-12.5529,0.1719
CSV,CT,5,0,202,64,0,1389.058,-11.9134,0.2695
CSV,CT,5,0,203,64,0,1395.915,-11.4149,0.6797
CSV,CT,5,0,204,64,0,1402.760,-11.7356,0.8555
CSV,CT,5,0,205,64,0,1409.582,-12.3548,0.5664
CSV,CT,5,0,206,64,0,1416.440,-12.4812,0.2422
CSV,CT,5,0,207,64,0,1423.289,-11.9368,0.3359
CSV,CT,5,0,208,64,0,1430.138,-11.4649,0.7422
CSV,CT,5,0,209,64,0,1436.973,-12.0822,0.6445
CSV,CT,5,0,210,64,0,1443.818,-12.4681,0.3047
CSV,CT,5,0,211,64,0,1450.675,-12.1356,0.2617
CSV,CT,5,0,212,64,0,1457.526,-11.7671,0.4023
CSV,CT,5,0,213,64,0,1464.364,-11.4298,0.8086
CSV,CT,5,0,214,64,0,1471.198,-12.1084,0.7070
CSV,CT,5,0,215,64,0,1478.037,-12.6129,0.2305
CSV,CT,5,0,216,64,0,1484.867,-12.1468,0.1289
CSV,CT,5,0,217,64,0,1491.699,-11.3586,0.6211
CSV,CT,5,0,218,64,0,1498.550,-11.7435,0.7930
CSV,CT,5,0,219,64,0,1505.380,-12.1861,0.6406
CSV,CT,5,0,220,64,0,1512.204,-12.3847,0.3750
CSV,CT,5,0,221,64,0,1519.048,-11.9361,0.4648
CSV,CT,5,0,222,64,0,1525.866,-12.1227,0.3867
CSV,CT,5,0,223,64,0,1532.699,-11.7851,0.5312
CSV,CT,5,0,224,64,0,1539.561,-11.7145,0.7266
CSV,CT,5,0,225,64,0,1546.413,-12.0698,0.6445
CSV,CT,5,0,226,64,0,1553.249,-12.6370,0.1680
CSV,CT,5,0,227,64,0,1560.097,-11.8994,0.2695
CSV,CT,5,0,228,64,0,1566.941,-11.5500,0.6094
CSV,CT,5,0,229,64,0,1573.795,-11.9194,0.6523
CSV,CT,5,0,230,64,0,1580.648,-12.3477,0.3750
CSV,CT,5,0,231,64,0,1587.469,-12.2051,0.2578
CSV,CT,5,0,232,64,0,1594.316,-11.7132,0.4727
CSV,CT,5,0,233,64,0,1601.164,-11.8601,0.5273
CSV,CT,5,0,234,64,0,1608.002,-11.9636,0.5234
CSV,CT,5,0,235,64,0,1614.837,-11.9982,0.5234
CSV,CT,5,0,236,64,0,1621.688,-12.1825,0.3828
CSV,CT,5,0,237,64,0,1628.542,-11.9610,0.3945
CSV,CT,5,0,238,64,0,1635.371,-11.7872,0.5312
CSV,CT,5,0,239,64,0,1642.206,-12.0782,0.4531
CSV,CT,5,0,240,64,0,1649.054,-11.7753,0.5938
CSV,CT,5,0,241,64,0,1655.912,-11.7684,0.7227
CSV,CT,5,0,242,64,0,1662.756,-12.2397,0.5078
CSV,CT,5,0,243,64,0,1669.576,-12.1348,0.4531
CSV,CT,5,0,244,64,0,1676.432,-12.0382,0.4570
CSV,CT,5,0,245,64,0,1683.288,-11.7687,0.5938
CSV,CT,5,0,246,64,0,1690.134,-11.9985,0.5859
CSV,CT,5,0,247,64,0,1696.951,-12.1514,0.4492
CSV,CT,5,0,248,64,0,1703.808,-12.0837,0.3906
CSV,CT,5,0,249,64,0,1710.662,-11.9908,0.3945
CSV,CT,5,0,250,64,0,1717.484,-11.5783,0.6680
CSV,CT,5,0,251,64,0,1724.312,-12.0043,0.6484
CSV,CT,5,0,252,64,0,1731.166,-12.2802,0.4414
CSV,CT,5,0,253,64,0,1737.996,-12.3221,0.2500
CSV,CT,5,0,254,64,0,1744.837,-11.7905,0.4023
CSV,CT,5,0,255,64,0,1751.691,-11.6307,0.6680
CSV,CT,5,0,256,64,0,1758.541,-12.0234,0.6484
CSV,CT,5,0,257,64,0,1765.374,-12.1171,0.5820
CSV,CT,5,0,258,64,0,1772.204,-12.5892,0.1719
CSV,CT,5,0,259,64,0,1779.050,-11.8557,0.3398
CSV,CT,5,0,260,64,0,1785.866,-11.6905,0.5352
CSV,CT,5,0,261,64,0,1792.699,-11.7479,0.7266
CSV,CT,5,0,262,64,0,1799.557,-12.1900,0.5742
CSV,CT,5,0,263,64,0,1806.417,-12.4488,0.2422
CSV,CT,5,0,264,64,0,1813.276,-11.8485,0.4023
CSV,CT,5,0,265,64,0,1820.107,-11.8433,0.5312
CSV,CT,5,0,266,64,0,1826.938,-11.9509,0.5898
CSV,CT,5,0,267,64,0,1833.803,-11.8408,0.7227
CSV,CT,5,0,268,64,0,1840.658,-12.1563,0.5742
CSV,CT,5,0,269,64,0,1847.480,-12.5361,0.1719
CSV,CT,5,0,270,64,0,1854.316,-12.0470,0.1328
CSV,CT,5,0,271,64,0,1861.165,-11.2963,0.6875
CSV,CT,5,0,272,64,0,1868.000,-11.7451,0.8555
CSV,CT,5,0,273,64,0,1874.837,-12.5772,0.4297
CSV,CT,5,0,274,64,0,1881.693,-12.4744,0.1133
CSV,CT,5,0,275,64,0,1888.547,-11.6542,0.4141
CSV,CT,5,0,276,64,0,1895.372,-11.5958,0.6680
CSV,CT,5,0,277,64,0,1902.206,-12.0865,0.5820
CSV,CT,5,0,278,64,0,1909.053,-11.9935,0.5859
CSV,CT,5,0,279,64,0,1915.915,-11.9701,0.5859
CSV,CT,5,0,280,64,0,1922.761,-12.0467,0.5859
CSV,CT,5,0,281,64,0,1929.579,-12.1953,0.4492
CSV,CT,5,0,282,64,0,1936.431,-12.1233,0.3906
CSV,CT,5,0,283,64,0,1943.288,-11.6953,0.6016
CSV,CT,5,0,284,64,0,1950.129,-12.0216,0.5859
CSV,CT,5,0,285,64,0,1956.951,-12.3209,0.3789
CSV,CT,5,0,286,64,0,1963.803,-12.0905,0.3242
CSV,CT,5,0,287,64,0,1970.662,-11.6365,0.6055
CSV,CT,5,0,288,64,0,1977.483,-11.6984,0.7930
CSV,CT,5,0,289,64,0,1984.319,-12.3571,0.5039
CSV,CT,5,0,290,64,0,1991.184,-12.1817,0.3828
CSV,CT,5,0,291,64,0,1998.011,-11.8689,0.4609
CSV,CT,5,0,292,64,0,2004.844,-11.6149,0.7344
CSV,CT,5,0,293,64,0,2011.697,-12.1872,0.5742
CSV,CT,5,0,294,64,0,2018.555,-12.3864,0.3086
CSV,CT,5,0,295,64,0,2025.396,-12.0305,0.3281
CSV,CT,5,0,296,64,0,2032.226,-11.8801,0.3984
CSV,CT,5,0,297,64,0,2039.071,-11.9206,0.4609
CSV,CT,5,0,298,64,0,2045.937,-11.9292,0.5273
CSV,CT,5,0,299,64,0,2052.790,-12.0316,0.5234
CSV,CT,5,0,300,64,0,2059.603,-11.7627,0.7305
CSV,CT,5,0,301,64,0,2066.460,-11.9692,0.7148
CSV,CT,5,0,302,64,0,2073.307,-12.3667,0.4375
CSV,CT,5,0,303,64,0,2080.161,-12.1889,0.3203
CSV,CT,5,0,304,64,0,2086.992,-11.6664,0.6055
CSV,CT,5,0,305,64,0,2093.831,-11.7568,0.7930
CSV,CT,5,0,306,64,0,2100.688,-12.4377,0.4336
CSV,CT,5,0,307,64,0,2107.544,-12.1373,0.3906
CSV,CT,5,0,308,64,0,2114.377,-11.9785,0.3945
CSV,CT,5,0,309,64,0,2121.206,-11.7120,0.6016
CSV,CT,5,0,310,64,0,2128.052,-11.7402,0.7930
CSV,CT,5,0,311,64,0,2134.907,-12.2145,0.6406
CSV,CT,5,0,312,64,0,2141.739,-12.5327,0.2383
CSV,CT,5,0,313,64,0,2148.579,-11.9229,0.3359
CSV,CT,5,0,314,64,0,2155.432,-11.6048,0.6055
CSV,CT,5,0,315,64,0,2162.288,-11.7301,0.7930
CSV,CT,5,0,316,64,0,2169.137,-12.3551,0.5039
CSV,CT,5,0,317,64,0,2175.960,-12.5110,0.1758
CSV,CT,5,0,318,64,0,2182.807,-11.8423,0.3398
CSV,CT,5,0,319,64,0,2189.662,-11.5901,0.6055
CSV,CT,5,0,320,64,0,2196.483,-11.7159,0.7930
CSV,CT,5,0,321,64,0,2203.312,-12.3131,0.5703
CSV,CT,5,0,322,64,0,2210.164,-12.2624,0.3789
CSV,CT,5,0,323,64,0,2216.996,-11.8252,0.5312
CSV,CT,5,0,324,64,0,2223.828,-11.9361,0.5898
CSV,CT,5,0,325,64,0,2230.682,-12.0948,0.5156
CSV,CT,5,0,326,64,0,2237.540,-11.9118,0.5898
CSV,CT,5,0,327,64,0,2244.372,-11.9833,0.5859
CSV,CT,5,0,328,64,0,2251.204,-12.3187,0.3789
CSV,CT,5,0,329,64,0,2258.055,-11.8771,0.4648
CSV,CT,5,0,330,64,0,2264.912,-11.7106,0.6641
CSV,CT,5,0,331,64,0,2271.765,-12.0380,0.6484
CSV,CT,5,0,332,64,0,2278.587,-12.3078,0.4414
CSV,CT,5,0,333,64,0,2285.433,-12.1781,0.3203
CSV,CT,5,0,334,64,0,2292.288,-11.7769,0.4688
CSV,CT,5,0,335,64,0,2299.128,-12.0374,0.4570
CSV,CT,5,0,336,64,0,2305.948,-12.3092,0.2500
CSV,CT,5,0,337,64,0,2312.812,-11.8674,0.3359
CSV,CT,5,0,338,64,0,2319.676,-11.4902,0.6758
CSV,CT,5,0,339,64,0,2326.522,-11.8355,0.7891
CSV,CT,5,0,340,64,0,2333.357,-12.1853,0.6406
CSV,CT,5,0,341,64,0,2340.199,-12.4428,0.3047
CSV,CT,5,0,342,64,0,2347.049,-11.9312,0.3984
CSV,CT,5,0,343,64,0,2353.868,-11.9095,0.4609
CSV,CT,5,0,344,64,0,2360.699,-11.7403,0.6641
CSV,CT,5,0,345,64,0,2367.556,-12.0057,0.6484
CSV,CT,5,0,346,64,0,2374.417,-12.3680,0.3750
CSV,CT,5,0,347,64,0,2381.272,-12.1350,0.3242
CSV,CT,5,0,348,64,0,2388.102,-11.6196,0.6055
CSV,CT,5,0,349,64,0,2394.941,-12.0144,0.5859
CSV,CT,5,0,350,64,0,2401.789,-12.0461,0.5859
CSV,CT,5,0,351,64,0,2408.609,-11.9853,0.5859
CSV,CT,5,0,352,64,0,2415.460,-12.1990,0.4492
CSV,CT,5,0,353,64,0,2422.308,-11.9762,0.4570
CSV,CT,5,0,354,64,0,2429.177,-12.0695,0.3906
CSV,CT,5,0,355,64,0,2436.009,-11.8287,0.5312
CSV,CT,5,0,356,64,0,2442.837,-11.9066,0.5898
CSV,CT,5,0,357,64,0,2449.691,-12.0991,0.5156
CSV,CT,5,0,358,64,0,2456.544,-12.1849,0.3828
CSV,CT,5,0,359,64,0,2463.377,-11.9930,0.3945
CSV,CT,5,0,360,64,0,2470.207,-11.8756,0.4609
CSV,CT,5,0,361,64,0,2477.058,-11.8577,0.5938
CSV,CT,5,0,362,64,0,2483.915,-12.1720,0.4492
CSV,CT,5,0,363,64,0,2490.765,-12.1303,0.3906
CSV,CT,5,0,364,64,0,2497.580,-11.9121,0.4609
CSV,CT,5,0,365,64,0,2504.433,-11.9243,0.5273
CSV,CT,5,0,366,64,0,2511.290,-11.6039,0.7969
CSV,CT,5,0,367,64,0,2518.141,-12.0879,0.7070
CSV,CT,5,0,368,64,0,2524.972,-12.4145,0.4375
CSV,CT,5,0,369,64,0,2531.817,-12.3835,0.1836
CSV,CT,5,0,370,64,0,2538.680,-11.9070,0.2695
CSV,CT,5,0,371,64,0,2545.542,-11.3484,0.7461
CSV,CT,5,0,372,64,0,2552.379,-12.1534,0.5742
CSV,CT,5,0,373,64,0,2559.207,-12.3240,0.3789
CSV,CT,5,0,374,64,0,2566.057,-12.0012,0.3945
CSV,CT,5,0,375,64,0,2572.914,-11.8551,0.5312
CSV,CT,5,0,376,64,0,2579.765,-11.9307,0.5898
CSV,CT,5,0,377,64,0,2586.584,-12.0909,0.5156
CSV,CT,5,0,378,64,0,2593.440,-12.0571,0.4531
CSV,CT,5,0,379,64,0,2600.292,-11.9060,0.5273
CSV,CT,5,0,380,64,0,2607.144,-11.8002,0.6602
CSV,CT,5,0,381,64,0,2613.968,-12.2392,0.4414
CSV,CT,5,0,382,64,0,2620.813,-12.0417,0.4570
CSV,CT,5,0,383,64,0,2627.674,-12.1014,0.3906
CSV,CT,5,0,384,64,0,2634.520,-11.8861,0.4609
CSV,CT,5,0,385,64,0,2641.358,-11.8080,0.5938
CSV,CT,5,0,386,64,0,2648.198,-12.0958,0.5156
CSV,CT,5,0,387,64,0,2655.034,-12.1518,0.3828
CSV,CT,5,0,388,64,0,2661.856,-12.0243,0.3945
CSV,CT,5,0,389,64,0,2668.699,-11.9037,0.4609
CSV,CT,5,0,390,64,0,2675.560,-11.7626,0.6641
CSV,CT,5,0,391,64,0,2682.416,-12.0547,0.5820
CSV,CT,5,0,392,64,0,2689.261,-12.0837,0.5156
CSV,CT,5,0,393,64,0,2696.094,-12.2001,0.3828
CSV,CT,5,0,394,64,0,2702.939,-12.1556,0.2578
CSV,CT,5,0,395,64,0,2709.802,-11.5448,0.6094
CSV,CT,5,0,396,64,0,2716.647,-11.7055,0.7930
CSV,CT,5,0,397,64,0,2723.473,-12.2738,0.5703
CSV,CT,5,0,398,64,0,2730.313,-12.1052,0.5156
CSV,CT,5,0,399,64,0,2737.164,-12.1302,0.4531
CSV,CT,5,0,400,64,0,2743.988,-11.8554,0.5938
CSV,CT,5,0,401,64,0,2750.830,-12.1397,0.5156
CSV,CT,5,0,402,64,0,2757.693,-12.1030,0.4531
CSV,CT,5,0,403,64,0,2764.547,-11.8882,0.5273
CSV,CT,5,0,404,64,0,2771.378,-11.9600,0.5234
CSV,CT,5,0,405,64,0,2778.207,-11.9950,0.5234
CSV,CT,5,0,406,64,0,2785.059,-12.0014,0.5234
CSV,CT,5,0,407,64,0,2791.915,-12.1828,0.3828
CSV,CT,5,0,408,64,0,2798.765,-12.0245,0.3945
CSV,CT,5,0,409,64,0,2805.580,-11.9012,0.4609
CSV,CT,5,0,410,64,0,2812.423,-11.7293,0.6641
CSV,CT,5,0,411,64,0,2819.276,-11.9074,0.7188
CSV,CT,5,0,412,64,0,2826.106,-12.4872,0.3711
CSV,CT,5,0,413,64,0,2832.939,-12.2711,0.1875
CSV,CT,5,0,414,64,0,2839.788,-11.5924,0.4766
CSV,CT,5,0,415,64,0,2846.598,-11.6279,0.7344
CSV,CT,5,0,416,64,0,2853.454,-12.3194,0.5078
CSV,CT,5,0,417,64,0,2860.302,-12.3263,0.3164
CSV,CT,5,0,418,64,0,2867.154,-12.0042,0.3281
CSV,CT,5,0,419,64,0,2873.977,-11.7115,0.5352
CSV,CT,5,0,420,64,0,2880.816,-11.8884,0.5898
CSV,CT,5,0,421,64,0,2887.679,-12.0825,0.5156
CSV,CT,5,0,422,64,0,2894.527,-12.1088,0.4531
CSV,CT,5,0,423,64,0,2901.363,-11.9223,0.5273
CSV,CT,5,0,424,64,0,2908.198,-12.2002,0.3828
CSV,CT,5,0,425,64,0,2915.049,-11.8863,0.4609
CSV,CT,5,0,426,64,0,2921.869,-12.1068,0.3867
CSV,CT,5,0,427,64,0,2928.704,-11.9838,0.3945
CSV,CT,5,0,428,64,0,2935.559,-11.8376,0.5312
CSV,CT,5,0,429,64,0,2942.413,-11.9736,0.5234
CSV,CT,5,0,430,64,0,2949.258,-12.0397,0.5234
CSV,CT,5,0,431,64,0,2956.097,-12.1314,0.4531
CSV,CT,5,0,432,64,0,2962.938,-12.3032,0.2500
CSV,CT,5,0,433,64,0,2969.799,-11.6813,0.4727
CSV,CT,5,0,434,64,0,2976.657,-11.7089,0.6641
CSV,CT,5,0,435,64,0,2983.475,-12.2155,0.5117
CSV,CT,5,0,436,64,0,2990.311,-12.0222,0.5234
CSV,CT,5,0,437,64,0,2997.176,-12.1431,0.3828
CSV,CT,5,0,438,64,0,3004.006,-11.8654,0.4609
CSV,CT,5,0,439,64,0,3010.837,-11.9693,0.4570
CSV,CT,5,0,440,64,0,3017.688,-11.8860,0.5273
CSV,CT,5,0,441,64,0,3024.541,-11.9588,0.5234
CSV,CT,5,0,442,64,0,3031.372,-11.9047,0.5898
CSV,CT,5,0,443,64,0,3038.203,-12.0063,0.5859
CSV,CT,5,0,444,64,0,3045.056,-12.3113,0.3789
CSV,CT,5,0,445,64,0,3051.914,-12.1087,0.3242
CSV,CT,5,0,446,64,0,3058.761,-11.7444,0.5352
CSV,CT,5,0,447,64,0,3065.579,-11.9584,0.5195
CSV,CT,5,0,448,64,0,3072.431,-11.8461,0.6602
CSV,CT,5,0,449,64,0,3079.289,-12.2509,0.4414
CSV,CT,5,0,450,64,0,3086.142,-11.6953,0.6641
CSV,CT,5,0,451,64,0,3092.971,-12.0525,0.5820
CSV,CT,5,0,452,64,0,3099.815,-12.3240,0.3789
CSV,CT,5,0,453,64,0,3106.680,-12.1508,0.2578
CSV,CT,5,0,454,64,0,3113.528,-11.6327,0.5430
CSV,CT,5,0,455,64,0,3120.360,-11.9653,0.5195
CSV,CT,5,0,456,64,0,3127.198,-12.1189,0.4531
CSV,CT,5,0,457,64,0,3134.049,-12.2527,0.2500
CSV,CT,5,0,458,64,0,3140.902,-11.7874,0.4023
CSV,CT,5,0,459,64,0,3147.727,-11.7762,0.5312
CSV,CT,5,0,460,64,0,3154.570,-11.8574,0.6602
CSV,CT,5,0,461,64,0,3161.419,-12.2617,0.4414
CSV,CT,5,0,462,64,0,3168.273,-11.9764,0.4570
CSV,CT,5,0,463,64,0,3175.106,-11.9502,0.5273
CSV,CT,5,0,464,64,0,3181.943,-12.0789,0.4531
CSV,CT,5,0,465,64,0,3188.798,-11.9563,0.4570
CSV,CT,5,0,466,64,0,3195.647,-11.8154,0.5938
CSV,CT,5,0,467,64,0,3202.476,-11.8049,0.7227
CSV,CT,5,0,468,64,0,3209.315,-12.0673,0.6445
CSV,CT,5,0,469,64,0,3216.164,-12.3358,0.3750
CSV,CT,5,0,470,64,0,3222.997,-12.1600,0.2578
CSV,CT,5,0,471,64,0,3229.836,-11.7313,0.4727
CSV,CT,5,0,472,64,0,3236.688,-11.7860,0.5938
CSV,CT,5,0,473,64,0,3243.545,-11.8390,0.7227
CSV,CT,5,0,474,64,0,3250.372,-12.2756,0.5078
CSV,CT,5,0,475,64,0,3257.208,-12.5871,0.1094
CSV,CT,5,0,476,64,0,3264.059,-11.7036,0.3438
CSV,CT,5,0,477,64,0,3270.915,-11.5207,0.6719
CSV,CT,5,0,478,64,0,3277.756,-11.7409,0.8555
CSV,CT,5,0,479,64,0,3284.580,-12.4555,0.4961
CSV,CT,5,0,480,64,0,3291.437,-12.3636,0.2461
CSV,CT,5,0,481,64,0,3298.290,-11.9205,0.3359
CSV,CT,5,0,482,64,0,3305.140,-11.3586,0.8125
CSV,CT,5,0,483,64,0,3311.959,-11.9844,0.7773
CSV,CT,5,0,484,64,0,3318.807,-12.5285,0.3633
CSV,CT,5,0,485,64,0,3325.682,-12.2782,0.1875
CSV,CT,5,0,486,64,0,3332.544,-11.6592,0.4766
CSV,CT,5,0,487,64,0,3339.382,-11.5385,0.8008
CSV,CT,5,0,488,64,0,3346.207,-12.1180,0.7070
CSV,CT,5,0,489,64,0,3353.058,-12.5018,0.3711
CSV,CT,5,0,490,64,0,3359.914,-12.2563,0.1875
CSV,CT,5,0,491,64,0,3366.759,-11.6691,0.4766
CSV,CT,5,0,492,64,0,3373.580,-11.5786,0.7344
CSV,CT,5,0,493,64,0,3380.435,-12.1559,0.5742
CSV,CT,5,0,494,64,0,3387.288,-12.1887,0.4492
CSV,CT,5,0,495,64,0,3394.136,-11.9383,0.5273
CSV,CT,5,0,496,64,0,3400.960,-12.0683,0.4531
CSV,CT,5,0,497,64,0,3407.814,-12.0054,0.4570
CSV,CT,5,0,498,64,0,3414.680,-11.9468,0.5273
CSV,CT,5,0,499,64,0,3421.541,-12.0112,0.5234
CSV,C,5,1,50.0,0.001,1337,3230,0.502,0.887,0.15,6799216.50,6828215.00,6858208.50,6850379.0,64,6838.6,0
CSV,CT,5,1,500,64,0
CSV,CT,5,1,0,64,0,6.863,-0.0000,0.9492
CSV,CT,5,1,1,64,0,13.707,-1.8026,0.9492
CSV,CT,5,1,2,64,0,20.527,-3.4307,0.9492
CSV,CT,5,1,3,64,0,27.360,-5.0762,0.9492
CSV,CT,5,1,4,64,0,34.176,-6.5316,0.9492
CSV,CT,5,1,5,64,0,40.998,-7.8704,0.9492
CSV,CT,5,1,6,64,0,47.831,-9.1314,0.9492
CSV,CT,5,1,7,64,0,54.639,-10.1742,0.9492
CSV,CT,5,1,8,64,0,61.470,-11.1923,0.9492
CSV,CT,5,1,9,64,0,68.283,-12.0996,0.8359
CSV,CT,5,1,10,64,0,75.121,-12.8158,0.2227
CSV,CT,5,1,11,64,0,81.968,-12.3347,0.0469
CSV,CT,5,1,12,64,0,88.783,-11.4396,0.4805
CSV,CT,5,1,13,64,0,95.623,-11.2475,0.9492
CSV,CT,5,1,14,64,0,102.467,-12.0911,0.8398
CSV,CT,5,1,15,64,0,109.283,-12.7182,0.2930
CSV,CT,5,1,16,64,0,116.115,-12.2428,0.1289
CSV,CT,5,1,17,64,0,122.924,-11.5381,0.4844
CSV,CT,5,1,18,64,0,129.756,-11.4585,0.8750
CSV,CT,5,1,19,64,0,136.599,-12.2248,0.7070
CSV,CT,5,1,20,64,0,143.422,-12.5695,0.3047
CSV,CT,5,1,21,64,0,150.255,-12.1954,0.1953
CSV,CT,5,1,22,64,0,157.066,-11.6140,0.4805
CSV,CT,5,1,23,64,0,163.888,-11.7091,0.6680
CSV,CT,5,1,24,64,0,170.737,-11.9766,0.6523
CSV,CT,5,1,25,64,0,177.541,-12.2248,0.5156
CSV,CT,5,1,26,64,0,184.372,-12.0911,0.4570
CSV,CT,5,1,27,64,0,191.213,-12.3274,0.2539
CSV,CT,5,1,28,64,0,198.029,-11.7983,0.4062
CSV,CT,5,1,29,64,0,204.869,-11.5479,0.7422
CSV,CT,5,1,30,64,0,211.702,-12.1574,0.5781
CSV,CT,5,1,31,64,0,218.521,-12.3264,0.3828
CSV,CT,5,1,32,64,0,225.358,-12.0639,0.3281
CSV,CT,5,1,33,64,0,232.175,-11.5208,0.6797
CSV,CT,5,1,34,64,0,238.999,-11.9818,0.6523
CSV,CT,5,1,35,64,0,245.834,-12.3441,0.3789
CSV,CT,5,1,36,64,0,252.639,-12.0811,0.3281
CSV,CT,5,1,37,64,0,259.475,-11.5681,0.6758
CSV,CT,5,1,38,64,0,266.285,-11.9064,0.7227
CSV,CT,5,1,39,64,0,273.121,-12.3385,0.4414
CSV,CT,5,1,40,64,0,279.969,-12.2272,0.3242
CSV,CT,5,1,41,64,0,286.782,-11.6734,0.5391
CSV,CT,5,1,42,64,0,293.623,-11.7013,0.7305
CSV,CT,5,1,43,64,0,300.470,-12.2986,0.5117
CSV,CT,5,1,44,64,0,307.284,-12.4290,0.1797
CSV,CT,5,1,45,64,0,314.116,-11.8030,0.3438
CSV,CT,5,1,46,64,0,320.924,-11.5229,0.6758
CSV,CT,5,1,47,64,0,327.755,-11.8332,0.7891
CSV,CT,5,1,48,64,0,334.594,-12.1841,0.6445
CSV,CT,5,1,49,64,0,341.420,-12.3241,0.4453
CSV,CT,5,1,50,64,0,348.255,-11.9711,0.4609
CSV,CT,5,1,51,64,0,355.071,-11.8866,0.5312
CSV,CT,5,1,52,64,0,361.893,-11.9597,0.5234
CSV,CT,5,1,53,64,0,368.737,-11.9964,0.5234
CSV,CT,5,1,54,64,0,375.578,-11.7921,0.6641
CSV,CT,5,1,55,64,0,382.392,-12.2292,0.5156
CSV,CT,5,1,56,64,0,389.244,-12.5455,0.1133
CSV,CT,5,1,57,64,0,396.064,-11.7274,0.3477
CSV,CT,5,1,58,64,0,402.888,-11.4864,0.6758
CSV,CT,5,1,59,64,0,409.737,-11.7423,0.8594
CSV,CT,5,1,60,64,0,416.575,-12.3374,0.5703
CSV,CT,5,1,61,64,0,423.406,-12.2883,0.3828
CSV,CT,5,1,62,64,0,430.246,-12.0592,0.3281
CSV,CT,5,1,63,64,0,437.063,-11.8131,0.4688
CSV,CT,5,1,64,64,0,443.888,-11.6552,0.7344
CSV,CT,5,1,65,64,0,450.732,-12.2864,0.5078
CSV,CT,5,1,66,64,0,457.540,-12.0292,0.5234
CSV,CT,5,1,67,64,0,464.374,-12.1510,0.3867
CSV,CT,5,1,68,64,0,471.214,-12.1749,0.2578
CSV,CT,5,1,69,64,0,478.029,-11.7151,0.4766
CSV,CT,5,1,70,64,0,484.874,-11.5952,0.7344
CSV,CT,5,1,71,64,0,491.713,-11.7518,0.9219
CSV,CT,5,1,72,64,0,498.528,-12.5849,0.4961
CSV,CT,5,1,73,64,0,505.369,-12.3908,0.2500
CSV,CT,5,1,74,64,0,512.211,-11.9172,0.3359
CSV,CT,5,1,75,64,0,519.015,-11.7782,0.4688
CSV,CT,5,1,76,64,0,525.870,-11.8273,0.5977
CSV,CT,5,1,77,64,0,532.714,-12.1426,0.4492
CSV,CT,5,1,78,64,0,539.533,-11.8667,0.5312
CSV,CT,5,1,79,64,0,546.367,-12.1490,0.3867
CSV,CT,5,1,80,64,0,553.203,-12.0779,0.3281
CSV,CT,5,1,81,64,0,560.025,-11.7744,0.4688
CSV,CT,5,1,82,64,0,566.861,-11.9444,0.5273
CSV,CT,5,1,83,64,0,573.666,-11.9727,0.5234
CSV,CT,5,1,84,64,0,580.507,-12.1882,0.3867
CSV,CT,5,1,85,64,0,587.348,-12.0851,0.3281
CSV,CT,5,1,86,64,0,594.168,-11.6017,0.6094
CSV,CT,5,1,87,64,0,600.997,-11.9951,0.5898
CSV,CT,5,1,88,64,0,607.829,-12.2109,0.4492
CSV,CT,5,1,89,64,0,614.637,-11.9268,0.5312
CSV,CT,5,1,90,64,0,621.485,-11.9636,0.5234
CSV,CT,5,1,91,64,0,628.318,-11.8832,0.5938
CSV,CT,5,1,92,64,0,635.154,-12.2559,0.3828
CSV,CT,5,1,93,64,0,641.998,-12.0276,0.3984
CSV,CT,5,1,94,64,0,648.837,-11.7589,0.6016
CSV,CT,5,1,95,64,0,655.639,-11.8427,0.7266
CSV,CT,5,1,96,64,0,662.482,-12.1603,0.5781
CSV,CT,5,1,97,64,0,669.313,-12.4212,0.3125
CSV,CT,5,1,98,64,0,676.150,-11.8517,0.4688
CSV,CT,5,1,99,64,0,682.994,-11.8379,0.5977
CSV,CT,5,1,100,64,0,689.833,-12.0637,0.5195
CSV,CT,5,1,101,64,0,696.636,-12.1826,0.3867
CSV,CT,5,1,102,64,0,703.473,-11.8132,0.5352
CSV,CT,5,1,103,64,0,710.283,-12.0715,0.4531
CSV,CT,5,1,104,64,0,717.116,-12.0401,0.4609
CSV,CT,5,1,105,64,0,723.952,-11.8317,0.5977
CSV,CT,5,1,106,64,0,730.764,-12.2084,0.4492
CSV,CT,5,1,107,64,0,737.607,-12.1060,0.3906
CSV,CT,5,1,108,64,0,744.425,-11.9502,0.4648
CSV,CT,5,1,109,64,0,751.255,-12.1678,0.3203
CSV,CT,5,1,110,64,0,758.066,-11.6472,0.6094
CSV,CT,5,1,111,64,0,764.892,-11.7721,0.7266
CSV,CT,5,1,112,64,0,771.739,-12.0046,0.7148
CSV,CT,5,1,113,64,0,778.558,-12.3986,0.4414
CSV,CT,5,1,114,64,0,785.374,-12.2209,0.3242
CSV,CT,5,1,115,64,0,792.209,-11.9706,0.3320
CSV,CT,5,1,116,64,0,799.011,-11.6165,0.6094
CSV,CT,5,1,117,64,0,805.848,-11.8612,0.6562
CSV,CT,5,1,118,64,0,812.653,-12.0243,0.6523
CSV,CT,5,1,119,64,0,819.492,-12.3542,0.3750
CSV,CT,5,1,120,64,0,826.334,-11.9688,0.3945
CSV,CT,5,1,121,64,0,833.155,-11.7676,0.5352
CSV,CT,5,1,122,64,0,839.999,-11.8789,0.5938
CSV,CT,5,1,123,64,0,846.843,-12.0697,0.5195
CSV,CT,5,1,124,64,0,853.647,-11.9748,0.5234
CSV,CT,5,1,125,64,0,860.490,-11.9815,0.5234
CSV,CT,5,1,126,64,0,867.332,-11.8065,0.6602
CSV,CT,5,1,127,64,0,874.154,-12.1267,0.5820
CSV,CT,5,1,128,64,0,880.994,-12.2406,0.3828
CSV,CT,5,1,129,64,0,887.831,-12.0449,0.3945
CSV,CT,5,1,130,64,0,894.640,-11.9227,0.4648
CSV,CT,5,1,131,64,0,901.483,-11.6337,0.7344
CSV,CT,5,1,132,64,0,908.313,-12.3259,0.5078
CSV,CT,5,1,133,64,0,915.150,-12.2733,0.3164
CSV,CT,5,1,134,64,0,921.996,-11.8665,0.4023
CSV,CT,5,1,135,64,0,928.843,-11.7305,0.6016
CSV,CT,5,1,136,64,0,935.647,-11.9955,0.5859
CSV,CT,5,1,137,64,0,942.484,-11.9993,0.5859
CSV,CT,5,1,138,64,0,949.320,-12.0334,0.5859
CSV,CT,5,1,139,64,0,956.151,-12.1781,0.4492
CSV,CT,5,1,140,64,0,962.995,-12.1686,0.3203
CSV,CT,5,1,141,64,0,969.832,-11.8292,0.4688
CSV,CT,5,1,142,64,0,976.642,-11.9369,0.5273
CSV,CT,5,1,143,64,0,983.484,-11.7380,0.7305
CSV,CT,5,1,144,64,0,990.331,-12.3019,0.5078
CSV,CT,5,1,145,64,0,997.154,-12.3420,0.2500
CSV,CT,5,1,146,64,0,1003.993,-11.9289,0.3359
CSV,CT,5,1,147,64,0,1010.828,-11.6098,0.6055
CSV,CT,5,1,148,64,0,1017.636,-11.7353,0.7930
CSV,CT,5,1,149,64,0,1024.470,-12.2999,0.5742
CSV,CT,5,1,150,64,0,1031.283,-12.5507,0.1758
CSV,CT,5,1,151,64,0,1038.121,-11.9993,0.2031
CSV,CT,5,1,152,64,0,1044.962,-11.2514,0.7539
CSV,CT,5,1,153,64,0,1051.783,-11.7358,0.9219
CSV,CT,5,1,154,64,0,1058.622,-12.6877,0.4258
CSV,CT,5,1,155,64,0,1065.456,-12.5463,0.0469
CSV,CT,5,1,156,64,0,1072.282,-11.6339,0.3516
CSV,CT,5,1,157,64,0,1079.125,-11.3958,0.7461
CSV,CT,5,1,158,64,0,1085.972,-11.7492,0.9219
CSV,CT,5,1,159,64,0,1092.789,-12.5826,0.4961
CSV,CT,5,1,160,64,0,1099.622,-12.5682,0.1133
CSV,CT,5,1,161,64,0,1106.440,-11.5988,0.4180
CSV,CT,5,1,162,64,0,1113.255,-11.0962,0.9492
CSV,CT,5,1,163,64,0,1120.066,-12.0700,0.8281
CSV,CT,5,1,164,64,0,1126.886,-12.7577,0.2852
CSV,CT,5,1,165,64,0,1133.737,-12.4300,0.0469
CSV,CT,5,1,166,64,0,1140.537,-11.4969,0.4180
CSV,CT,5,1,167,64,0,1147.370,-11.2088,0.9414
CSV,CT,5,1,168,64,0,1154.210,-12.1146,0.8359
CSV,CT,5,1,169,64,0,1161.031,-12.7684,0.2891
CSV,CT,5,1,170,64,0,1167.871,-12.2623,0.1211
CSV,CT,5,1,171,64,0,1174.703,-11.4647,0.5508
CSV,CT,5,1,172,64,0,1181.518,-11.4822,0.9336
CSV,CT,5,1,173,64,0,1188.358,-12.3657,0.6289
CSV,CT,5,1,174,64,0,1195.202,-12.4569,0.3047
CSV,CT,5,1,175,64,0,1202.016,-12.1259,0.2578
CSV,CT,5,1,176,64,0,1208.862,-11.8179,0.4023
CSV,CT,5,1,177,64,0,1215.703,-11.7439,0.5977
CSV,CT,5,1,178,64,0,1222.525,-11.9498,0.6523
CSV,CT,5,1,179,64,0,1229.361,-12.0784,0.5781
CSV,CT,5,1,180,64,0,1236.193,-12.0172,0.5820
CSV,CT,5,1,181,64,0,1243.013,-11.9899,0.5820
CSV,CT,5,1,182,64,0,1249.860,-12.0854,0.5156
CSV,CT,5,1,183,64,0,1256.666,-12.1755,0.3828
CSV,CT,5,1,184,64,0,1263.507,-12.1040,0.3242
CSV,CT,5,1,185,64,0,1270.347,-11.8606,0.3945
CSV,CT,5,1,186,64,0,1277.169,-11.7851,0.5273
CSV,CT,5,1,187,64,0,1283.999,-11.9250,0.5898
CSV,CT,5,1,188,64,0,1290.848,-11.9348,0.6523
CSV,CT,5,1,189,64,0,1297.656,-12.2772,0.4414
CSV,CT,5,1,190,64,0,1304.504,-12.0471,0.3867
CSV,CT,5,1,191,64,0,1311.344,-11.8365,0.5273
CSV,CT,5,1,192,64,0,1318.164,-12.0626,0.4492
CSV,CT,5,1,193,64,0,1324.997,-12.0918,0.3867
CSV,CT,5,1,194,64,0,1331.845,-11.6999,0.5977
CSV,CT,5,1,195,64,0,1338.654,-11.9085,0.6523
CSV,CT,5,1,196,64,0,1345.504,-12.2795,0.4414
CSV,CT,5,1,197,64,0,1352.347,-12.2609,0.2500
CSV,CT,5,1,198,64,0,1359.164,-11.6427,0.5391
CSV,CT,5,1,199,64,0,1365.998,-11.8827,0.5859
CSV,CT,5,1,200,64,0,1372.834,-12.0448,0.5820
CSV,CT,5,1,201,64,0,1379.643,-12.1965,0.4453
CSV,CT,5,1,202,64,0,1386.480,-11.9465,0.5234
CSV,CT,5,1,203,64,0,1393.285,-12.0170,0.5195
CSV,CT,5,1,204,64,0,1400.127,-12.2276,0.3828
CSV,CT,5,1,205,64,0,1406.974,-11.8529,0.5273
CSV,CT,5,1,206,64,0,1413.797,-12.0789,0.4492
CSV,CT,5,1,207,64,0,1420.623,-11.9847,0.4570
CSV,CT,5,1,208,64,0,1427.443,-11.9027,0.5234
CSV,CT,5,1,209,64,0,1434.265,-12.1243,0.4492
CSV,CT,5,1,210,64,0,1441.093,-12.0288,0.4570
CSV,CT,5,1,211,64,0,1447.915,-11.9436,0.5234
CSV,CT,5,1,212,64,0,1454.751,-11.9548,0.5195
CSV,CT,5,1,213,64,0,1461.598,-11.7815,0.6562
CSV,CT,5,1,214,64,0,1468.422,-12.4904,0.3008
CSV,CT,5,1,215,64,0,1475.255,-11.9739,0.3281
CSV,CT,5,1,216,64,0,1482.066,-11.5920,0.6016
CSV,CT,5,1,217,64,0,1488.890,-11.8988,0.6523
CSV,CT,5,1,218,64,0,1495.738,-12.0010,0.6484
CSV,CT,5,1,219,64,0,1502.578,-12.1563,0.5078
CSV,CT,5,1,220,64,0,1509.408,-12.0901,0.4492
CSV,CT,5,1,221,64,0,1516.250,-11.9064,0.5234
CSV,CT,5,1,222,64,0,1523.066,-11.9460,0.5859
CSV,CT,5,1,223,64,0,1529.888,-12.2226,0.4453
CSV,CT,5,1,224,64,0,1536.736,-12.1177,0.3867
CSV,CT,5,1,225,64,0,1543.554,-12.0237,0.3906
CSV,CT,5,1,226,64,0,1550.369,-11.8741,0.4609
CSV,CT,5,1,227,64,0,1557.209,-11.7677,0.5938
CSV,CT,5,1,228,64,0,1564.026,-12.1203,0.5156
CSV,CT,5,1,229,64,0,1570.861,-12.2360,0.3125
CSV,CT,5,1,230,64,0,1577.706,-11.7736,0.4648
CSV,CT,5,1,231,64,0,1584.521,-11.6470,0.7305
CSV,CT,5,1,232,64,0,1591.361,-11.9227,0.7812
CSV,CT,5,1,233,64,0,1598.200,-12.4096,0.5000
CSV,CT,5,1,234,64,0,1605.017,-12.4129,0.2422
CSV,CT,5,1,235,64,0,1611.863,-11.9627,0.2617
CSV,CT,5,1,236,64,0,1618.701,-11.5236,0.6055
CSV,CT,5,1,237,64,0,1625.520,-11.5358,0.9258
CSV,CT,5,1,238,64,0,1632.351,-12.4743,0.5586
CSV,CT,5,1,239,64,0,1639.168,-12.2908,0.3750
CSV,CT,5,1,240,64,0,1645.999,-11.9096,0.4609
CSV,CT,5,1,241,64,0,1652.844,-11.5303,0.8008
CSV,CT,5,1,242,64,0,1659.648,-12.0827,0.7070
CSV,CT,5,1,243,64,0,1666.492,-12.4442,0.3672
CSV,CT,5,1,244,64,0,1673.339,-12.0862,0.3203
CSV,CT,5,1,245,64,0,1680.154,-11.5332,0.6719
CSV,CT,5,1,246,64,0,1686.995,-11.8447,0.7852
CSV,CT,5,1,247,64,0,1693.833,-12.4301,0.4297
CSV,CT,5,1,248,64,0,1700.633,-12.3091,0.2500
CSV,CT,5,1,249,64,0,1707.475,-11.8385,0.4023
CSV,CT,5,1,250,64,0,1714.285,-11.5844,0.6641
CSV,CT,5,1,251,64,0,1721.124,-12.1618,0.5078
CSV,CT,5,1,252,64,0,1727.973,-12.2431,0.3125
CSV,CT,5,1,253,64,0,1734.794,-11.8381,0.4648
CSV,CT,5,1,254,64,0,1741.620,-11.8560,0.5938
CSV,CT,5,1,255,64,0,1748.443,-12.1732,0.4453
CSV,CT,5,1,256,64,0,1755.264,-12.2354,0.2461
CSV,CT,5,1,257,64,0,1762.095,-11.7079,0.4688
CSV,CT,5,1,258,64,0,1768.915,-11.7964,0.5898
CSV,CT,5,1,259,64,0,1775.748,-11.9382,0.6523
CSV,CT,5,1,260,64,0,1782.581,-12.3360,0.3711
CSV,CT,5,1,261,64,0,1789.411,-11.7146,0.5977
CSV,CT,5,1,262,64,0,1796.247,-11.8310,0.7188
CSV,CT,5,1,263,64,0,1803.065,-12.2960,0.5039
CSV,CT,5,1,264,64,0,1809.890,-12.3053,0.3125
CSV,CT,5,1,265,64,0,1816.739,-11.7152,0.5352
CSV,CT,5,1,266,64,0,1823.558,-11.8303,0.6562
CSV,CT,5,1,267,64,0,1830.378,-12.0006,0.6445
CSV,CT,5,1,268,64,0,1837.218,-12.3332,0.3711
CSV,CT,5,1,269,64,0,1844.035,-12.1594,0.2539
CSV,CT,5,1,270,64,0,1850.874,-11.6420,0.5391
CSV,CT,5,1,271,64,0,1857.719,-11.5262,0.8633
CSV,CT,5,1,272,64,0,1864.536,-12.2887,0.6328
CSV,CT,5,1,273,64,0,1871.370,-12.2698,0.4414
CSV,CT,5,1,274,64,0,1878.214,-12.1609,0.3164
CSV,CT,5,1,275,64,0,1885.031,-11.5847,0.6016
CSV,CT,5,1,276,64,0,1891.869,-11.8922,0.6523
CSV,CT,5,1,277,64,0,1898.714,-12.2619,0.4375
CSV,CT,5,1,278,64,0,1905.525,-11.8275,0.5938
CSV,CT,5,1,279,64,0,1912.366,-12.2663,0.3750
CSV,CT,5,1,280,64,0,1919.209,-12.0913,0.3203
CSV,CT,5,1,281,64,0,1926.026,-11.6092,0.6016
CSV,CT,5,1,282,64,0,1932.862,-11.9738,0.5820
CSV,CT,5,1,283,64,0,1939.704,-12.2479,0.3750
CSV,CT,5,1,284,64,0,1946.522,-11.9950,0.3906
CSV,CT,5,1,285,64,0,1953.359,-11.5789,0.6641
CSV,CT,5,1,286,64,0,1960.178,-11.8554,0.7852
CSV,CT,5,1,287,64,0,1967.002,-12.4118,0.5000
CSV,CT,5,1,288,64,0,1973.844,-12.2363,0.3125
CSV,CT,5,1,289,64,0,1980.652,-11.9209,0.3945
CSV,CT,5,1,290,64,0,1987.499,-11.6603,0.6641
CSV,CT,5,1,291,64,0,1994.346,-11.8728,0.7148
CSV,CT,5,1,292,64,0,2001.163,-12.3079,0.5039
CSV,CT,5,1,293,64,0,2008.000,-12.4950,0.1719
CSV,CT,5,1,294,64,0,2014.844,-11.7387,0.4062
CSV,CT,5,1,295,64,0,2021.652,-11.4032,0.8047
CSV,CT,5,1,296,64,0,2028.493,-12.0558,0.7031
CSV,CT,5,1,297,64,0,2035.333,-12.3166,0.5039
CSV,CT,5,1,298,64,0,2042.155,-12.3834,0.2422
CSV,CT,5,1,299,64,0,2048.995,-12.0249,0.2617
CSV,CT,5,1,300,64,0,2055.843,-11.6337,0.5391
CSV,CT,5,1,301,64,0,2062.652,-11.5165,0.8633
CSV,CT,5,1,302,64,0,2069.495,-12.1911,0.6992
CSV,CT,5,1,303,64,0,2076.337,-12.6892,0.2266
CSV,CT,5,1,304,64,0,2083.153,-12.1869,0.1250
CSV,CT,5,1,305,64,0,2089.995,-11.6079,0.4102
CSV,CT,5,1,306,64,0,2096.844,-11.3725,0.8711
CSV,CT,5,1,307,64,0,2103.654,-12.0781,0.7695
CSV,CT,5,1,308,64,0,2110.490,-12.5556,0.3594
CSV,CT,5,1,309,64,0,2117.333,-12.1251,0.3203
CSV,CT,5,1,310,64,0,2124.155,-11.7900,0.4648
CSV,CT,5,1,311,64,0,2130.996,-11.7509,0.6602
CSV,CT,5,1,312,64,0,2137.831,-12.1364,0.5781
CSV,CT,5,1,313,64,0,2144.636,-12.3697,0.3047
CSV,CT,5,1,314,64,0,2151.477,-11.9230,0.3945
CSV,CT,5,1,315,64,0,2158.285,-11.5135,0.7344
CSV,CT,5,1,316,64,0,2165.122,-11.9771,0.7109
CSV,CT,5,1,317,64,0,2171.971,-12.1939,0.5703
CSV,CT,5,1,318,64,0,2178.786,-12.2453,0.3750
CSV,CT,5,1,319,64,0,2185.623,-12.0783,0.3203
CSV,CT,5,1,320,64,0,2192.446,-11.7554,0.5312
CSV,CT,5,1,321,64,0,2199.261,-11.8982,0.5859
CSV,CT,5,1,322,64,0,2206.079,-12.1199,0.5117
CSV,CT,5,1,323,64,0,2212.896,-12.0642,0.4492
CSV,CT,5,1,324,64,0,2219.737,-11.9361,0.5234
CSV,CT,5,1,325,64,0,2226.542,-12.0052,0.5156
CSV,CT,5,1,326,64,0,2233.370,-11.7374,0.7227
CSV,CT,5,1,327,64,0,2240.209,-12.1536,0.5703
CSV,CT,5,1,328,64,0,2247.018,-12.3252,0.3750
CSV,CT,5,1,329,64,0,2253.873,-11.9127,0.4570
CSV,CT,5,1,330,64,0,2260.714,-11.7475,0.6602
CSV,CT,5,1,331,64,0,2267.526,-12.1024,0.5781
CSV,CT,5,1,332,64,0,2274.359,-12.3958,0.3047
CSV,CT,5,1,333,64,0,2281.193,-11.9774,0.3242
CSV,CT,5,1,334,64,0,2288.005,-11.6533,0.6016
CSV,CT,5,1,335,64,0,2294.850,-11.8295,0.7188
CSV,CT,5,1,336,64,0,2301.652,-12.2070,0.5703
CSV,CT,5,1,337,64,0,2308.494,-12.4019,0.3047
CSV,CT,5,1,338,64,0,2315.341,-12.1055,0.2578
CSV,CT,5,1,339,64,0,2322.158,-11.4443,0.6758
CSV,CT,5,1,340,64,0,2328.997,-11.7656,0.8516
CSV,CT,5,1,341,64,0,2335.833,-12.5677,0.4219
CSV,CT,5,1,342,64,0,2342.637,-12.4933,0.1094
CSV,CT,5,1,343,64,0,2349.474,-11.5581,0.4766
CSV,CT,5,1,344,64,0,2356.283,-11.6255,0.7266
CSV,CT,5,1,345,64,0,2363.119,-11.8996,0.7773
CSV,CT,5,1,346,64,0,2369.948,-12.4217,0.4961
CSV,CT,5,1,347,64,0,2376.768,-12.3588,0.2422
CSV,CT,5,1,348,64,0,2383.614,-11.8536,0.3984
CSV,CT,5,1,349,64,0,2390.429,-11.6626,0.6641
CSV,CT,5,1,350,64,0,2397.256,-12.0518,0.5742
CSV,CT,5,1,351,64,0,2404.065,-12.2904,0.3750
CSV,CT,5,1,352,64,0,2410.894,-12.1512,0.2500
CSV,CT,5,1,353,64,0,2417.739,-11.6950,0.4688
CSV,CT,5,1,354,64,0,2424.556,-11.8732,0.5195
CSV,CT,5,1,355,64,0,2431.373,-11.7682,0.6562
CSV,CT,5,1,356,64,0,2438.214,-12.1788,0.5078
CSV,CT,5,1,357,64,0,2445.027,-12.2292,0.3789
CSV,CT,5,1,358,64,0,2451.871,-11.9469,0.4570
CSV,CT,5,1,359,64,0,2458.713,-11.8047,0.5898
CSV,CT,5,1,360,64,0,2465.525,-12.0045,0.5820
CSV,CT,5,1,361,64,0,2472.363,-12.2171,0.4414
CSV,CT,5,1,362,64,0,2479.205,-12.0827,0.3828
CSV,CT,5,1,363,64,0,2486.029,-11.9317,0.4570
CSV,CT,5,1,364,64,0,2492.872,-11.9420,0.5234
CSV,CT,5,1,365,64,0,2499.715,-11.6518,0.7930
CSV,CT,5,1,366,64,0,2506.526,-12.3437,0.4961
CSV,CT,5,1,367,64,0,2513.359,-12.3795,0.2422
CSV,CT,5,1,368,64,0,2520.177,-11.7514,0.4688
CSV,CT,5,1,369,64,0,2526.996,-11.8660,0.5195
CSV,CT,5,1,370,64,0,2533.829,-12.0597,0.4492
CSV,CT,5,1,371,64,0,2540.636,-11.9074,0.5234
CSV,CT,5,1,372,64,0,2547.469,-11.8891,0.5859
CSV,CT,5,1,373,64,0,2554.285,-11.8126,0.7188
CSV,CT,5,1,374,64,0,2561.122,-12.3389,0.4336
CSV,CT,5,1,375,64,0,2567.970,-12.2487,0.2461
CSV,CT,5,1,376,64,0,2574.789,-11.6027,0.5352
CSV,CT,5,1,377,64,0,2581.624,-11.6687,0.7930
CSV,CT,5,1,378,64,0,2588.457,-12.2399,0.5664
CSV,CT,5,1,379,64,0,2595.283,-12.2530,0.3750
CSV,CT,5,1,380,64,0,2602.124,-12.0870,0.3203
CSV,CT,5,1,381,64,0,2608.975,-11.5155,0.6680
CSV,CT,5,1,382,64,0,2615.802,-12.0669,0.5742
CSV,CT,5,1,383,64,0,2622.628,-12.0663,0.5117
CSV,CT,5,1,384,64,0,2629.472,-12.0933,0.4492
CSV,CT,5,1,385,64,0,2636.284,-12.0581,0.3828
CSV,CT,5,1,386,64,0,2643.126,-11.6984,0.5938
CSV,CT,5,1,387,64,0,2649.977,-11.9977,0.5820
CSV,CT,5,1,388,64,0,2656.815,-12.3003,0.3750
CSV,CT,5,1,389,64,0,2663.632,-11.9496,0.4570
CSV,CT,5,1,390,64,0,2670.473,-11.6897,0.6602
CSV,CT,5,1,391,64,0,2677.284,-12.1079,0.5742
CSV,CT,5,1,392,64,0,2684.129,-12.1652,0.4414
CSV,CT,5,1,393,64,0,2690.973,-12.0036,0.4531
CSV,CT,5,1,394,64,0,2697.788,-11.8298,0.5898
CSV,CT,5,1,395,64,0,2704.628,-12.0251,0.5820
CSV,CT,5,1,396,64,0,2711.470,-12.4470,0.2344
CSV,CT,5,1,397,64,0,2718.285,-11.8181,0.3984
CSV,CT,5,1,398,64,0,2725.120,-11.7474,0.5938
CSV,CT,5,1,399,64,0,2731.964,-11.8601,0.6484
CSV,CT,5,1,400,64,0,2738.780,-12.1445,0.5078
CSV,CT,5,1,401,64,0,2745.622,-11.9890,0.5156
CSV,CT,5,1,402,64,0,2752.456,-11.8738,0.5859
CSV,CT,5,1,403,64,0,2759.275,-12.2453,0.3750
CSV,CT,5,1,404,64,0,2766.111,-12.1093,0.3203
CSV,CT,5,1,405,64,0,2772.925,-11.5646,0.6680
CSV,CT,5,1,406,64,0,2779.756,-11.9640,0.6445
CSV,CT,5,1,407,64,0,2786.605,-12.4502,0.3008
CSV,CT,5,1,408,64,0,2793.427,-12.0278,0.3242
CSV,CT,5,1,409,64,0,2800.255,-11.6384,0.5977
CSV,CT,5,1,410,64,0,2807.070,-11.8795,0.6484
CSV,CT,5,1,411,64,0,2813.898,-12.1622,0.5078
CSV,CT,5,1,412,64,0,2820.739,-12.3323,0.2422
CSV,CT,5,1,413,64,0,2827.562,-11.8017,0.3984
CSV,CT,5,1,414,64,0,2834.370,-11.6436,0.6641
CSV,CT,5,1,415,64,0,2841.213,-11.9762,0.6445
CSV,CT,5,1,416,64,0,2848.017,-12.1636,0.5078
CSV,CT,5,1,417,64,0,2854.864,-12.2126,0.3789
CSV,CT,5,1,418,64,0,2861.704,-12.1104,0.3203
CSV,CT,5,1,419,64,0,2868.520,-11.8055,0.4609
CSV,CT,5,1,420,64,0,2875.356,-11.3162,0.9336
CSV,CT,5,1,421,64,0,2882.173,-12.1842,0.7617
CSV,CT,5,1,422,64,0,2888.999,-12.6528,0.2891
CSV,CT,5,1,423,64,0,2895.831,-12.2721,0.1172
CSV,CT,5,1,424,64,0,2902.634,-11.5960,0.4062
CSV,CT,5,1,425,64,0,2909.475,-11.3325,0.8711
CSV,CT,5,1,426,64,0,2916.287,-12.1694,0.6992
CSV,CT,5,1,427,64,0,2923.122,-12.6365,0.2266
CSV,CT,5,1,428,64,0,2929.969,-11.9291,0.3281
CSV,CT,5,1,429,64,0,2936.783,-11.3689,0.8047
CSV,CT,5,1,430,64,0,2943.623,-11.9618,0.7695
CSV,CT,5,1,431,64,0,2950.446,-12.6272,0.2891
CSV,CT,5,1,432,64,0,2957.263,-12.1880,0.1875
CSV,CT,5,1,433,64,0,2964.091,-11.6685,0.4727
CSV,CT,5,1,434,64,0,2970.915,-11.7591,0.6562
CSV,CT,5,1,435,64,0,2977.750,-12.0218,0.6445
CSV,CT,5,1,436,64,0,2984.591,-12.3549,0.3672
CSV,CT,5,1,437,64,0,2991.409,-12.0619,0.3203
CSV,CT,5,1,438,64,0,2998.246,-11.4624,0.7383
CSV,CT,5,1,439,64,0,3005.063,-11.9890,0.7070
CSV,CT,5,1,440,64,0,3011.884,-12.1171,0.6406
CSV,CT,5,1,441,64,0,3018.736,-12.2618,0.4375
CSV,CT,5,1,442,64,0,3025.562,-12.0026,0.4531
CSV,CT,5,1,443,64,0,3032.372,-12.0682,0.3828
CSV,CT,5,1,444,64,0,3039.211,-12.0956,0.3203
CSV,CT,5,1,445,64,0,3046.026,-11.5833,0.5977
CSV,CT,5,1,446,64,0,3052.866,-11.9501,0.6484
CSV,CT,5,1,447,64,0,3059.705,-12.3477,0.3672
CSV,CT,5,1,448,64,0,3066.524,-12.1416,0.2500
CSV,CT,5,1,449,64,0,3073.360,-11.5692,0.6055
CSV,CT,5,1,450,64,0,3080.193,-11.7857,0.7188
CSV,CT,5,1,451,64,0,3087.005,-12.3749,0.4336
CSV,CT,5,1,452,64,0,3093.845,-12.3191,0.2461
CSV,CT,5,1,453,64,0,3100.653,-11.7579,0.4648
CSV,CT,5,1,454,64,0,3107.491,-11.7490,0.6562
CSV,CT,5,1,455,64,0,3114.332,-11.9839,0.6445
CSV,CT,5,1,456,64,0,3121.152,-12.2876,0.4375
CSV,CT,5,1,457,64,0,3127.993,-12.0889,0.3828
CSV,CT,5,1,458,64,0,3134.826,-11.7858,0.5234
CSV,CT,5,1,459,64,0,3141.637,-11.6271,0.7891
CSV,CT,5,1,460,64,0,3148.474,-12.2309,0.6328
CSV,CT,5,1,461,64,0,3155.286,-12.5761,0.2305
CSV,CT,5,1,462,64,0,3162.120,-12.1429,0.1211
CSV,CT,5,1,463,64,0,3168.966,-11.3568,0.6133
CSV,CT,5,1,464,64,0,3175.781,-11.8300,0.7148
CSV,CT,5,1,465,64,0,3182.623,-12.1758,0.5703
CSV,CT,5,1,466,64,0,3189.448,-12.3734,0.3047
CSV,CT,5,1,467,64,0,3196.263,-12.0471,0.2539
CSV,CT,5,1,468,64,0,3203.093,-11.6257,0.5352
CSV,CT,5,1,469,64,0,3209.913,-11.6592,0.7891
CSV,CT,5,1,470,64,0,3216.750,-11.8727,0.8398
CSV,CT,5,1,471,64,0,3223.592,-12.5152,0.4922
CSV,CT,5,1,472,64,0,3230.410,-12.6267,0.0469
CSV,CT,5,1,473,64,0,3237.248,-11.6179,0.3594
CSV,CT,5,1,474,64,0,3244.063,-11.5911,0.6133
CSV,CT,5,1,475,64,0,3250.894,-12.0173,0.5938
CSV,CT,5,1,476,64,0,3257.740,-12.0515,0.5234
CSV,CT,5,1,477,64,0,3264.558,-11.9009,0.5977
CSV,CT,5,1,478,64,0,3271.374,-11.9443,0.6641
CSV,CT,5,1,479,64,0,3278.218,-12.4035,0.3828
CSV,CT,5,1,480,64,0,3285.035,-12.1068,0.3320
CSV,CT,5,1,481,64,0,3291.868,-11.7662,0.4766
CSV,CT,5,1,482,64,0,3298.715,-11.6085,0.7422
CSV,CT,5,1,483,64,0,3305.526,-12.2731,0.5156
CSV,CT,5,1,484,64,0,3312.359,-12.4643,0.1836
CSV,CT,5,1,485,64,0,3319.196,-11.7085,0.4180
CSV,CT,5,1,486,64,0,3326.005,-11.7087,0.6094
CSV,CT,5,1,487,64,0,3332.847,-11.9154,0.6641
CSV,CT,5,1,488,64,0,3339.653,-12.0462,0.6562
CSV,CT,5,1,489,64,0,3346.486,-12.3171,0.4492
CSV,CT,5,1,490,64,0,3353.333,-12.0559,0.3984
CSV,CT,5,1,491,64,0,3360.154,-11.8761,0.4688
CSV,CT,5,1,492,64,0,3366.998,-11.8293,0.6016
CSV,CT,5,1,493,64,0,3373.842,-11.9069,0.6641
CSV,CT,5,1,494,64,0,3380.650,-12.2760,0.4492
CSV,CT,5,1,495,64,0,3387.491,-12.3482,0.1914
CSV,CT,5,1,496,64,0,3394.334,-11.6948,0.4180
CSV,CT,5,1,497,64,0,3401.154,-11.5752,0.7461
CSV,CT,5,1,498,64,0,3407.998,-12.2122,0.5820
CSV,CT,5,1,499,64,0,3414.848,-12.1393,0.5234
CSV,CRETUNE
CSV,C,1,0,10.0,0.083,1491,3421,0.507,0.047,0.15,6813429.50,6841173.00,6919821.00,6866329.0,64,6836.3,1
CSV,CT,1,0,500,64,1
CSV,CT,1,0,0,64,1,6.926,-0.0000,0.3320
CSV,CT,1,0,1,64,1,13.754,-0.6325,0.3555
CSV,CT,1,0,2,64,1,20.600,-1.4569,0.3750
CSV,CT,1,0,3,64,1,27.456,-2.2742,0.3945
CSV,CT,1,0,4,64,1,34.305,-2.9637,0.4102
CSV,CT,1,0,5,64,1,41.141,-3.2697,0.4336
CSV,CT,1,0,6,64,1,47.981,-4.1532,0.4453
CSV,CT,1,0,7,64,1,54.834,-4.5459,0.4609
CSV,CT,1,0,8,64,1,61.691,-5.0558,0.4727
CSV,CT,1,0,9,64,1,68.537,-5.8231,0.4805
CSV,CT,1,0,10,64,1,75.360,-6.4389,0.4883
CSV,CT,1,0,11,64,1,82.209,-6.9172,0.4961
CSV,CT,1,0,12,64,1,89.071,-7.7752,0.4922
CSV,CT,1,0,13,64,1,95.910,-8.3233,0.4922
CSV,CT,1,0,14,64,1,102.733,-8.7996,0.4961
CSV,CT,1,0,15,64,1,109.593,-9.1494,0.4961
CSV,CT,1,0,16,64,1,116.457,-9.5307,0.4961
CSV,CT,1,0,17,64,1,123.307,-9.9421,0.4961
CSV,CT,1,0,18,64,1,130.141,-10.2909,0.4961
CSV,CT,1,0,19,64,1,136.974,-10.3100,0.5000
CSV,CT,1,0,20,64,1,143.790,-10.3277,0.5078
CSV,CT,1,0,21,64,1,150.613,-10.4040,0.5117
CSV,CT,1,0,22,64,1,157.464,-10.6530,0.5078
CSV,CT,1,0,23,64,1,164.313,-10.6464,0.5156
CSV,CT,1,0,24,64,1,171.142,-10.7582,0.5156
CSV,CT,1,0,25,64,1,177.975,-10.6204,0.5234
CSV,CT,1,0,26,64,1,184.826,-10.6182,0.5312
CSV,CT,1,0,27,64,1,191.664,-11.0290,0.5234
CSV,CT,1,0,28,64,1,198.479,-11.2585,0.5234
CSV,CT,1,0,29,64,1,205.334,-11.5606,0.5195
CSV,CT,1,0,30,64,1,212.186,-11.6902,0.5156
CSV,CT,1,0,31,64,1,219.002,-11.8975,0.5117
CSV,CT,1,0,32,64,1,225.847,-12.1786,0.5039
CSV,CT,1,0,33,64,1,232.709,-12.2273,0.5039
CSV,CT,1,0,34,64,1,239.569,-12.2725,0.5039
CSV,CT,1,0,35,64,1,246.423,-12.2474,0.5000
CSV,CT,1,0,36,64,1,253.245,-12.1739,0.5039
CSV,CT,1,0,37,64,1,260.088,-12.3448,0.4961
CSV,CT,1,0,38,64,1,266.940,-12.4389,0.4922
CSV,CT,1,0,39,64,1,273.773,-12.3782,0.4961
CSV,CT,1,0,40,64,1,280.608,-12.3499,0.4922
CSV,CT,1,0,41,64,1,287.467,-12.3777,0.4922
CSV,CT,1,0,42,64,1,294.319,-12.3200,0.4922
CSV,CT,1,0,43,64,1,301.148,-12.3266,0.4922
CSV,CT,1,0,44,64,1,307.982,-12.1254,0.4961
CSV,CT,1,0,45,64,1,314.824,-12.2590,0.4922
CSV,CT,1,0,46,64,1,321.666,-12.4520,0.4844
CSV,CT,1,0,47,64,1,328.498,-12.1823,0.4922
CSV,CT,1,0,48,64,1,335.345,-11.9331,0.4961
CSV,CT,1,0,49,64,1,342.192,-11.8235,0.5000
CSV,CT,1,0,50,64,1,349.056,-11.8126,0.5000
CSV,CT,1,0,51,64,1,355.882,-11.6812,0.5039
CSV,CT,1,0,52,64,1,362.718,-11.8587,0.5000
CSV,CT,1,0,53,64,1,369.577,-11.9930,0.4961
CSV,CT,1,0,54,64,1,376.438,-12.0894,0.4961
CSV,CT,1,0,55,64,1,383.260,-12.3265,0.4922
CSV,CT,1,0,56,64,1,390.092,-12.3038,0.4883
CSV,CT,1,0,57,64,1,396.941,-12.1935,0.4922
CSV,CT,1,0,58,64,1,403.773,-12.0897,0.4922
CSV,CT,1,0,59,64,1,410.606,-11.8764,0.4961
CSV,CT,1,0,60,64,1,417.469,-11.9212,0.4961
CSV,CT,1,0,61,64,1,424.322,-11.9923,0.4961
CSV,CT,1,0,62,64,1,431.158,-11.9687,0.4961
CSV,CT,1,0,63,64,1,437.982,-11.7945,0.5000
CSV,CT,1,0,64,64,1,444.828,-11.9030,0.4961
CSV,CT,1,0,65,64,1,451.691,-12.1227,0.4922
CSV,CT,1,0,66,64,1,458.541,-12.2657,0.4883
CSV,CT,1,0,67,64,1,465.358,-12.2466,0.4883
CSV,CT,1,0,68,64,1,472.211,-12.2591,0.4883
CSV,CT,1,0,69,64,1,479.065,-12.4504,0.4805
CSV,CT,1,0,70,64,1,485.916,-12.5109,0.4805
CSV,CT,1,0,71,64,1,492.737,-12.3536,0.4805
CSV,CT,1,0,72,64,1,499.590,-12.3259,0.4805
CSV,CT,1,0,73,64,1,506.456,-12.1840,0.4844
CSV,CT,1,0,74,64,1,513.312,-12.1720,0.4805
CSV,CT,1,0,75,64,1,520.144,-12.0744,0.4844
CSV,CT,1,0,76,64,1,526.975,-12.1859,0.4805
CSV,CT,1,0,77,64,1,533.823,-12.1145,0.4844
CSV,CT,1,0,78,64,1,540.642,-11.9863,0.4844
CSV,CT,1,0,79,64,1,547.478,-12.2010,0.4805
CSV,CT,1,0,80,64,1,554.337,-12.3370,0.4766
CSV,CT,1,0,81,64,1,561.192,-12.3115,0.4766
CSV,CT,1,0,82,64,1,568.039,-12.3793,0.4727
CSV,CT,1,0,83,64,1,574.870,-12.2632,0.4727
CSV,CT,1,0,84,64,1,581.715,-12.2453,0.4727
CSV,CT,1,0,85,64,1,588.575,-12.2308,0.4727
CSV,CT,1,0,86,64,1,595.419,-12.1271,0.4766
CSV,CT,1,0,87,64,1,602.245,-12.1787,0.4727
CSV,CT,1,0,88,64,1,609.093,-12.1958,0.4727
CSV,CT,1,0,89,64,1,615.943,-12.0024,0.4766
CSV,CT,1,0,90,64,1,622.769,-11.9170,0.4766
CSV,CT,1,0,91,64,1,629.603,-11.9274,0.4805
CSV,CT,1,0,92,64,1,636.456,-11.8158,0.4805
CSV,CT,1,0,93,64,1,643.300,-11.9170,0.4805
CSV,CT,1,0,94,64,1,650.132,-11.9283,0.4805
CSV,CT,1,0,95,64,1,656.974,-11.8186,0.4844
CSV,CT,1,0,96,64,1,663.815,-11.6263,0.4883
CSV,CT,1,0,97,64,1,670.645,-11.4476,0.4922
CSV,CT,1,0,98,64,1,677.480,-11.4967,0.4922
CSV,CT,1,0,99,64,1,684.336,-11.5738,0.4961
CSV,CT,1,0,100,64,1,691.191,-11.5819,0.4922
CSV,CT,1,0,101,64,1,698.031,-11.4969,0.4961
CSV,CT,1,0,102,64,1,704.870,-11.5109,0.5000
CSV,CT,1,0,103,64,1,711.717,-11.2523,0.5078
CSV,CT,1,0,104,64,1,718.576,-11.1664,0.5117
CSV,CT,1,0,105,64,1,725.423,-11.0901,0.5156
CSV,CT,1,0,106,64,1,732.247,-11.3456,0.5156
CSV,CT,1,0,107,64,1,739.092,-11.6113,0.5078
CSV,CT,1,0,108,64,1,745.941,-11.5560,0.5117
CSV,CT,1,0,109,64,1,752.772,-11.5037,0.5156
CSV,CT,1,0,110,64,1,759.608,-11.4615,0.5195
CSV,CT,1,0,111,64,1,766.469,-11.5981,0.5156
CSV,CT,1,0,112,64,1,773.332,-11.7227,0.5156
CSV,CT,1,0,113,64,1,780.190,-11.6311,0.5195
CSV,CT,1,0,114,64,1,787.032,-11.5420,0.5195
CSV,CT,1,0,115,64,1,793.870,-11.6030,0.5195
CSV,CT,1,0,116,64,1,800.714,-11.4591,0.5273
CSV,CT,1,0,117,64,1,807.565,-11.5668,0.5273
CSV,CT,1,0,118,64,1,814.385,-11.6316,0.5273
CSV,CT,1,0,119,64,1,821.236,-11.6065,0.5273
CSV,CT,1,0,120,64,1,828.089,-11.4913,0.5312
CSV,CT,1,0,121,64,1,834.940,-11.7162,0.5273
CSV,CT,1,0,122,64,1,841.772,-11.8004,0.5273
CSV,CT,1,0,123,64,1,848.608,-11.9820,0.5234
CSV,CT,1,0,124,64,1,855.466,-11.8080,0.5273
CSV,CT,1,0,125,64,1,862.318,-11.8254,0.5273
CSV,CT,1,0,126,64,1,869.150,-11.9931,0.5234
CSV,CT,1,0,127,64,1,875.980,-11.8779,0.5273
CSV,CT,1,0,128,64,1,882.827,-11.9196,0.5273
CSV,CT,1,0,129,64,1,889.678,-11.8986,0.5273
CSV,CT,1,0,130,64,1,896.507,-12.1803,0.5195
CSV,CT,1,0,131,64,1,903.351,-12.2286,0.5195
CSV,CT,1,0,132,64,1,910.208,-12.3040,0.5156
CSV,CT,1,0,133,64,1,917.065,-12.5840,0.5078
CSV,CT,1,0,134,64,1,923.910,-12.5706,0.5078
CSV,CT,1,0,135,64,1,930.729,-12.5880,0.5039
CSV,CT,1,0,136,64,1,937.581,-12.5425,0.5039
CSV,CT,1,0,137,64,1,944.448,-12.7424,0.4961
CSV,CT,1,0,138,64,1,951.296,-12.5670,0.5000
CSV,CT,1,0,139,64,1,958.129,-12.4645,0.5000
CSV,CT,1,0,140,64,1,964.974,-12.3096,0.5039
CSV,CT,1,0,141,64,1,971.810,-12.0801,0.5039
CSV,CT,1,0,142,64,1,978.643,-11.8393,0.5117
CSV,CT,1,0,143,64,1,985.474,-11.7673,0.5117
CSV,CT,1,0,144,64,1,992.333,-11.9393,0.5117
CSV,CT,1,0,145,64,1,999.189,-12.0357,0.5078
CSV,CT,1,0,146,64,1,1006.005,-12.1235,0.5078
CSV,CT,1,0,147,64,1,1012.849,-12.1187,0.5078
CSV,CT,1,0,148,64,1,1019.715,-12.2635,0.5039
CSV,CT,1,0,149,64,1,1026.572,-12.3054,0.5000
CSV,CT,1,0,150,64,1,1033.422,-12.2545,0.5000
CSV,CT,1,0,151,64,1,1040.252,-12.2700,0.5000
CSV,CT,1,0,152,64,1,1047.092,-12.3402,0.4961
CSV,CT,1,0,153,64,1,1053.941,-12.2936,0.4961
CSV,CT,1,0,154,64,1,1060.776,-12.1765,0.5000
CSV,CT,1,0,155,64,1,1067.618,-11.9248,0.5039
CSV,CT,1,0,156,64,1,1074.464,-11.7850,0.5078
CSV,CT,1,0,157,64,1,1081.318,-11.8658,0.5039
CSV,CT,1,0,158,64,1,1088.149,-11.9361,0.5039
CSV,CT,1,0,159,64,1,1094.977,-12.1528,0.5000
CSV,CT,1,0,160,64,1,1101.829,-12.3262,0.4961
CSV,CT,1,0,161,64,1,1108.691,-12.4245,0.4922
CSV,CT,1,0,162,64,1,1115.535,-12.4228,0.4883
CSV,CT,1,0,163,64,1,1122.355,-12.5428,0.4844
CSV,CT,1,0,164,64,1,1129.204,-12.6228,0.4805
CSV,CT,1,0,165,64,1,1136.064,-12.3676,0.4844
CSV,CT,1,0,166,64,1,1142.913,-12.3461,0.4844
CSV,CT,1,0,167,64,1,1149.736,-12.1697,0.4883
CSV,CT,1,0,168,64,1,1156.588,-12.0685,0.4883
CSV,CT,1,0,169,64,1,1163.457,-12.1565,0.4883
CSV,CT,1,0,170,64,1,1170.314,-12.2067,0.4844
CSV,CT,1,0,171,64,1,1177.148,-12.3136,0.4844
CSV,CT,1,0,172,64,1,1183.982,-12.2309,0.4844
CSV,CT,1,0,173,64,1,1190.826,-12.1850,0.4844
CSV,CT,1,0,174,64,1,1197.682,-12.3217,0.4805
CSV,CT,1,0,175,64,1,1204.510,-12.2100,0.4805
CSV,CT,1,0,176,64,1,1211.351,-12.0180,0.4844
CSV,CT,1,0,177,64,1,1218.205,-12.1698,0.4805
CSV,CT,1,0,178,64,1,1225.056,-11.8902,0.4883
CSV,CT,1,0,179,64,1,1231.886,-11.7230,0.4922
CSV,CT,1,0,180,64,1,1238.717,-11.5680,0.4961
CSV,CT,1,0,181,64,1,1245.569,-11.5450,0.5000
CSV,CT,1,0,182,64,1,1252.421,-11.7367,0.4961
CSV,CT,1,0,183,64,1,1259.245,-11.6703,0.5000
CSV,CT,1,0,184,64,1,1266.089,-11.7592,0.5000
CSV,CT,1,0,185,64,1,1272.939,-11.8705,0.4961
CSV,CT,1,0,186,64,1,1279.772,-12.0640,0.4922
CSV,CT,1,0,187,64,1,1286.606,-11.9131,0.4961
CSV,CT,1,0,188,64,1,1293.467,-11.9545,0.4922
CSV,CT,1,0,189,64,1,1300.320,-11.7505,0.5000
CSV,CT,1,0,190,64,1,1307.147,-11.8926,0.4961
CSV,CT,1,0,191,64,1,1313.982,-11.6643,0.5039
CSV,CT,1,0,192,64,1,1320.825,-11.7550,0.5039
CSV,CT,1,0,193,64,1,1327.657,-11.6279,0.5039
CSV,CT,1,0,194,64,1,1334.483,-11.8103,0.5039
CSV,CT,1,0,195,64,1,1341.338,-11.6822,0.5039
CSV,CT,1,0,196,64,1,1348.189,-11.5932,0.5078
CSV,CT,1,0,197,64,1,1355.005,-11.6591,0.5078
CSV,CT,1,0,198,64,1,1361.864,-11.8700,0.5039
CSV,CT,1,0,199,64,1,1368.714,-11.8855,0.5039
CSV,CT,1,0,200,64,1,1375.572,-11.9594,0.5039
CSV,CT,1,0,201,64,1,1382.423,-11.8152,0.5078
CSV,CT,1,0,202,64,1,1389.252,-11.9807,0.5039
CSV,CT,1,0,203,64,1,1396.092,-12.1937,0.5000
CSV,CT,1,0,204,64,1,1402.940,-12.3306,0.4922
CSV,CT,1,0,205,64,1,1409.773,-12.1859,0.4961
CSV,CT,1,0,206,64,1,1416.607,-11.9341,0.5039
CSV,CT,1,0,207,64,1,1423.466,-11.8851,0.5039
CSV,CT,1,0,208,64,1,1430.324,-11.6854,0.5078
CSV,CT,1,0,209,64,1,1437.161,-11.9254,0.5039
CSV,CT,1,0,210,64,1,1443.981,-11.8729,0.5039
CSV,CT,1,0,211,64,1,1450.828,-11.8764,0.5039
CSV,CT,1,0,212,64,1,1457.683,-11.8009,0.5078
CSV,CT,1,0,213,64,1,1464.513,-11.6715,0.5117
CSV,CT,1,0,214,64,1,1471.352,-11.5820,0.5156
CSV,CT,1,0,215,64,1,1478.209,-11.7395,0.5117
CSV,CT,1,0,216,64,1,1485.068,-11.9145,0.5117
CSV,CT,1,0,217,64,1,1491.924,-11.8977,0.5117
CSV,CT,1,0,218,64,1,1498.747,-11.7916,0.5117
CSV,CT,1,0,219,64,1,1505.592,-11.8993,0.5117
CSV,CT,1,0,220,64,1,1512.456,-11.9703,0.5078
CSV,CT,1,0,221,64,1,1519.305,-12.1225,0.5078
CSV,CT,1,0,222,64,1,1526.137,-12.2962,0.5039
CSV,CT,1,0,223,64,1,1532.974,-12.2446,0.5000
CSV,CT,1,0,224,64,1,1539.813,-12.0493,0.5039
CSV,CT,1,0,225,64,1,1546.635,-11.9873,0.5078
CSV,CT,1,0,226,64,1,1553.473,-12.0506,0.5039
CSV,CT,1,0,227,64,1,1560.323,-12.0795,0.5039
CSV,CT,1,0,228,64,1,1567.158,-11.9872,0.5078
CSV,CT,1,0,229,64,1,1573.980,-11.8729,0.5078
CSV,CT,1,0,230,64,1,1580.829,-11.9159,0.5078
CSV,CT,1,0,231,64,1,1587.691,-12.1374,0.5039
CSV,CT,1,0,232,64,1,1594.536,-12.1900,0.5000
CSV,CT,1,0,233,64,1,1601.352,-12.2082,0.5000
CSV,CT,1,0,234,64,1,1608.202,-12.2867,0.5000
CSV,CT,1,0,235,64,1,1615.056,-12.4464,0.4922
CSV,CT,1,0,236,64,1,1621.886,-12.4123,0.4922
CSV,CT,1,0,237,64,1,1628.713,-12.2926,0.4961
CSV,CT,1,0,238,64,1,1635.576,-12.4531,0.4883
CSV,CT,1,0,239,64,1,1642.437,-12.5970,0.4844
CSV,CT,1,0,240,64,1,1649.256,-12.6455,0.4805
CSV,CT,1,0,241,64,1,1656.092,-12.2966,0.4883
CSV,CT,1,0,242,64,1,1662.952,-12.1877,0.4883
CSV,CT,1,0,243,64,1,1669.782,-12.1161,0.4922
CSV,CT,1,0,244,64,1,1676.614,-12.0789,0.4922
CSV,CT,1,0,245,64,1,1683.464,-11.7759,0.4961
CSV,CT,1,0,246,64,1,1690.317,-11.6478,0.5000
CSV,CT,1,0,247,64,1,1697.147,-11.8269,0.5000
CSV,CT,1,0,248,64,1,1703.976,-11.9941,0.4961
CSV,CT,1,0,249,64,1,1710.834,-11.8762,0.4961
CSV,CT,1,0,250,64,1,1717.685,-11.7982,0.5000
CSV,CT,1,0,251,64,1,1724.532,-11.7579,0.5039
CSV,CT,1,0,252,64,1,1731.355,-11.6283,0.5039
CSV,CT,1,0,253,64,1,1738.206,-11.6317,0.5078
CSV,CT,1,0,254,64,1,1745.065,-11.4892,0.5117
CSV,CT,1,0,255,64,1,1751.912,-11.6258,0.5078
CSV,CT,1,0,256,64,1,1758.745,-11.6575,0.5117
CSV,CT,1,0,257,64,1,1765.590,-11.6317,0.5117
CSV,CT,1,0,258,64,1,1772.451,-11.8445,0.5078
CSV,CT,1,0,259,64,1,1779.294,-11.9195,0.5078
CSV,CT,1,0,260,64,1,1786.129,-11.8677,0.5078
CSV,CT,1,0,261,64,1,1792.974,-11.8505,0.5117
CSV,CT,1,0,262,64,1,1799.826,-11.6877,0.5117
CSV,CT,1,0,263,64,1,1806.645,-11.5945,0.5156
CSV,CT,1,0,264,64,1,1813.475,-11.7181,0.5156
CSV,CT,1,0,265,64,1,1820.337,-12.0117,0.5117
CSV,CT,1,0,266,64,1,1827.195,-12.0744,0.5078
CSV,CT,1,0,267,64,1,1834.057,-12.2212,0.5039
CSV,CT,1,0,268,64,1,1840.886,-12.2967,0.5039
CSV,CT,1,0,269,64,1,1847.717,-12.2178,0.5039
CSV,CT,1,0,270,64,1,1854.565,-12.1727,0.5039
CSV,CT,1,0,271,64,1,1861.387,-12.1346,0.5039
CSV,CT,1,0,272,64,1,1868.235,-12.3067,0.5000
CSV,CT,1,0,273,64,1,1875.089,-12.0503,0.5039
CSV,CT,1,0,274,64,1,1881.940,-12.3500,0.4961
CSV,CT,1,0,275,64,1,1888.772,-12.3552,0.4961
CSV,CT,1,0,276,64,1,1895.615,-12.1512,0.5000
CSV,CT,1,0,277,64,1,1902.467,-12.1113,0.5000
CSV,CT,1,0,278,64,1,1909.315,-11.8773,0.5039
CSV,CT,1,0,279,64,1,1916.144,-11.8323,0.5078
CSV,CT,1,0,280,64,1,1922.975,-11.8206,0.5078
CSV,CT,1,0,281,64,1,1929.825,-11.7492,0.5078
CSV,CT,1,0,282,64,1,1936.673,-12.0137,0.5039
CSV,CT,1,0,283,64,1,1943.502,-11.8679,0.5078
CSV,CT,1,0,284,64,1,1950.347,-11.7321,0.5117
CSV,CT,1,0,285,64,1,1957.202,-11.7870,0.5078
CSV,CT,1,0,286,64,1,1964.056,-11.9567,0.5078
CSV,CT,1,0,287,64,1,1970.887,-11.9063,0.5078
CSV,CT,1,0,288,64,1,1977.723,-11.8869,0.5078
CSV,CT,1,0,289,64,1,1984.581,-11.9593,0.5078
CSV,CT,1,0,290,64,1,1991.433,-12.1152,0.5039
CSV,CT,1,0,291,64,1,1998.252,-11.8713,0.5078
CSV,CT,1,0,292,64,1,2005.092,-11.7323,0.5117
CSV,CT,1,0,293,64,1,2011.962,-11.6080,0.5156
CSV,CT,1,0,294,64,1,2018.790,-11.6138,0.5195
CSV,CT,1,0,295,64,1,2025.620,-11.7074,0.5156
CSV,CT,1,0,296,64,1,2032.469,-11.8555,0.5156
CSV,CT,1,0,297,64,1,2039.320,-11.9312,0.5156
CSV,CT,1,0,298,64,1,2046.148,-11.8498,0.5156
CSV,CT,1,0,299,64,1,2052.980,-11.8648,0.5156
CSV,CT,1,0,300,64,1,2059.831,-12.1157,0.5117
CSV,CT,1,0,301,64,1,2066.691,-12.4091,0.5039
CSV,CT,1,0,302,64,1,2073.537,-12.4708,0.5000
CSV,CT,1,0,303,64,1,2080.355,-12.4361,0.5000
CSV,CT,1,0,304,64,1,2087.203,-12.4038,0.5000
CSV,CT,1,0,305,64,1,2094.052,-12.3151,0.5000
CSV,CT,1,0,306,64,1,2100.882,-12.2029,0.5000
CSV,CT,1,0,307,64,1,2107.715,-12.2511,0.5000
CSV,CT,1,0,308,64,1,2114.576,-12.3868,0.4961
CSV,CT,1,0,309,64,1,2121.422,-12.1796,0.5000
CSV,CT,1,0,310,64,1,2128.246,-11.9318,0.5039
CSV,CT,1,0,311,64,1,2135.092,-12.0907,0.5000
CSV,CT,1,0,312,64,1,2141.966,-12.1171,0.5000
CSV,CT,1,0,313,64,1,2148.788,-12.2593,0.4961
CSV,CT,1,0,314,64,1,2155.615,-12.2118,0.4961
CSV,CT,1,0,315,64,1,2162.469,-11.8724,0.5039
CSV,CT,1,0,316,64,1,2169.323,-12.0955,0.5000
CSV,CT,1,0,317,64,1,2176.155,-11.9734,0.5000
CSV,CT,1,0,318,64,1,2182.979,-11.9200,0.5039
CSV,CT,1,0,319,64,1,2189.836,-11.9603,0.5000
CSV,CT,1,0,320,64,1,2196.693,-12.0282,0.5000
CSV,CT,1,0,321,64,1,2203.546,-12.0903,0.5000
CSV,CT,1,0,322,64,1,2210.366,-12.0264,0.5000
CSV,CT,1,0,323,64,1,2217.221,-12.3570,0.4922
CSV,CT,1,0,324,64,1,2224.074,-12.0026,0.5000
CSV,CT,1,0,325,64,1,2230.928,-11.6776,0.5039
CSV,CT,1,0,326,64,1,2237.749,-11.6796,0.5078
CSV,CT,1,0,327,64,1,2244.588,-11.7684,0.5039
CSV,CT,1,0,328,64,1,2251.449,-11.8493,0.5078
CSV,CT,1,0,329,64,1,2258.277,-11.9235,0.5039
CSV,CT,1,0,330,64,1,2265.111,-11.8437,0.5078
CSV,CT,1,0,331,64,1,2271.964,-12.0066,0.5039
CSV,CT,1,0,332,64,1,2278.785,-12.0714,0.5000
CSV,CT,1,0,333,64,1,2285.615,-11.9185,0.5039
CSV,CT,1,0,334,64,1,2292.467,-11.7179,0.5117
CSV,CT,1,0,335,64,1,2299.319,-11.6530,0.5117
CSV,CT,1,0,336,64,1,2306.150,-11.7135,0.5117
CSV,CT,1,0,337,64,1,2312.982,-11.6508,0.5156
CSV,CT,1,0,338,64,1,2319.834,-11.5325,0.5195
CSV,CT,1,0,339,64,1,2326.691,-11.5149,0.5195
CSV,CT,1,0,340,64,1,2333.537,-11.6737,0.5195
CSV,CT,1,0,341,64,1,2340.358,-11.8212,0.5156
CSV,CT,1,0,342,64,1,2347.203,-11.8999,0.5156
CSV,CT,1,0,343,64,1,2354.059,-11.9705,0.5117
CSV,CT,1,0,344,64,1,2360.901,-12.1295,0.5117
CSV,CT,1,0,345,64,1,2367.722,-12.3323,0.5039
CSV,CT,1,0,346,64,1,2374.578,-12.1613,0.5078
CSV,CT,1,0,347,64,1,2381.433,-12.2405,0.5039
CSV,CT,1,0,348,64,1,2388.249,-12.2537,0.5039
CSV,CT,1,0,349,64,1,2395.088,-12.6242,0.4922
CSV,CT,1,0,350,64,1,2401.941,-12.5164,0.4922
CSV,CT,1,0,351,64,1,2408.773,-12.3582,0.4961
CSV,CT,1,0,352,64,1,2415.611,-12.4807,0.4922
CSV,CT,1,0,353,64,1,2422.464,-12.3842,0.4922
CSV,CT,1,0,354,64,1,2429.318,-12.2375,0.4922
CSV,CT,1,0,355,64,1,2436.147,-12.2716,0.4922
CSV,CT,1,0,356,64,1,2442.974,-12.3137,0.4922
CSV,CT,1,0,357,64,1,2449.824,-12.4732,0.4883
CSV,CT,1,0,358,64,1,2456.645,-12.4686,0.4844
CSV,CT,1,0,359,64,1,2463.479,-12.5243,0.4805
CSV,CT,1,0,360,64,1,2470.335,-12.6939,0.4766
CSV,CT,1,0,361,64,1,2477.189,-12.5524,0.4766
CSV,CT,1,0,362,64,1,2484.030,-12.5401,0.4766
CSV,CT,1,0,363,64,1,2490.872,-12.4405,0.4766
CSV,CT,1,0,364,64,1,2497.714,-12.2885,0.4766
CSV,CT,1,0,365,64,1,2504.580,-12.4790,0.4727
CSV,CT,1,0,366,64,1,2511.434,-12.3862,0.4727
CSV,CT,1,0,367,64,1,2518.253,-12.0123,0.4805
CSV,CT,1,0,368,64,1,2525.087,-12.1333,0.4805
CSV,CT,1,0,369,64,1,2531.940,-12.2480,0.4727
CSV,CT,1,0,370,64,1,2538.773,-12.2394,0.4727
CSV,CT,1,0,371,64,1,2545.613,-12.1916,0.4727
CSV,CT,1,0,372,64,1,2552.465,-11.9385,0.4805
CSV,CT,1,0,373,64,1,2559.320,-11.9775,0.4766
CSV,CT,1,0,374,64,1,2566.148,-11.9818,0.4766
CSV,CT,1,0,375,64,1,2572.977,-12.1353,0.4766
CSV,CT,1,0,376,64,1,2579.823,-12.2774,0.4727
CSV,CT,1,0,377,64,1,2586.646,-12.0471,0.4766
CSV,CT,1,0,378,64,1,2593.476,-12.2258,0.4727
CSV,CT,1,0,379,64,1,2600.328,-12.0603,0.4727
CSV,CT,1,0,380,64,1,2607.162,-11.9685,0.4766
CSV,CT,1,0,381,64,1,2613.982,-11.8539,0.4805
CSV,CT,1,0,382,64,1,2620.823,-12.0793,0.4727
CSV,CT,1,0,383,64,1,2627.642,-11.8938,0.4766
CSV,CT,1,0,384,64,1,2634.472,-11.6382,0.4844
CSV,CT,1,0,385,64,1,2641.327,-11.8197,0.4805
CSV,CT,1,0,386,64,1,2648.161,-11.9244,0.4805
CSV,CT,1,0,387,64,1,2654.982,-11.7242,0.4844
CSV,CT,1,0,388,64,1,2661.824,-11.8687,0.4805
CSV,CT,1,0,389,64,1,2668.645,-11.8786,0.4805
CSV,CT,1,0,390,64,1,2675.475,-11.6832,0.4883
CSV,CT,1,0,391,64,1,2682.336,-11.8306,0.4844
CSV,CT,1,0,392,64,1,2689.190,-11.9077,0.4844
CSV,CT,1,0,393,64,1,2696.032,-11.8864,0.4844
CSV,CT,1,0,394,64,1,2702.869,-11.6908,0.4883
CSV,CT,1,0,395,64,1,2709.717,-11.5969,0.4922
CSV,CT,1,0,396,64,1,2716.571,-11.4824,0.4961
CSV,CT,1,0,397,64,1,2723.426,-11.4666,0.5000
CSV,CT,1,0,398,64,1,2730.252,-11.5420,0.5000
CSV,CT,1,0,399,64,1,2737.087,-11.6127,0.5000
CSV,CT,1,0,400,64,1,2743.954,-11.6175,0.5000
CSV,CT,1,0,401,64,1,2750.784,-11.7704,0.4961
CSV,CT,1,0,402,64,1,2757.614,-11.7897,0.4961
CSV,CT,1,0,403,64,1,2764.461,-11.8113,0.5000
CSV,CT,1,0,404,64,1,2771.319,-12.0075,0.4961
CSV,CT,1,0,405,64,1,2778.151,-12.0998,0.4922
CSV,CT,1,0,406,64,1,2784.981,-12.0376,0.4961
CSV,CT,1,0,407,64,1,2791.825,-12.1264,0.4922
CSV,CT,1,0,408,64,1,2798.642,-11.9102,0.4961
CSV,CT,1,0,409,64,1,2805.469,-11.7110,0.5000
CSV,CT,1,0,410,64,1,2812.322,-11.7333,0.5039
CSV,CT,1,0,411,64,1,2819.149,-11.8478,0.5000
CSV,CT,1,0,412,64,1,2825.982,-11.6839,0.5039
CSV,CT,1,0,413,64,1,2832.826,-11.7122,0.5039
CSV,CT,1,0,414,64,1,2839.678,-11.8274,0.5039
CSV,CT,1,0,415,64,1,2846.503,-12.0532,0.4961
CSV,CT,1,0,416,64,1,2853.342,-11.9307,0.5000
CSV,CT,1,0,417,64,1,2860.188,-11.9372,0.5000
CSV,CT,1,0,418,64,1,2867.003,-12.0637,0.4961
CSV,CT,1,0,419,64,1,2873.848,-12.0650,0.4961
CSV,CT,1,0,420,64,1,2880.714,-12.1216,0.4961
CSV,CT,1,0,421,64,1,2887.580,-12.1463,0.4961
CSV,CT,1,0,422,64,1,2894.433,-12.1689,0.4922
CSV,CT,1,0,423,64,1,2901.252,-11.9200,0.5000
CSV,CT,1,0,424,64,1,2908.094,-11.9578,0.4961
CSV,CT,1,0,425,64,1,2914.962,-12.0544,0.4961
CSV,CT,1,0,426,64,1,2921.784,-12.2618,0.4922
CSV,CT,1,0,427,64,1,2928.618,-12.1473,0.4922
CSV,CT,1,0,428,64,1,2935.469,-12.0799,0.4922
CSV,CT,1,0,429,64,1,2942.322,-12.1668,0.4922
CSV,CT,1,0,430,64,1,2949.155,-12.0408,0.4961
CSV,CT,1,0,431,64,1,2955.983,-11.9816,0.4961
CSV,CT,1,0,432,64,1,2962.835,-11.7769,0.5000
CSV,CT,1,0,433,64,1,2969.692,-11.8001,0.5000
CSV,CT,1,0,434,64,1,2976.537,-11.9097,0.5000
CSV,CT,1,0,435,64,1,2983.358,-11.8601,0.5000
CSV,CT,1,0,436,64,1,2990.201,-12.0547,0.4961
CSV,CT,1,0,437,64,1,2997.052,-12.2638,0.4883
CSV,CT,1,0,438,64,1,3003.882,-12.2460,0.4883
CSV,CT,1,0,439,64,1,3010.715,-12.1095,0.4922
CSV,CT,1,0,440,64,1,3017.571,-12.0469,0.4922
CSV,CT,1,0,441,64,1,3024.420,-12.1049,0.4922
CSV,CT,1,0,442,64,1,3031.245,-11.8338,0.5000
CSV,CT,1,0,443,64,1,3038.092,-11.8523,0.5000
CSV,CT,1,0,444,64,1,3044.940,-12.0182,0.4961
CSV,CT,1,0,445,64,1,3051.773,-11.9591,0.4961
CSV,CT,1,0,446,64,1,3058.604,-11.9649,0.4961
CSV,CT,1,0,447,64,1,3065.459,-11.8222,0.5000
CSV,CT,1,0,448,64,1,3072.320,-12.1388,0.4922
CSV,CT,1,0,449,64,1,3079.151,-12.1585,0.4922
CSV,CT,1,0,450,64,1,3085.984,-12.0588,0.4922
CSV,CT,1,0,451,64,1,3092.833,-11.8774,0.4961
CSV,CT,1,0,452,64,1,3099.690,-11.7990,0.5000
CSV,CT,1,0,453,64,1,3106.541,-11.8167,0.5000
CSV,CT,1,0,454,64,1,3113.365,-11.5950,0.5039
CSV,CT,1,0,455,64,1,3120.220,-11.5137,0.5078
CSV,CT,1,0,456,64,1,3127.075,-11.2869,0.5156
CSV,CT,1,0,457,64,1,3133.929,-11.4961,0.5117
CSV,CT,1,0,458,64,1,3140.753,-11.5401,0.5156
CSV,CT,1,0,459,64,1,3147.593,-11.5199,0.5156
CSV,CT,1,0,460,64,1,3154.455,-11.5929,0.5156
CSV,CT,1,0,461,64,1,3161.303,-11.6611,0.5156
CSV,CT,1,0,462,64,1,3168.134,-11.6022,0.5195
CSV,CT,1,0,463,64,1,3174.975,-11.7278,0.5156
CSV,CT,1,0,464,64,1,3181.818,-11.8411,0.5156
CSV,CT,1,0,465,64,1,3188.645,-11.7059,0.5195
CSV,CT,1,0,466,64,1,3195.480,-11.9414,0.5156
CSV,CT,1,0,467,64,1,3202.334,-12.1896,0.5078
CSV,CT,1,0,468,64,1,3209.189,-12.2373,0.5039
CSV,CT,1,0,469,64,1,3216.035,-12.1249,0.5078
CSV,CT,1,0,470,64,1,3222.873,-12.0862,0.5078
CSV,CT,1,0,471,64,1,3229.717,-11.9921,0.5117
CSV,CT,1,0,472,64,1,3236.564,-12.0566,0.5078
CSV,CT,1,0,473,64,1,3243.385,-11.9531,0.5117
CSV,CT,1,0,474,64,1,3250.234,-11.7201,0.5156
CSV,CT,1,0,475,64,1,3257.085,-11.5062,0.5234
CSV,CT,1,0,476,64,1,3263.934,-11.4286,0.5273
CSV,CT,1,0,477,64,1,3270.756,-11.5088,0.5273
CSV,CT,1,0,478,64,1,3277.593,-11.6035,0.5273
CSV,CT,1,0,479,64,1,3284.455,-11.4979,0.5273
CSV,CT,1,0,480,64,1,3291.309,-11.5414,0.5312
CSV,CT,1,0,481,64,1,3298.141,-11.6439,0.5312
CSV,CT,1,0,482,64,1,3304.974,-11.6448,0.5312
CSV,CT,1,0,483,64,1,3311.817,-11.7721,0.5273
CSV,CT,1,0,484,64,1,3318.645,-11.7323,0.5312
CSV,CT,1,0,485,64,1,3325.488,-11.6984,0.5312
CSV,CT,1,0,486,64,1,3332.339,-11.7270,0.5312
CSV,CT,1,0,487,64,1,3339.192,-11.8139,0.5312
CSV,CT,1,0,488,64,1,3346.055,-11.7755,0.5312
CSV,CT,1,0,489,64,1,3352.886,-11.8866,0.5312
CSV,CT,1,0,490,64,1,3359.719,-11.8405,0.5352
CSV,CT,1,0,491,64,1,3366.579,-11.9762,0.5312
CSV,CT,1,0,492,64,1,3373.428,-12.1622,0.5234
CSV,CT,1,0,493,64,1,3380.251,-12.0926,0.5273
CSV,CT,1,0,494,64,1,3387.092,-12.2978,0.5234
CSV,CT,1,0,495,64,1,3393.939,-12.4564,0.5156
CSV,CT,1,0,496,64,1,3400.770,-12.5137,0.5156
CSV,CT,1,0,497,64,1,3407.607,-12.6261,0.5078
CSV,CT,1,0,498,64,1,3414.469,-12.5158,0.5078
CSV,CT,1,0,499,64,1,3421.328,-12.7775,0.5039
CSV,C,1,1,10.0,0.071,1167,3073,0.522,0.035,0.15,6796291.50,6827898.00,6862633.50,6849554.0,64,6835.0,1
CSV,CT,1,1,500,64,1
CSV,CT,1,1,0,64,1,6.867,-0.0000,0.3281
CSV,CT,1,1,1,64,1,13.705,-0.5740,0.3555
CSV,CT,1,1,2,64,1,20.544,-1.6107,0.3711
CSV,CT,1,1,3,64,1,27.357,-2.0853,0.3945
CSV,CT,1,1,4,64,1,34.206,-2.5233,0.4180
CSV,CT,1,1,5,64,1,41.045,-3.0444,0.4414
CSV,CT,1,1,6,64,1,47.867,-3.6435,0.4570
CSV,CT,1,1,7,64,1,54.709,-4.2836,0.4688
CSV,CT,1,1,8,64,1,61.555,-4.8421,0.4805
CSV,CT,1,1,9,64,1,68.354,-5.5080,0.4922
CSV,CT,1,1,10,64,1,75.190,-6.0018,0.5039
CSV,CT,1,1,11,64,1,81.998,-6.5459,0.5078
CSV,CT,1,1,12,64,1,88.843,-6.8981,0.5195
CSV,CT,1,1,13,64,1,95.690,-7.7309,0.5195
CSV,CT,1,1,14,64,1,102.506,-7.9553,0.5273
CSV,CT,1,1,15,64,1,109.340,-8.1306,0.5352
CSV,CT,1,1,16,64,1,116.175,-8.2933,0.5469
CSV,CT,1,1,17,64,1,122.979,-8.7431,0.5508
CSV,CT,1,1,18,64,1,129.817,-9.1589,0.5508
CSV,CT,1,1,19,64,1,136.630,-9.1232,0.5625
CSV,CT,1,1,20,64,1,143.471,-9.5084,0.5625
CSV,CT,1,1,21,64,1,150.316,-9.9207,0.5586
CSV,CT,1,1,22,64,1,157.134,-10.3918,0.5547
CSV,CT,1,1,23,64,1,163.970,-10.4669,0.5586
CSV,CT,1,1,24,64,1,170.811,-10.6547,0.5586
CSV,CT,1,1,25,64,1,177.628,-10.9151,0.5586
CSV,CT,1,1,26,64,1,184.463,-11.1074,0.5586
CSV,CT,1,1,27,64,1,191.305,-10.9745,0.5664
CSV,CT,1,1,28,64,1,198.127,-11.3006,0.5586
CSV,CT,1,1,29,64,1,204.966,-11.3324,0.5625
CSV,CT,1,1,30,64,1,211.811,-11.7479,0.5547
CSV,CT,1,1,31,64,1,218.624,-11.6530,0.5586
CSV,CT,1,1,32,64,1,225.460,-11.8367,0.5547
CSV,CT,1,1,33,64,1,232.298,-12.0607,0.5508
CSV,CT,1,1,34,64,1,239.109,-12.1804,0.5469
CSV,CT,1,1,35,64,1,245.960,-12.0207,0.5508
CSV,CT,1,1,36,64,1,252.779,-12.1741,0.5469
CSV,CT,1,1,37,64,1,259.599,-11.9854,0.5508
CSV,CT,1,1,38,64,1,266.410,-12.0221,0.5508
CSV,CT,1,1,39,64,1,273.234,-12.1424,0.5469
CSV,CT,1,1,40,64,1,280.082,-12.4026,0.5391
CSV,CT,1,1,41,64,1,286.906,-12.4353,0.5391
CSV,CT,1,1,42,64,1,293.722,-12.4631,0.5352
CSV,CT,1,1,43,64,1,300.562,-12.5522,0.5312
CSV,CT,1,1,44,64,1,307.381,-12.5436,0.5312
CSV,CT,1,1,45,64,1,314.217,-12.6424,0.5273
CSV,CT,1,1,46,64,1,321.058,-12.7142,0.5195
CSV,CT,1,1,47,64,1,327.869,-12.8137,0.5156
CSV,CT,1,1,48,64,1,334.703,-12.7533,0.5156
CSV,CT,1,1,49,64,1,341.539,-12.9075,0.5078
CSV,CT,1,1,50,64,1,348.356,-12.8890,0.5078
CSV,CT,1,1,51,64,1,355.204,-12.6428,0.5078
CSV,CT,1,1,52,64,1,362.049,-12.5954,0.5078
CSV,CT,1,1,53,64,1,368.863,-12.4912,0.5078
CSV,CT,1,1,54,64,1,375.696,-12.5170,0.5039
CSV,CT,1,1,55,64,1,382.522,-12.5990,0.5039
CSV,CT,1,1,56,64,1,389.345,-12.5861,0.5000
CSV,CT,1,1,57,64,1,396.187,-12.6329,0.4961
CSV,CT,1,1,58,64,1,402.997,-12.7337,0.4922
CSV,CT,1,1,59,64,1,409.832,-12.4064,0.5000
CSV,CT,1,1,60,64,1,416.677,-12.6181,0.4922
CSV,CT,1,1,61,64,1,423.494,-12.5136,0.4922
CSV,CT,1,1,62,64,1,430.338,-12.4748,0.4922
CSV,CT,1,1,63,64,1,437.178,-12.2311,0.4961
CSV,CT,1,1,64,64,1,443.981,-12.1256,0.5000
CSV,CT,1,1,65,64,1,450.818,-12.1812,0.4961
CSV,CT,1,1,66,64,1,457.630,-12.1105,0.4961
CSV,CT,1,1,67,64,1,464.465,-11.9265,0.5000
CSV,CT,1,1,68,64,1,471.307,-11.9371,0.5039
CSV,CT,1,1,69,64,1,478.124,-11.8556,0.5039
CSV,CT,1,1,70,64,1,484.963,-11.9028,0.5039
CSV,CT,1,1,71,64,1,491.779,-12.0055,0.5000
CSV,CT,1,1,72,64,1,498.608,-11.9498,0.5039
CSV,CT,1,1,73,64,1,505.436,-11.7192,0.5078
CSV,CT,1,1,74,64,1,512.252,-11.8949,0.5039
CSV,CT,1,1,75,64,1,519.094,-11.9696,0.5039
CSV,CT,1,1,76,64,1,525.936,-11.8566,0.5078
CSV,CT,1,1,77,64,1,532.754,-11.8434,0.5078
CSV,CT,1,1,78,64,1,539.593,-11.9489,0.5078
CSV,CT,1,1,79,64,1,546.407,-11.9886,0.5039
CSV,CT,1,1,80,64,1,553.238,-12.0822,0.5039
CSV,CT,1,1,81,64,1,560.082,-12.1983,0.5000
CSV,CT,1,1,82,64,1,566.902,-12.2472,0.4961
CSV,CT,1,1,83,64,1,573.718,-12.1408,0.4961
CSV,CT,1,1,84,64,1,580.558,-11.9544,0.5000
CSV,CT,1,1,85,64,1,587.362,-11.9935,0.5000
CSV,CT,1,1,86,64,1,594.206,-11.9365,0.5039
CSV,CT,1,1,87,64,1,601.048,-12.0056,0.5000
CSV,CT,1,1,88,64,1,607.870,-12.0403,0.5000
CSV,CT,1,1,89,64,1,614.703,-11.8917,0.5039
CSV,CT,1,1,90,64,1,621.537,-11.9633,0.5039
CSV,CT,1,1,91,64,1,628.352,-12.0002,0.5039
CSV,CT,1,1,92,64,1,635.189,-11.9746,0.5039
CSV,CT,1,1,93,64,1,641.994,-12.2487,0.4961
CSV,CT,1,1,94,64,1,648.835,-12.0804,0.5000
CSV,CT,1,1,95,64,1,655.685,-12.5041,0.4883
CSV,CT,1,1,96,64,1,662.507,-12.5261,0.4844
CSV,CT,1,1,97,64,1,669.342,-12.1879,0.4922
CSV,CT,1,1,98,64,1,676.186,-12.2080,0.4922
CSV,CT,1,1,99,64,1,682.994,-12.3762,0.4883
CSV,CT,1,1,100,64,1,689.833,-12.1096,0.4922
CSV,CT,1,1,101,64,1,696.677,-12.3847,0.4844
CSV,CT,1,1,102,64,1,703.498,-12.4486,0.4805
CSV,CT,1,1,103,64,1,710.340,-12.3908,0.4844
CSV,CT,1,1,104,64,1,717.173,-12.1847,0.4844
CSV,CT,1,1,105,64,1,723.984,-12.3527,0.4805
CSV,CT,1,1,106,64,1,730.813,-12.2703,0.4805
CSV,CT,1,1,107,64,1,737.626,-12.4040,0.4766
CSV,CT,1,1,108,64,1,744.464,-12.1667,0.4805
CSV,CT,1,1,109,64,1,751.313,-12.2197,0.4805
CSV,CT,1,1,110,64,1,758.128,-12.2077,0.4805
CSV,CT,1,1,111,64,1,764.964,-12.1334,0.4805
CSV,CT,1,1,112,64,1,771.782,-12.1273,0.4805
CSV,CT,1,1,113,64,1,778.599,-12.2099,0.4805
CSV,CT,1,1,114,64,1,785.408,-12.1656,0.4766
CSV,CT,1,1,115,64,1,792.233,-12.0967,0.4805
CSV,CT,1,1,116,64,1,799.082,-12.1522,0.4766
CSV,CT,1,1,117,64,1,805.905,-12.1454,0.4766
CSV,CT,1,1,118,64,1,812.717,-11.9290,0.4844
CSV,CT,1,1,119,64,1,819.557,-11.6383,0.4883
CSV,CT,1,1,120,64,1,826.360,-11.5496,0.4922
CSV,CT,1,1,121,64,1,833.199,-11.3198,0.5000
CSV,CT,1,1,122,64,1,840.009,-11.3474,0.5000
CSV,CT,1,1,123,64,1,846.852,-11.2529,0.5039
CSV,CT,1,1,124,64,1,853.693,-11.1674,0.5117
CSV,CT,1,1,125,64,1,860.513,-11.2382,0.5117
CSV,CT,1,1,126,64,1,867.343,-11.0941,0.5195
CSV,CT,1,1,127,64,1,874.175,-11.3781,0.5156
CSV,CT,1,1,128,64,1,880.977,-11.3096,0.5156
CSV,CT,1,1,129,64,1,887.818,-11.3680,0.5195
CSV,CT,1,1,130,64,1,894.629,-11.4805,0.5195
CSV,CT,1,1,131,64,1,901.466,-11.4061,0.5195
CSV,CT,1,1,132,64,1,908.315,-11.7282,0.5156
CSV,CT,1,1,133,64,1,915.138,-11.9031,0.5117
CSV,CT,1,1,134,64,1,921.972,-11.8541,0.5156
CSV,CT,1,1,135,64,1,928.814,-11.7486,0.5195
CSV,CT,1,1,136,64,1,935.627,-11.5956,0.5195
CSV,CT,1,1,137,64,1,942.463,-11.7213,0.5195
CSV,CT,1,1,138,64,1,949.305,-11.8100,0.5195
CSV,CT,1,1,139,64,1,956.127,-12.0381,0.5156
CSV,CT,1,1,140,64,1,962.965,-12.1579,0.5117
CSV,CT,1,1,141,64,1,969.788,-11.9393,0.5156
CSV,CT,1,1,142,64,1,976.608,-11.7705,0.5195
CSV,CT,1,1,143,64,1,983.439,-11.7950,0.5195
CSV,CT,1,1,144,64,1,990.257,-11.6048,0.5234
CSV,CT,1,1,145,64,1,997.095,-11.8797,0.5195
CSV,CT,1,1,146,64,1,1003.945,-12.1639,0.5117
CSV,CT,1,1,147,64,1,1010.758,-12.0968,0.5156
CSV,CT,1,1,148,64,1,1017.593,-11.9123,0.5195
CSV,CT,1,1,149,64,1,1024.416,-12.1633,0.5117
CSV,CT,1,1,150,64,1,1031.239,-12.0645,0.5156
CSV,CT,1,1,151,64,1,1038.083,-11.9430,0.5195
CSV,CT,1,1,152,64,1,1044.901,-12.1311,0.5156
CSV,CT,1,1,153,64,1,1051.717,-12.1839,0.5117
CSV,CT,1,1,154,64,1,1058.560,-12.1420,0.5117
CSV,CT,1,1,155,64,1,1065.370,-12.0173,0.5156
CSV,CT,1,1,156,64,1,1072.218,-12.1407,0.5117
CSV,CT,1,1,157,64,1,1079.059,-12.3434,0.5039
CSV,CT,1,1,158,64,1,1085.871,-12.5894,0.5000
CSV,CT,1,1,159,64,1,1092.703,-12.3384,0.5000
CSV,CT,1,1,160,64,1,1099.537,-12.3742,0.5000
CSV,CT,1,1,161,64,1,1106.348,-12.4988,0.4961
CSV,CT,1,1,162,64,1,1113.186,-12.5535,0.4922
CSV,CT,1,1,163,64,1,1119.990,-12.3062,0.4961
CSV,CT,1,1,164,64,1,1126.826,-12.4371,0.4922
CSV,CT,1,1,165,64,1,1133.659,-12.0464,0.5000
CSV,CT,1,1,166,64,1,1140.495,-12.0463,0.5000
CSV,CT,1,1,167,64,1,1147.341,-12.1048,0.5000
CSV,CT,1,1,168,64,1,1154.188,-12.3387,0.4922
CSV,CT,1,1,169,64,1,1160.999,-12.1375,0.5000
CSV,CT,1,1,170,64,1,1167.842,-11.9815,0.5000
CSV,CT,1,1,171,64,1,1174.681,-11.7795,0.5039
CSV,CT,1,1,172,64,1,1181.499,-11.7710,0.5039
CSV,CT,1,1,173,64,1,1188.338,-11.9413,0.5039
CSV,CT,1,1,174,64,1,1195.171,-11.9775,0.5000
CSV,CT,1,1,175,64,1,1201.980,-12.1346,0.5000
CSV,CT,1,1,176,64,1,1208.814,-12.0672,0.5000
CSV,CT,1,1,177,64,1,1215.630,-12.0053,0.5000
CSV,CT,1,1,178,64,1,1222.460,-11.8592,0.5039
CSV,CT,1,1,179,64,1,1229.296,-12.0237,0.5000
CSV,CT,1,1,180,64,1,1236.110,-12.1438,0.4961
CSV,CT,1,1,181,64,1,1242.961,-11.8972,0.5039
CSV,CT,1,1,182,64,1,1249.783,-11.9718,0.5000
CSV,CT,1,1,183,64,1,1256.600,-12.0678,0.5000
CSV,CT,1,1,184,64,1,1263.410,-12.0678,0.5000
CSV,CT,1,1,185,64,1,1270.238,-11.8547,0.5039
CSV,CT,1,1,186,64,1,1277.083,-11.9283,0.5039
CSV,CT,1,1,187,64,1,1283.902,-11.8486,0.5039
CSV,CT,1,1,188,64,1,1290.719,-11.8657,0.5039
CSV,CT,1,1,189,64,1,1297.557,-11.8480,0.5078
CSV,CT,1,1,190,64,1,1304.361,-11.8317,0.5078
CSV,CT,1,1,191,64,1,1311.204,-11.8205,0.5078
CSV,CT,1,1,192,64,1,1318.010,-11.9587,0.5039
CSV,CT,1,1,193,64,1,1324.852,-11.6983,0.5117
CSV,CT,1,1,194,64,1,1331.693,-11.6367,0.5156
CSV,CT,1,1,195,64,1,1338.512,-11.6721,0.5117
CSV,CT,1,1,196,64,1,1345.342,-11.7612,0.5156
CSV,CT,1,1,197,64,1,1352.187,-11.9632,0.5078
CSV,CT,1,1,198,64,1,1358.995,-12.1467,0.5039
CSV,CT,1,1,199,64,1,1365.834,-11.9589,0.5078
CSV,CT,1,1,200,64,1,1372.677,-12.2342,0.5039
CSV,CT,1,1,201,64,1,1379.498,-12.2816,0.5000
CSV,CT,1,1,202,64,1,1386.339,-12.2346,0.5000
CSV,CT,1,1,203,64,1,1393.186,-12.0413,0.5039
CSV,CT,1,1,204,64,1,1399.994,-12.0712,0.5039
CSV,CT,1,1,205,64,1,1406.837,-12.0396,0.5039
CSV,CT,1,1,206,64,1,1413.680,-12.1574,0.5000
CSV,CT,1,1,207,64,1,1420.498,-11.9971,0.5039
CSV,CT,1,1,208,64,1,1427.339,-11.9403,0.5078
CSV,CT,1,1,209,64,1,1434.172,-11.7078,0.5117
CSV,CT,1,1,210,64,1,1440.980,-11.7961,0.5078
CSV,CT,1,1,211,64,1,1447.813,-11.5773,0.5156
CSV,CT,1,1,212,64,1,1454.630,-11.4948,0.5195
CSV,CT,1,1,213,64,1,1461.469,-11.3880,0.5234
CSV,CT,1,1,214,64,1,1468.317,-11.3831,0.5273
CSV,CT,1,1,215,64,1,1475.136,-11.4386,0.5273
CSV,CT,1,1,216,64,1,1481.970,-11.3697,0.5312
CSV,CT,1,1,217,64,1,1488.814,-11.2787,0.5352
CSV,CT,1,1,218,64,1,1495.630,-11.1036,0.5430
CSV,CT,1,1,219,64,1,1502.466,-10.9682,0.5469
CSV,CT,1,1,220,64,1,1509.307,-10.9868,0.5508
CSV,CT,1,1,221,64,1,1516.123,-11.1019,0.5508
CSV,CT,1,1,222,64,1,1522.968,-11.1187,0.5547
CSV,CT,1,1,223,64,1,1529.814,-11.1008,0.5586
CSV,CT,1,1,224,64,1,1536.627,-10.9408,0.5625
CSV,CT,1,1,225,64,1,1543.466,-10.9982,0.5664
CSV,CT,1,1,226,64,1,1550.313,-11.3513,0.5625
CSV,CT,1,1,227,64,1,1557.132,-11.7360,0.5547
CSV,CT,1,1,228,64,1,1563.971,-11.9398,0.5508
CSV,CT,1,1,229,64,1,1570.813,-12.0065,0.5508
CSV,CT,1,1,230,64,1,1577.630,-12.1301,0.5469
CSV,CT,1,1,231,64,1,1584.473,-12.2111,0.5469
CSV,CT,1,1,232,64,1,1591.315,-12.4392,0.5391
CSV,CT,1,1,233,64,1,1598.133,-12.5871,0.5352
CSV,CT,1,1,234,64,1,1604.964,-12.6349,0.5312
CSV,CT,1,1,235,64,1,1611.786,-12.6774,0.5273
CSV,CT,1,1,236,64,1,1618.605,-12.4465,0.5312
CSV,CT,1,1,237,64,1,1625.412,-12.3537,0.5312
CSV,CT,1,1,238,64,1,1632.238,-12.4803,0.5273
CSV,CT,1,1,239,64,1,1639.083,-12.3536,0.5273
CSV,CT,1,1,240,64,1,1645.902,-12.4500,0.5234
CSV,CT,1,1,241,64,1,1652.718,-12.5389,0.5195
CSV,CT,1,1,242,64,1,1659.557,-12.2887,0.5234
CSV,CT,1,1,243,64,1,1666.373,-12.3905,0.5234
CSV,CT,1,1,244,64,1,1673.217,-12.4221,0.5195
CSV,CT,1,1,245,64,1,1680.063,-12.3591,0.5195
CSV,CT,1,1,246,64,1,1686.872,-12.4860,0.5156
CSV,CT,1,1,247,64,1,1693.706,-12.6010,0.5117
CSV,CT,1,1,248,64,1,1700.548,-12.3790,0.5156
CSV,CT,1,1,249,64,1,1707.373,-12.2343,0.5156
CSV,CT,1,1,250,64,1,1714.207,-12.0671,0.5195
CSV,CT,1,1,251,64,1,1721.048,-12.1828,0.5156
CSV,CT,1,1,252,64,1,1727.863,-12.2609,0.5117
CSV,CT,1,1,253,64,1,1734.700,-12.3954,0.5117
CSV,CT,1,1,254,64,1,1741.521,-12.1563,0.5117
CSV,CT,1,1,255,64,1,1748.340,-11.7914,0.5195
CSV,CT,1,1,256,64,1,1755.175,-11.7224,0.5234
CSV,CT,1,1,257,64,1,1761.977,-11.6563,0.5273
CSV,CT,1,1,258,64,1,1768.815,-11.5396,0.5312
CSV,CT,1,1,259,64,1,1775.628,-11.4024,0.5352
CSV,CT,1,1,260,64,1,1782.459,-11.6346,0.5312
CSV,CT,1,1,261,64,1,1789.266,-11.6080,0.5352
CSV,CT,1,1,262,64,1,1796.097,-11.5839,0.5352
CSV,CT,1,1,263,64,1,1802.942,-11.8609,0.5273
CSV,CT,1,1,264,64,1,1809.765,-12.0269,0.5273
CSV,CT,1,1,265,64,1,1816.599,-11.8767,0.5312
CSV,CT,1,1,266,64,1,1823.410,-11.9209,0.5312
CSV,CT,1,1,267,64,1,1830.238,-11.7237,0.5352
CSV,CT,1,1,268,64,1,1837.081,-11.6591,0.5391
CSV,CT,1,1,269,64,1,1843.906,-11.6009,0.5391
CSV,CT,1,1,270,64,1,1850.717,-11.6039,0.5391
CSV,CT,1,1,271,64,1,1857.553,-11.7573,0.5391
CSV,CT,1,1,272,64,1,1864.371,-11.8155,0.5391
CSV,CT,1,1,273,64,1,1871.207,-11.7154,0.5391
CSV,CT,1,1,274,64,1,1878.049,-11.4450,0.5469
CSV,CT,1,1,275,64,1,1884.865,-11.4036,0.5508
CSV,CT,1,1,276,64,1,1891.704,-11.6059,0.5469
CSV,CT,1,1,277,64,1,1898.536,-11.5835,0.5508
CSV,CT,1,1,278,64,1,1905.349,-11.5897,0.5508
CSV,CT,1,1,279,64,1,1912.187,-11.7753,0.5469
CSV,CT,1,1,280,64,1,1918.990,-11.9506,0.5469
CSV,CT,1,1,281,64,1,1925.829,-12.1370,0.5430
CSV,CT,1,1,282,64,1,1932.681,-12.5506,0.5312
CSV,CT,1,1,283,64,1,1939.498,-12.3339,0.5312
CSV,CT,1,1,284,64,1,1946.343,-12.3133,0.5352
CSV,CT,1,1,285,64,1,1953.176,-12.2903,0.5312
CSV,CT,1,1,286,64,1,1959.979,-12.0924,0.5352
CSV,CT,1,1,287,64,1,1966.814,-12.0581,0.5352
CSV,CT,1,1,288,64,1,1973.627,-11.9408,0.5391
CSV,CT,1,1,289,64,1,1980.459,-12.2478,0.5312
CSV,CT,1,1,290,64,1,1987.270,-12.3536,0.5273
CSV,CT,1,1,291,64,1,1994.097,-12.1522,0.5312
CSV,CT,1,1,292,64,1,2000.944,-12.3238,0.5273
CSV,CT,1,1,293,64,1,2007.763,-12.5426,0.5195
CSV,CT,1,1,294,64,1,2014.599,-12.3542,0.5234
CSV,CT,1,1,295,64,1,2021.413,-12.2995,0.5234
CSV,CT,1,1,296,64,1,2028.238,-12.3705,0.5195
CSV,CT,1,1,297,64,1,2035.080,-12.3135,0.5234
CSV,CT,1,1,298,64,1,2041.906,-12.5024,0.5156
CSV,CT,1,1,299,64,1,2048.718,-12.3454,0.5156
CSV,CT,1,1,300,64,1,2055.561,-12.3814,0.5156
CSV,CT,1,1,301,64,1,2062.370,-12.2394,0.5156
CSV,CT,1,1,302,64,1,2069.216,-12.1956,0.5195
CSV,CT,1,1,303,64,1,2076.063,-12.3626,0.5117
CSV,CT,1,1,304,64,1,2082.870,-12.4298,0.5078
CSV,CT,1,1,305,64,1,2089.703,-12.1021,0.5156
CSV,CT,1,1,306,64,1,2096.547,-12.3968,0.5078
CSV,CT,1,1,307,64,1,2103.356,-12.3699,0.5078
CSV,CT,1,1,308,64,1,2110.205,-12.3739,0.5078
CSV,CT,1,1,309,64,1,2117.045,-12.2583,0.5078
CSV,CT,1,1,310,64,1,2123.864,-12.4497,0.5039
CSV,CT,1,1,311,64,1,2130.706,-12.7766,0.4961
CSV,CT,1,1,312,64,1,2137.544,-12.6273,0.4922
CSV,CT,1,1,313,64,1,2144.355,-12.7604,0.4883
CSV,CT,1,1,314,64,1,2151.201,-12.8839,0.4844
CSV,CT,1,1,315,64,1,2158.010,-12.7253,0.4844
CSV,CT,1,1,316,64,1,2164.858,-12.5826,0.4844
CSV,CT,1,1,317,64,1,2171.703,-12.4207,0.4883
CSV,CT,1,1,318,64,1,2178.521,-12.3314,0.4883
CSV,CT,1,1,319,64,1,2185.349,-12.2477,0.4883
CSV,CT,1,1,320,64,1,2192.197,-12.0258,0.4922
CSV,CT,1,1,321,64,1,2199.004,-11.9370,0.4961
CSV,CT,1,1,322,64,1,2205.848,-12.0650,0.4922
CSV,CT,1,1,323,64,1,2212.695,-11.9411,0.4961
CSV,CT,1,1,324,64,1,2219.516,-12.0399,0.4922
CSV,CT,1,1,325,64,1,2226.341,-11.8902,0.4961
CSV,CT,1,1,326,64,1,2233.175,-11.9630,0.4922
CSV,CT,1,1,327,64,1,2239.983,-11.9100,0.4961
CSV,CT,1,1,328,64,1,2246.828,-12.2192,0.4883
CSV,CT,1,1,329,64,1,2253.654,-11.9141,0.4961
CSV,CT,1,1,330,64,1,2260.498,-12.0196,0.4922
CSV,CT,1,1,331,64,1,2267.340,-11.9882,0.4922
CSV,CT,1,1,332,64,1,2274.173,-11.8720,0.4961
CSV,CT,1,1,333,64,1,2280.979,-11.8857,0.4961
CSV,CT,1,1,334,64,1,2287.817,-11.9889,0.4961
CSV,CT,1,1,335,64,1,2294.630,-11.8442,0.5000
CSV,CT,1,1,336,64,1,2301.475,-11.9821,0.4961
CSV,CT,1,1,337,64,1,2308.315,-12.0784,0.4922
CSV,CT,1,1,338,64,1,2315.139,-12.1361,0.4922
CSV,CT,1,1,339,64,1,2321.968,-11.9197,0.4961
CSV,CT,1,1,340,64,1,2328.811,-11.8987,0.4961
CSV,CT,1,1,341,64,1,2335.629,-11.9993,0.4961
CSV,CT,1,1,342,64,1,2342.466,-11.7636,0.5000
CSV,CT,1,1,343,64,1,2349.316,-11.9658,0.4961
CSV,CT,1,1,344,64,1,2356.132,-12.0313,0.4961
CSV,CT,1,1,345,64,1,2362.972,-12.0037,0.4961
CSV,CT,1,1,346,64,1,2369.818,-12.0969,0.4922
CSV,CT,1,1,347,64,1,2376.629,-11.9722,0.4961
CSV,CT,1,1,348,64,1,2383.461,-12.0076,0.4961
CSV,CT,1,1,349,64,1,2390.273,-11.9216,0.4961
CSV,CT,1,1,350,64,1,2397.099,-11.8446,0.5000
CSV,CT,1,1,351,64,1,2403.944,-11.8919,0.5000
CSV,CT,1,1,352,64,1,2410.764,-12.0826,0.4961
CSV,CT,1,1,353,64,1,2417.599,-12.1115,0.4961
CSV,CT,1,1,354,64,1,2424.410,-12.0494,0.4922
CSV,CT,1,1,355,64,1,2431.238,-12.2010,0.4922
CSV,CT,1,1,356,64,1,2438.082,-12.0678,0.4922
CSV,CT,1,1,357,64,1,2444.902,-12.1270,0.4922
CSV,CT,1,1,358,64,1,2451.719,-11.9709,0.4961
CSV,CT,1,1,359,64,1,2458.557,-11.7359,0.5000
CSV,CT,1,1,360,64,1,2465.361,-11.6692,0.5039
CSV,CT,1,1,361,64,1,2472.205,-11.6102,0.5039
CSV,CT,1,1,362,64,1,2479.045,-11.7663,0.5039
CSV,CT,1,1,363,64,1,2485.864,-11.9372,0.5000
CSV,CT,1,1,364,64,1,2492.704,-12.1288,0.4961
CSV,CT,1,1,365,64,1,2499.542,-12.0666,0.4961
CSV,CT,1,1,366,64,1,2506.356,-12.2742,0.4922
CSV,CT,1,1,367,64,1,2513.205,-12.3756,0.4883
CSV,CT,1,1,368,64,1,2520.045,-12.2918,0.4883
CSV,CT,1,1,369,64,1,2526.862,-12.1214,0.4922
CSV,CT,1,1,370,64,1,2533.691,-12.0890,0.4922
CSV,CT,1,1,371,64,1,2540.508,-11.9370,0.4961
CSV,CT,1,1,372,64,1,2547.343,-11.8549,0.5000
CSV,CT,1,1,373,64,1,2554.187,-12.0789,0.4922
CSV,CT,1,1,374,64,1,2560.995,-12.3760,0.4844
CSV,CT,1,1,375,64,1,2567.832,-12.2296,0.4883
CSV,CT,1,1,376,64,1,2574.673,-12.4849,0.4805
CSV,CT,1,1,377,64,1,2581.500,-12.3615,0.4844
CSV,CT,1,1,378,64,1,2588.339,-12.2178,0.4844
CSV,CT,1,1,379,64,1,2595.173,-11.9366,0.4922
CSV,CT,1,1,380,64,1,2601.981,-11.9763,0.4883
CSV,CT,1,1,381,64,1,2608.818,-12.0438,0.4883
CSV,CT,1,1,382,64,1,2615.629,-11.9230,0.4922
CSV,CT,1,1,383,64,1,2622.474,-11.7840,0.4961
CSV,CT,1,1,384,64,1,2629.316,-11.7146,0.4961
CSV,CT,1,1,385,64,1,2636.133,-11.8321,0.4961
CSV,CT,1,1,386,64,1,2642.967,-11.7903,0.4961
CSV,CT,1,1,387,64,1,2649.800,-11.9606,0.4922
CSV,CT,1,1,388,64,1,2656.615,-11.8495,0.4961
CSV,CT,1,1,389,64,1,2663.461,-11.7739,0.4961
CSV,CT,1,1,390,64,1,2670.296,-11.9751,0.4922
CSV,CT,1,1,391,64,1,2677.111,-11.7719,0.5000
CSV,CT,1,1,392,64,1,2683.958,-11.5233,0.5039
CSV,CT,1,1,393,64,1,2690.774,-11.4155,0.5078
CSV,CT,1,1,394,64,1,2697.599,-11.3479,0.5117
CSV,CT,1,1,395,64,1,2704.409,-11.3430,0.5156
CSV,CT,1,1,396,64,1,2711.232,-11.5183,0.5117
CSV,CT,1,1,397,64,1,2718.083,-11.5587,0.5156
CSV,CT,1,1,398,64,1,2724.905,-11.8379,0.5117
CSV,CT,1,1,399,64,1,2731.719,-11.8540,0.5117
CSV,CT,1,1,400,64,1,2738.562,-11.7517,0.5117
CSV,CT,1,1,401,64,1,2745.373,-11.8363,0.5117
CSV,CT,1,1,402,64,1,2752.207,-11.6729,0.5156
CSV,CT,1,1,403,64,1,2759.050,-11.6137,0.5195
CSV,CT,1,1,404,64,1,2765.872,-11.7986,0.5156
CSV,CT,1,1,405,64,1,2772.713,-11.9685,0.5117
CSV,CT,1,1,406,64,1,2779.558,-11.8850,0.5117
CSV,CT,1,1,407,64,1,2786.371,-11.8685,0.5117
CSV,CT,1,1,408,64,1,2793.218,-11.8225,0.5156
CSV,CT,1,1,409,64,1,2800.063,-11.9278,0.5156
CSV,CT,1,1,410,64,1,2806.874,-12.0851,0.5117
CSV,CT,1,1,411,64,1,2813.709,-12.4103,0.5039
CSV,CT,1,1,412,64,1,2820.548,-12.2051,0.5078
CSV,CT,1,1,413,64,1,2827.360,-12.0441,0.5117
CSV,CT,1,1,414,64,1,2834.200,-12.0770,0.5078
CSV,CT,1,1,415,64,1,2841.000,-11.9259,0.5117
CSV,CT,1,1,416,64,1,2847.840,-11.8810,0.5117
CSV,CT,1,1,417,64,1,2854.683,-11.8347,0.5156
CSV,CT,1,1,418,64,1,2861.503,-11.8221,0.5156
CSV,CT,1,1,419,64,1,2868.340,-11.8380,0.5156
CSV,CT,1,1,420,64,1,2875.177,-11.6769,0.5195
CSV,CT,1,1,421,64,1,2881.982,-11.6457,0.5234
CSV,CT,1,1,422,64,1,2888.818,-11.8902,0.5156
CSV,CT,1,1,423,64,1,2895.626,-11.9321,0.5156
CSV,CT,1,1,424,64,1,2902.464,-11.9692,0.5156
CSV,CT,1,1,425,64,1,2909.305,-12.0937,0.5117
CSV,CT,1,1,426,64,1,2916.123,-12.1810,0.5117
CSV,CT,1,1,427,64,1,2922.966,-12.2318,0.5117
CSV,CT,1,1,428,64,1,2929.786,-12.1864,0.5078
CSV,CT,1,1,429,64,1,2936.609,-12.0262,0.5117
CSV,CT,1,1,430,64,1,2943.438,-11.9694,0.5117
CSV,CT,1,1,431,64,1,2950.259,-11.8259,0.5156
CSV,CT,1,1,432,64,1,2957.095,-11.9325,0.5156
CSV,CT,1,1,433,64,1,2963.939,-11.8841,0.5156
CSV,CT,1,1,434,64,1,2970.757,-11.6896,0.5195
CSV,CT,1,1,435,64,1,2977.589,-11.5677,0.5273
CSV,CT,1,1,436,64,1,2984.401,-11.6040,0.5273
CSV,CT,1,1,437,64,1,2991.236,-11.8484,0.5234
CSV,CT,1,1,438,64,1,2998.083,-11.9227,0.5195
CSV,CT,1,1,439,64,1,3004.903,-12.0531,0.5156
CSV,CT,1,1,440,64,1,3011.718,-12.0811,0.5156
CSV,CT,1,1,441,64,1,3018.559,-11.9864,0.5195
CSV,CT,1,1,442,64,1,3025.373,-11.9634,0.5195
CSV,CT,1,1,443,64,1,3032.206,-11.8486,0.5234
CSV,CT,1,1,444,64,1,3039.050,-11.7171,0.5273
CSV,CT,1,1,445,64,1,3045.868,-11.5632,0.5312
CSV,CT,1,1,446,64,1,3052.710,-11.4523,0.5352
CSV,CT,1,1,447,64,1,3059.551,-11.4101,0.5352
CSV,CT,1,1,448,64,1,3066.358,-11.3094,0.5391
CSV,CT,1,1,449,64,1,3073.204,-11.4880,0.5391
CSV,CT,1,1,450,64,1,3080.001,-11.7430,0.5352
CSV,CT,1,1,451,64,1,3086.846,-11.8884,0.5312
CSV,CT,1,1,452,64,1,3093.691,-12.2294,0.5273
CSV,CT,1,1,453,64,1,3100.510,-12.1244,0.5273
CSV,CT,1,1,454,64,1,3107.342,-11.9396,0.5312
CSV,CT,1,1,455,64,1,3114.189,-12.1574,0.5234
CSV,CT,1,1,456,64,1,3120.997,-12.1492,0.5234
CSV,CT,1,1,457,64,1,3127.837,-12.0532,0.5273
CSV,CT,1,1,458,64,1,3134.682,-12.0235,0.5273
CSV,CT,1,1,459,64,1,3141.501,-11.8462,0.5312
CSV,CT,1,1,460,64,1,3148.343,-11.7107,0.5352
CSV,CT,1,1,461,64,1,3155.187,-11.7686,0.5352
CSV,CT,1,1,462,64,1,3161.995,-12.0540,0.5273
CSV,CT,1,1,463,64,1,3168.830,-11.9615,0.5312
CSV,CT,1,1,464,64,1,3175.673,-11.7910,0.5352
CSV,CT,1,1,465,64,1,3182.498,-11.7468,0.5352
CSV,CT,1,1,466,64,1,3189.335,-11.9493,0.5352
CSV,CT,1,1,467,64,1,3196.171,-12.1048,0.5312
CSV,CT,1,1,468,64,1,3202.978,-12.1892,0.5273
CSV,CT,1,1,469,64,1,3209.820,-12.3489,0.5234
CSV,CT,1,1,470,64,1,3216.629,-12.3882,0.5195
CSV,CT,1,1,471,64,1,3223.463,-12.4500,0.5156
CSV,CT,1,1,472,64,1,3230.302,-12.4194,0.5195
CSV,CT,1,1,473,64,1,3237.113,-12.4476,0.5156
CSV,CT,1,1,474,64,1,3243.960,-12.4761,0.5117
CSV,CT,1,1,475,64,1,3250.787,-12.4126,0.5117
CSV,CT,1,1,476,64,1,3257.607,-12.2616,0.5156
CSV,CT,1,1,477,64,1,3264.438,-12.3048,0.5117
CSV,CT,1,1,478,64,1,3271.257,-12.1948,0.5156
CSV,CT,1,1,479,64,1,3278.094,-12.3607,0.5078
CSV,CT,1,1,480,64,1,3284.933,-12.1285,0.5156
CSV,CT,1,1,481,64,1,3291.759,-11.9423,0.5195
CSV,CT,1,1,482,64,1,3298.597,-11.5925,0.5273
CSV,CT,1,1,483,64,1,3305.412,-11.7502,0.5234
CSV,CT,1,1,484,64,1,3312.239,-11.7727,0.5234
CSV,CT,1,1,485,64,1,3319.083,-11.6438,0.5273
CSV,CT,1,1,486,64,1,3325.907,-11.8576,0.5234
CSV,CT,1,1,487,64,1,3332.724,-11.9326,0.5234
CSV,CT,1,1,488,64,1,3339.564,-12.0636,0.5195
CSV,CT,1,1,489,64,1,3346.381,-12.0329,0.5195
CSV,CT,1,1,490,64,1,3353.213,-11.8876,0.5234
CSV,CT,1,1,491,64,1,3360.046,-11.9048,0.5234
CSV,CT,1,1,492,64,1,3366.872,-11.7348,0.5273
CSV,CT,1,1,493,64,1,3373.706,-11.6099,0.5312
CSV,CT,1,1,494,64,1,3380.541,-11.7041,0.5312
CSV,CT,1,1,495,64,1,3387.350,-11.6121,0.5352
CSV,CT,1,1,496,64,1,3394.190,-11.5564,0.5391
CSV,CT,1,1,497,64,1,3400.999,-11.8049,0.5312
CSV,CT,1,1,498,64,1,3407.846,-11.7651,0.5352
CSV,CT,1,1,499,64,1,3414.689,-11.9072,0.5312
CSV,C,2,0,20.0,-0.077,1487,3368,0.512,0.062,0.15,6810004.50,6843251.50,6928133.50,6868767.0,64,6838.7,1
CSV,CT,2,0,500,64,1
CSV,CT,2,0,0,64,1,6.934,-0.0004,0.3320
CSV,CT,2,0,1,64,1,13.768,-0.6912,0.3555
CSV,CT,2,0,2,64,1,20.625,-1.5701,0.3750
CSV,CT,2,0,3,64,1,27.486,-2.2283,0.3945
CSV,CT,2,0,4,64,1,34.329,-2.9535,0.4102
CSV,CT,2,0,5,64,1,41.144,-3.5316,0.4258
CSV,CT,2,0,6,64,1,47.990,-3.9437,0.4453
CSV,CT,2,0,7,64,1,54.847,-4.7714,0.4531
CSV,CT,2,0,8,64,1,61.702,-5.3233,0.4648
CSV,CT,2,0,9,64,1,68.516,-5.8000,0.4766
CSV,CT,2,0,10,64,1,75.365,-6.2702,0.4883
CSV,CT,2,0,11,64,1,82.222,-6.7644,0.4961
CSV,CT,2,0,12,64,1,89.043,-7.2180,0.5039
CSV,CT,2,0,13,64,1,95.877,-7.5434,0.5156
CSV,CT,2,0,14,64,1,102.745,-7.7830,0.5234
CSV,CT,2,0,15,64,1,109.568,-8.0945,0.5312
CSV,CT,2,0,16,64,1,116.402,-8.3221,0.5391
CSV,CT,2,0,17,64,1,123.251,-8.5022,0.5469
CSV,CT,2,0,18,64,1,130.106,-8.9934,0.5469
CSV,CT,2,0,19,64,1,136.941,-9.2952,0.5508
CSV,CT,2,0,20,64,1,143.765,-9.6948,0.5508
CSV,CT,2,0,21,64,1,150.618,-10.0598,0.5508
CSV,CT,2,0,22,64,1,157.475,-10.3086,0.5508
CSV,CT,2,0,23,64,1,164.319,-10.7463,0.5430
CSV,CT,2,0,24,64,1,171.141,-10.9711,0.5430
CSV,CT,2,0,25,64,1,177.993,-11.0565,0.5469
CSV,CT,2,0,26,64,1,184.847,-11.4052,0.5391
CSV,CT,2,0,27,64,1,191.703,-11.5788,0.5391
CSV,CT,2,0,28,64,1,198.518,-11.8239,0.5352
CSV,CT,2,0,29,64,1,205.372,-11.8717,0.5312
CSV,CT,2,0,30,64,1,212.240,-11.8872,0.5352
CSV,CT,2,0,31,64,1,219.085,-11.9882,0.5312
CSV,CT,2,0,32,64,1,225.913,-11.9634,0.5312
CSV,CT,2,0,33,64,1,232.757,-12.0292,0.5312
CSV,CT,2,0,34,64,1,239.598,-11.8499,0.5352
CSV,CT,2,0,35,64,1,246.428,-12.0128,0.5312
CSV,CT,2,0,36,64,1,253.261,-12.1981,0.5273
CSV,CT,2,0,37,64,1,260.117,-12.0975,0.5273
CSV,CT,2,0,38,64,1,266.973,-12.1213,0.5273
CSV,CT,2,0,39,64,1,273.832,-12.3532,0.5234
CSV,CT,2,0,40,64,1,280.666,-12.4190,0.5195
CSV,CT,2,0,41,64,1,287.500,-12.5082,0.5156
CSV,CT,2,0,42,64,1,294.362,-12.5005,0.5156
CSV,CT,2,0,43,64,1,301.222,-12.4631,0.5156
CSV,CT,2,0,44,64,1,308.041,-12.3418,0.5156
CSV,CT,2,0,45,64,1,314.871,-12.4691,0.5117
CSV,CT,2,0,46,64,1,321.734,-12.6123,0.5039
CSV,CT,2,0,47,64,1,328.566,-12.6849,0.5039
CSV,CT,2,0,48,64,1,335.405,-12.6649,0.5000
CSV,CT,2,0,49,64,1,342.252,-12.6459,0.5000
CSV,CT,2,0,50,64,1,349.106,-12.6608,0.4961
CSV,CT,2,0,51,64,1,355.932,-12.7303,0.4922
CSV,CT,2,0,52,64,1,362.766,-12.6159,0.4922
CSV,CT,2,0,53,64,1,369.611,-12.5138,0.4922
CSV,CT,2,0,54,64,1,376.468,-12.5648,0.4883
CSV,CT,2,0,55,64,1,383.306,-12.6125,0.4844
CSV,CT,2,0,56,64,1,390.136,-12.7173,0.4805
CSV,CT,2,0,57,64,1,396.993,-12.5428,0.4844
CSV,CT,2,0,58,64,1,403.857,-12.7106,0.4766
CSV,CT,2,0,59,64,1,410.712,-12.3564,0.4844
CSV,CT,2,0,60,64,1,417.536,-12.3600,0.4805
CSV,CT,2,0,61,64,1,424.376,-12.2451,0.4844
CSV,CT,2,0,62,64,1,431.241,-12.1088,0.4844
CSV,CT,2,0,63,64,1,438.094,-12.0760,0.4844
CSV,CT,2,0,64,64,1,444.928,-11.8034,0.4922
CSV,CT,2,0,65,64,1,451.758,-11.6427,0.4961
CSV,CT,2,0,66,64,1,458.609,-11.6982,0.4961
CSV,CT,2,0,67,64,1,465.467,-11.5166,0.5000
CSV,CT,2,0,68,64,1,472.307,-11.5583,0.5039
CSV,CT,2,0,69,64,1,479.135,-11.6276,0.5039
CSV,CT,2,0,70,64,1,485.985,-11.3923,0.5078
CSV,CT,2,0,71,64,1,492.840,-11.5363,0.5078
CSV,CT,2,0,72,64,1,499.672,-11.5157,0.5078
CSV,CT,2,0,73,64,1,506.511,-11.5273,0.5117
CSV,CT,2,0,74,64,1,513.370,-11.5663,0.5117
CSV,CT,2,0,75,64,1,520.240,-11.5774,0.5156
CSV,CT,2,0,76,64,1,527.100,-11.4667,0.5195
CSV,CT,2,0,77,64,1,533.932,-11.5444,0.5195
CSV,CT,2,0,78,64,1,540.766,-11.5548,0.5195
CSV,CT,2,0,79,64,1,547.611,-11.6261,0.5195
CSV,CT,2,0,80,64,1,554.467,-11.6903,0.5195
CSV,CT,2,0,81,64,1,561.297,-11.7470,0.5195
CSV,CT,2,0,82,64,1,568.136,-11.7102,0.5195
CSV,CT,2,0,83,64,1,574.992,-11.8587,0.5195
CSV,CT,2,0,84,64,1,581.847,-11.8484,0.5195
CSV,CT,2,0,85,64,1,588.692,-11.7745,0.5195
CSV,CT,2,0,86,64,1,595.520,-11.8273,0.5195
CSV,CT,2,0,87,64,1,602.375,-11.8719,0.5195
CSV,CT,2,0,88,64,1,609.240,-11.9745,0.5156
CSV,CT,2,0,89,64,1,616.097,-11.7687,0.5195
CSV,CT,2,0,90,64,1,622.930,-11.7036,0.5234
CSV,CT,2,0,91,64,1,629.760,-11.8808,0.5195
CSV,CT,2,0,92,64,1,636.607,-11.7736,0.5234
CSV,CT,2,0,93,64,1,643.426,-11.9445,0.5234
CSV,CT,2,0,94,64,1,650.258,-11.6834,0.5273
CSV,CT,2,0,95,64,1,657.106,-11.9213,0.5234
CSV,CT,2,0,96,64,1,663.936,-11.9882,0.5195
CSV,CT,2,0,97,64,1,670.766,-11.7820,0.5273
CSV,CT,2,0,98,64,1,677.608,-11.7742,0.5273
CSV,CT,2,0,99,64,1,684.461,-12.0080,0.5234
CSV,CT,2,0,100,64,1,691.289,-12.0408,0.5234
CSV,CT,2,0,101,64,1,698.134,-12.1618,0.5195
CSV,CT,2,0,102,64,1,704.992,-12.3013,0.5156
CSV,CT,2,0,103,64,1,711.848,-12.0148,0.5195
CSV,CT,2,0,104,64,1,718.698,-11.7509,0.5273
CSV,CT,2,0,105,64,1,725.512,-11.8647,0.5234
CSV,CT,2,0,106,64,1,732.373,-11.9675,0.5234
CSV,CT,2,0,107,64,1,739.231,-12.0924,0.5195
CSV,CT,2,0,108,64,1,746.064,-12.1208,0.5195
CSV,CT,2,0,109,64,1,752.912,-12.2649,0.5156
CSV,CT,2,0,110,64,1,759.757,-12.2792,0.5156
CSV,CT,2,0,111,64,1,766.604,-12.3798,0.5117
CSV,CT,2,0,112,64,1,773.422,-12.5314,0.5039
CSV,CT,2,0,113,64,1,780.256,-12.3143,0.5117
CSV,CT,2,0,114,64,1,787.116,-12.2633,0.5078
CSV,CT,2,0,115,64,1,793.955,-12.4557,0.5039
CSV,CT,2,0,116,64,1,800.787,-12.1826,0.5078
CSV,CT,2,0,117,64,1,807.633,-12.0511,0.5117
CSV,CT,2,0,118,64,1,814.497,-12.1111,0.5078
CSV,CT,2,0,119,64,1,821.357,-12.0161,0.5117
CSV,CT,2,0,120,64,1,828.207,-11.9882,0.5117
CSV,CT,2,0,121,64,1,835.028,-11.7841,0.5156
CSV,CT,2,0,122,64,1,841.876,-11.8932,0.5156
CSV,CT,2,0,123,64,1,848.734,-11.8745,0.5156
CSV,CT,2,0,124,64,1,855.561,-11.9774,0.5117
CSV,CT,2,0,125,64,1,862.396,-11.8067,0.5156
CSV,CT,2,0,126,64,1,869.247,-11.8593,0.5195
CSV,CT,2,0,127,64,1,876.104,-12.0827,0.5117
CSV,CT,2,0,128,64,1,882.932,-12.1703,0.5078
CSV,CT,2,0,129,64,1,889.759,-12.2815,0.5078
CSV,CT,2,0,130,64,1,896.608,-12.1640,0.5078
CSV,CT,2,0,131,64,1,903.450,-12.2486,0.5039
CSV,CT,2,0,132,64,1,910.282,-12.3217,0.5039
CSV,CT,2,0,133,64,1,917.122,-12.3288,0.5000
CSV,CT,2,0,134,64,1,923.972,-12.3062,0.5000
CSV,CT,2,0,135,64,1,930.815,-12.1347,0.5039
CSV,CT,2,0,136,64,1,937.655,-12.0371,0.5078
CSV,CT,2,0,137,64,1,944.497,-11.7676,0.5117
CSV,CT,2,0,138,64,1,951.359,-11.8492,0.5117
CSV,CT,2,0,139,64,1,958.215,-11.8033,0.5117
CSV,CT,2,0,140,64,1,965.039,-11.6433,0.5195
CSV,CT,2,0,141,64,1,971.872,-11.9147,0.5117
CSV,CT,2,0,142,64,1,978.721,-11.8659,0.5117
CSV,CT,2,0,143,64,1,985.556,-12.0319,0.5117
CSV,CT,2,0,144,64,1,992.396,-11.9126,0.5117
CSV,CT,2,0,145,64,1,999.252,-11.9219,0.5117
CSV,CT,2,0,146,64,1,1006.107,-11.8417,0.5156
CSV,CT,2,0,147,64,1,1012.938,-11.7385,0.5195
CSV,CT,2,0,148,64,1,1019.765,-11.8837,0.5156
CSV,CT,2,0,149,64,1,1026.609,-12.0167,0.5117
CSV,CT,2,0,150,64,1,1033.466,-11.8978,0.5156
CSV,CT,2,0,151,64,1,1040.305,-11.8174,0.5195
CSV,CT,2,0,152,64,1,1047.136,-11.6847,0.5195
CSV,CT,2,0,153,64,1,1053.983,-11.6256,0.5234
CSV,CT,2,0,154,64,1,1060.838,-11.7816,0.5195
CSV,CT,2,0,155,64,1,1067.674,-11.8646,0.5195
CSV,CT,2,0,156,64,1,1074.512,-11.8503,0.5234
CSV,CT,2,0,157,64,1,1081.375,-11.8385,0.5234
CSV,CT,2,0,158,64,1,1088.236,-11.9143,0.5195
CSV,CT,2,0,159,64,1,1095.086,-11.6860,0.5273
CSV,CT,2,0,160,64,1,1101.917,-11.7090,0.5273
CSV,CT,2,0,161,64,1,1108.757,-11.6173,0.5312
CSV,CT,2,0,162,64,1,1115.608,-11.5013,0.5352
CSV,CT,2,0,163,64,1,1122.461,-11.6682,0.5312
CSV,CT,2,0,164,64,1,1129.289,-11.5775,0.5352
CSV,CT,2,0,165,64,1,1136.130,-11.6465,0.5352
CSV,CT,2,0,166,64,1,1142.985,-11.6490,0.5352
CSV,CT,2,0,167,64,1,1149.838,-11.8298,0.5352
CSV,CT,2,0,168,64,1,1156.672,-11.8453,0.5352
CSV,CT,2,0,169,64,1,1163.511,-11.8323,0.5352
CSV,CT,2,0,170,64,1,1170.370,-11.8787,0.5352
CSV,CT,2,0,171,64,1,1177.234,-11.8354,0.5352
CSV,CT,2,0,172,64,1,1184.085,-11.8226,0.5352
CSV,CT,2,0,173,64,1,1190.918,-11.6871,0.5391
CSV,CT,2,0,174,64,1,1197.757,-11.6845,0.5391
CSV,CT,2,0,175,64,1,1204.608,-11.5909,0.5430
CSV,CT,2,0,176,64,1,1211.454,-11.7784,0.5391
CSV,CT,2,0,177,64,1,1218.280,-11.8297,0.5430
CSV,CT,2,0,178,64,1,1225.129,-11.7573,0.5430
CSV,CT,2,0,179,64,1,1231.975,-11.6603,0.5469
CSV,CT,2,0,180,64,1,1238.835,-11.5988,0.5469
CSV,CT,2,0,181,64,1,1245.667,-11.8738,0.5430
CSV,CT,2,0,182,64,1,1252.500,-12.0651,0.5391
CSV,CT,2,0,183,64,1,1259.360,-12.0025,0.5430
CSV,CT,2,0,184,64,1,1266.208,-11.8898,0.5430
CSV,CT,2,0,185,64,1,1273.033,-12.0835,0.5391
CSV,CT,2,0,186,64,1,1279.876,-12.3797,0.5312
CSV,CT,2,0,187,64,1,1286.747,-12.2033,0.5352
CSV,CT,2,0,188,64,1,1293.571,-12.1615,0.5352
CSV,CT,2,0,189,64,1,1300.401,-12.0036,0.5391
CSV,CT,2,0,190,64,1,1307.252,-12.0102,0.5391
CSV,CT,2,0,191,64,1,1314.107,-12.0156,0.5391
CSV,CT,2,0,192,64,1,1320.941,-12.0169,0.5391
CSV,CT,2,0,193,64,1,1327.766,-12.3469,0.5312
CSV,CT,2,0,194,64,1,1334.618,-12.4999,0.5273
CSV,CT,2,0,195,64,1,1341.473,-12.3441,0.5273
CSV,CT,2,0,196,64,1,1348.324,-12.4986,0.5234
CSV,CT,2,0,197,64,1,1355.148,-12.5508,0.5195
CSV,CT,2,0,198,64,1,1362.008,-12.5694,0.5195
CSV,CT,2,0,199,64,1,1368.864,-12.4991,0.5195
CSV,CT,2,0,200,64,1,1375.721,-12.4329,0.5156
CSV,CT,2,0,201,64,1,1382.549,-12.5521,0.5117
CSV,CT,2,0,202,64,1,1389.392,-12.6342,0.5078
CSV,CT,2,0,203,64,1,1396.252,-12.4970,0.5117
CSV,CT,2,0,204,64,1,1403.107,-12.5519,0.5078
CSV,CT,2,0,205,64,1,1409.940,-12.4199,0.5078
CSV,CT,2,0,206,64,1,1416.766,-12.5683,0.5039
CSV,CT,2,0,207,64,1,1423.611,-12.6481,0.5000
CSV,CT,2,0,208,64,1,1430.465,-12.4203,0.5039
CSV,CT,2,0,209,64,1,1437.296,-12.4480,0.5000
CSV,CT,2,0,210,64,1,1444.135,-12.2962,0.5039
CSV,CT,2,0,211,64,1,1450.995,-12.0975,0.5078
CSV,CT,2,0,212,64,1,1457.853,-12.1528,0.5039
CSV,CT,2,0,213,64,1,1464.698,-12.0872,0.5039
CSV,CT,2,0,214,64,1,1471.530,-11.8746,0.5078
CSV,CT,2,0,215,64,1,1478.374,-11.8584,0.5117
CSV,CT,2,0,216,64,1,1485.234,-12.0218,0.5078
CSV,CT,2,0,217,64,1,1492.081,-12.0252,0.5078
CSV,CT,2,0,218,64,1,1498.914,-12.1762,0.5039
CSV,CT,2,0,219,64,1,1505.758,-11.9555,0.5078
CSV,CT,2,0,220,64,1,1512.603,-12.1711,0.5039
CSV,CT,2,0,221,64,1,1519.428,-12.1003,0.5039
CSV,CT,2,0,222,64,1,1526.265,-12.2766,0.5000
CSV,CT,2,0,223,64,1,1533.120,-12.4080,0.4961
CSV,CT,2,0,224,64,1,1539.973,-12.3192,0.4961
CSV,CT,2,0,225,64,1,1546.834,-12.4765,0.4922
CSV,CT,2,0,226,64,1,1553.671,-12.4426,0.4922
CSV,CT,2,0,227,64,1,1560.502,-12.3491,0.4922
CSV,CT,2,0,228,64,1,1567.363,-12.3226,0.4922
CSV,CT,2,0,229,64,1,1574.232,-12.4822,0.4883
CSV,CT,2,0,230,64,1,1581.082,-12.5089,0.4844
CSV,CT,2,0,231,64,1,1587.917,-12.3215,0.4883
CSV,CT,2,0,232,64,1,1594.759,-12.2081,0.4883
CSV,CT,2,0,233,64,1,1601.607,-12.0155,0.4922
CSV,CT,2,0,234,64,1,1608.449,-12.1523,0.4883
CSV,CT,2,0,235,64,1,1615.269,-12.0274,0.4922
CSV,CT,2,0,236,64,1,1622.129,-11.8205,0.4961
CSV,CT,2,0,237,64,1,1628.985,-11.7172,0.5000
CSV,CT,2,0,238,64,1,1635.838,-11.9237,0.4961
CSV,CT,2,0,239,64,1,1642.670,-11.9927,0.4961
CSV,CT,2,0,240,64,1,1649.506,-11.9957,0.4961
CSV,CT,2,0,241,64,1,1656.375,-11.9424,0.4961
CSV,CT,2,0,242,64,1,1663.232,-12.0384,0.4961
CSV,CT,2,0,243,64,1,1670.081,-12.0382,0.4961
CSV,CT,2,0,244,64,1,1676.917,-12.1294,0.4922
CSV,CT,2,0,245,64,1,1683.757,-12.0644,0.4922
CSV,CT,2,0,246,64,1,1690.611,-11.9769,0.4961
CSV,CT,2,0,247,64,1,1697.472,-11.9520,0.4961
CSV,CT,2,0,248,64,1,1704.324,-12.0188,0.4961
CSV,CT,2,0,249,64,1,1711.141,-12.1419,0.4883
CSV,CT,2,0,250,64,1,1717.993,-12.2528,0.4883
CSV,CT,2,0,251,64,1,1724.848,-12.2106,0.4883
CSV,CT,2,0,252,64,1,1731.699,-11.8704,0.4961
CSV,CT,2,0,253,64,1,1738.532,-11.7353,0.5000
CSV,CT,2,0,254,64,1,1745.375,-12.0013,0.4922
CSV,CT,2,0,255,64,1,1752.237,-12.1246,0.4922
CSV,CT,2,0,256,64,1,1759.081,-12.1492,0.4883
CSV,CT,2,0,257,64,1,1765.915,-12.2328,0.4883
CSV,CT,2,0,258,64,1,1772.760,-12.0064,0.4922
CSV,CT,2,0,259,64,1,1779.604,-12.0088,0.4922
CSV,CT,2,0,260,64,1,1786.429,-11.8920,0.4961
CSV,CT,2,0,261,64,1,1793.263,-11.8759,0.4961
CSV,CT,2,0,262,64,1,1800.118,-11.8006,0.4961
CSV,CT,2,0,263,64,1,1806.974,-11.6991,0.5000
CSV,CT,2,0,264,64,1,1813.823,-11.6652,0.5039
CSV,CT,2,0,265,64,1,1820.657,-11.5467,0.5078
CSV,CT,2,0,266,64,1,1827.500,-11.5850,0.5078
CSV,CT,2,0,267,64,1,1834.349,-11.5599,0.5078
CSV,CT,2,0,268,64,1,1841.171,-11.6297,0.5078
CSV,CT,2,0,269,64,1,1848.022,-11.4869,0.5117
CSV,CT,2,0,270,64,1,1854.870,-11.6224,0.5117
CSV,CT,2,0,271,64,1,1861.723,-11.8664,0.5078
CSV,CT,2,0,272,64,1,1868.555,-11.8531,0.5078
CSV,CT,2,0,273,64,1,1875.396,-11.8087,0.5078
CSV,CT,2,0,274,64,1,1882.251,-11.8288,0.5117
CSV,CT,2,0,275,64,1,1889.110,-11.7561,0.5117
CSV,CT,2,0,276,64,1,1895.969,-11.6584,0.5156
CSV,CT,2,0,277,64,1,1902.784,-11.5089,0.5195
CSV,CT,2,0,278,64,1,1909.643,-11.7314,0.5156
CSV,CT,2,0,279,64,1,1916.498,-12.0257,0.5117
CSV,CT,2,0,280,64,1,1923.359,-11.8171,0.5156
CSV,CT,2,0,281,64,1,1930.211,-11.6275,0.5195
CSV,CT,2,0,282,64,1,1937.038,-11.7222,0.5195
CSV,CT,2,0,283,64,1,1943.875,-11.5687,0.5234
CSV,CT,2,0,284,64,1,1950.726,-11.6378,0.5234
CSV,CT,2,0,285,64,1,1957.553,-11.4929,0.5273
CSV,CT,2,0,286,64,1,1964.396,-11.7766,0.5234
CSV,CT,2,0,287,64,1,1971.252,-11.7365,0.5273
CSV,CT,2,0,288,64,1,1978.106,-11.8823,0.5234
CSV,CT,2,0,289,64,1,1984.942,-11.9539,0.5195
CSV,CT,2,0,290,64,1,1991.775,-12.0208,0.5195
CSV,CT,2,0,291,64,1,1998.620,-12.0238,0.5195
CSV,CT,2,0,292,64,1,2005.479,-12.2654,0.5156
CSV,CT,2,0,293,64,1,2012.329,-12.1300,0.5156
CSV,CT,2,0,294,64,1,2019.141,-11.9767,0.5195
CSV,CT,2,0,295,64,1,2025.993,-11.8911,0.5234
CSV,CT,2,0,296,64,1,2032.849,-11.6042,0.5273
CSV,CT,2,0,297,64,1,2039.687,-11.6095,0.5312
CSV,CT,2,0,298,64,1,2046.517,-11.6163,0.5312
CSV,CT,2,0,299,64,1,2053.374,-11.6204,0.5312
CSV,CT,2,0,300,64,1,2060.241,-11.6869,0.5312
CSV,CT,2,0,301,64,1,2067.101,-11.6237,0.5352
CSV,CT,2,0,302,64,1,2073.931,-11.8086,0.5312
CSV,CT,2,0,303,64,1,2080.763,-11.8291,0.5312
CSV,CT,2,0,304,64,1,2087.614,-12.1474,0.5234
CSV,CT,2,0,305,64,1,2094.475,-12.1691,0.5234
CSV,CT,2,0,306,64,1,2101.330,-12.0101,0.5273
CSV,CT,2,0,307,64,1,2108.143,-12.1350,0.5234
CSV,CT,2,0,308,64,1,2114.998,-12.1276,0.5234
CSV,CT,2,0,309,64,1,2121.857,-12.1178,0.5234
CSV,CT,2,0,310,64,1,2128.713,-12.0506,0.5234
CSV,CT,2,0,311,64,1,2135.537,-12.0798,0.5234
CSV,CT,2,0,312,64,1,2142.379,-11.9878,0.5273
CSV,CT,2,0,313,64,1,2149.241,-11.9338,0.5273
CSV,CT,2,0,314,64,1,2156.096,-12.0319,0.5273
CSV,CT,2,0,315,64,1,2162.928,-11.8847,0.5273
CSV,CT,2,0,316,64,1,2169.757,-11.7178,0.5312
CSV,CT,2,0,317,64,1,2176.607,-11.6239,0.5352
CSV,CT,2,0,318,64,1,2183.427,-11.5382,0.5391
CSV,CT,2,0,319,64,1,2190.260,-11.4278,0.5430
CSV,CT,2,0,320,64,1,2197.118,-11.3288,0.5469
CSV,CT,2,0,321,64,1,2203.976,-11.2998,0.5508
CSV,CT,2,0,322,64,1,2210.839,-11.0909,0.5586
CSV,CT,2,0,323,64,1,2217.674,-11.1657,0.5586
CSV,CT,2,0,324,64,1,2224.506,-11.5947,0.5508
CSV,CT,2,0,325,64,1,2231.370,-11.7504,0.5508
CSV,CT,2,0,326,64,1,2238.235,-11.6578,0.5547
CSV,CT,2,0,327,64,1,2245.081,-11.8687,0.5469
CSV,CT,2,0,328,64,1,2251.916,-11.9723,0.5469
CSV,CT,2,0,329,64,1,2258.762,-11.8856,0.5469
CSV,CT,2,0,330,64,1,2265.618,-12.0172,0.5469
CSV,CT,2,0,331,64,1,2272.477,-11.9319,0.5469
CSV,CT,2,0,332,64,1,2279.329,-11.9729,0.5469
CSV,CT,2,0,333,64,1,2286.149,-12.0110,0.5469
CSV,CT,2,0,334,64,1,2293.009,-12.1049,0.5430
CSV,CT,2,0,335,64,1,2299.863,-12.2810,0.5391
CSV,CT,2,0,336,64,1,2306.720,-12.4414,0.5352
CSV,CT,2,0,337,64,1,2313.548,-12.3816,0.5352
CSV,CT,2,0,338,64,1,2320.390,-12.2374,0.5352
CSV,CT,2,0,339,64,1,2327.251,-12.2227,0.5391
CSV,CT,2,0,340,64,1,2334.105,-12.3894,0.5312
CSV,CT,2,0,341,64,1,2340.944,-12.2729,0.5352
CSV,CT,2,0,342,64,1,2347.765,-12.3153,0.5312
CSV,CT,2,0,343,64,1,2354.613,-12.4751,0.5273
CSV,CT,2,0,344,64,1,2361.474,-12.4404,0.5234
CSV,CT,2,0,345,64,1,2368.324,-12.6180,0.5195
CSV,CT,2,0,346,64,1,2375.143,-12.7216,0.5156
CSV,CT,2,0,347,64,1,2382.002,-12.6362,0.5156
CSV,CT,2,0,348,64,1,2388.857,-12.6778,0.5117
CSV,CT,2,0,349,64,1,2395.713,-12.5693,0.5117
CSV,CT,2,0,350,64,1,2402.535,-12.6484,0.5078
CSV,CT,2,0,351,64,1,2409.375,-12.7492,0.5039
CSV,CT,2,0,352,64,1,2416.243,-12.5734,0.5039
CSV,CT,2,0,353,64,1,2423.100,-12.4418,0.5039
CSV,CT,2,0,354,64,1,2429.931,-12.6196,0.5000
CSV,CT,2,0,355,64,1,2436.766,-12.7534,0.4961
CSV,CT,2,0,356,64,1,2443.622,-12.9353,0.4883
CSV,CT,2,0,357,64,1,2450.474,-12.7438,0.4883
CSV,CT,2,0,358,64,1,2457.307,-12.7480,0.4883
CSV,CT,2,0,359,64,1,2464.137,-12.7815,0.4844
CSV,CT,2,0,360,64,1,2470.987,-12.6938,0.4844
CSV,CT,2,0,361,64,1,2477.848,-12.4756,0.4844
CSV,CT,2,0,362,64,1,2484.699,-12.1740,0.4922
CSV,CT,2,0,363,64,1,2491.531,-11.9248,0.4961
CSV,CT,2,0,364,64,1,2498.374,-11.9937,0.4961
CSV,CT,2,0,365,64,1,2505.241,-12.0003,0.4961
CSV,CT,2,0,366,64,1,2512.100,-12.0648,0.4922
CSV,CT,2,0,367,64,1,2518.931,-12.0045,0.4961
CSV,CT,2,0,368,64,1,2525.768,-12.0682,0.4922
CSV,CT,2,0,369,64,1,2532.619,-12.0969,0.4922
CSV,CT,2,0,370,64,1,2539.482,-12.1532,0.4883
CSV,CT,2,0,371,64,1,2546.334,-12.2323,0.4883
CSV,CT,2,0,372,64,1,2553.154,-12.1594,0.4883
CSV,CT,2,0,373,64,1,2560.008,-11.9692,0.4922
CSV,CT,2,0,374,64,1,2566.860,-11.9143,0.4961
CSV,CT,2,0,375,64,1,2573.720,-11.8627,0.4961
CSV,CT,2,0,376,64,1,2580.550,-11.7589,0.5000
CSV,CT,2,0,377,64,1,2587.390,-11.8133,0.5000
CSV,CT,2,0,378,64,1,2594.243,-11.6812,0.5000
CSV,CT,2,0,379,64,1,2601.105,-11.9806,0.4961
CSV,CT,2,0,380,64,1,2607.935,-12.1054,0.4922
CSV,CT,2,0,381,64,1,2614.764,-12.0678,0.4922
CSV,CT,2,0,382,64,1,2621.611,-12.2471,0.4883
CSV,CT,2,0,383,64,1,2628.467,-11.9922,0.4922
CSV,CT,2,0,384,64,1,2635.296,-11.9056,0.4961
CSV,CT,2,0,385,64,1,2642.135,-11.7951,0.5000
CSV,CT,2,0,386,64,1,2648.990,-11.7833,0.5000
CSV,CT,2,0,387,64,1,2655.849,-11.9533,0.4961
CSV,CT,2,0,388,64,1,2662.699,-11.9591,0.4961
CSV,CT,2,0,389,64,1,2669.516,-11.9047,0.4961
CSV,CT,2,0,390,64,1,2676.373,-11.9743,0.4961
CSV,CT,2,0,391,64,1,2683.239,-12.0112,0.4961
CSV,CT,2,0,392,64,1,2690.090,-11.8947,0.5000
CSV,CT,2,0,393,64,1,2696.922,-11.9069,0.5000
CSV,CT,2,0,394,64,1,2703.758,-11.7081,0.5039
CSV,CT,2,0,395,64,1,2710.609,-11.6750,0.5039
CSV,CT,2,0,396,64,1,2717.467,-11.5231,0.5078
CSV,CT,2,0,397,64,1,2724.300,-11.4740,0.5117
CSV,CT,2,0,398,64,1,2731.139,-11.6103,0.5117
CSV,CT,2,0,399,64,1,2737.991,-11.5273,0.5156
CSV,CT,2,0,400,64,1,2744.849,-11.3903,0.5195
CSV,CT,2,0,401,64,1,2751.691,-11.2027,0.5273
CSV,CT,2,0,402,64,1,2758.519,-11.2701,0.5273
CSV,CT,2,0,403,64,1,2765.370,-11.4510,0.5273
CSV,CT,2,0,404,64,1,2772.241,-11.4711,0.5273
CSV,CT,2,0,405,64,1,2779.102,-11.3997,0.5312
CSV,CT,2,0,406,64,1,2785.931,-11.6619,0.5273
CSV,CT,2,0,407,64,1,2792.762,-11.8151,0.5234
CSV,CT,2,0,408,64,1,2799.618,-11.9831,0.5195
CSV,CT,2,0,409,64,1,2806.477,-12.0472,0.5195
CSV,CT,2,0,410,64,1,2813.331,-11.9591,0.5195
CSV,CT,2,0,411,64,1,2820.149,-11.9960,0.5195
CSV,CT,2,0,412,64,1,2827.006,-11.8942,0.5234
CSV,CT,2,0,413,64,1,2833.848,-12.1447,0.5156
CSV,CT,2,0,414,64,1,2840.688,-11.7474,0.5273
CSV,CT,2,0,415,64,1,2847.511,-11.5906,0.5312
CSV,CT,2,0,416,64,1,2854.370,-11.7161,0.5273
CSV,CT,2,0,417,64,1,2861.234,-11.6543,0.5312
CSV,CT,2,0,418,64,1,2868.086,-11.7749,0.5273
CSV,CT,2,0,419,64,1,2874.917,-11.7663,0.5273
CSV,CT,2,0,420,64,1,2881.759,-11.6992,0.5312
CSV,CT,2,0,421,64,1,2888.611,-11.6407,0.5352
CSV,CT,2,0,422,64,1,2895.473,-11.6718,0.5352
CSV,CT,2,0,423,64,1,2902.324,-11.8508,0.5352
CSV,CT,2,0,424,64,1,2909.135,-12.1655,0.5234
CSV,CT,2,0,425,64,1,2915.984,-12.0973,0.5273
CSV,CT,2,0,426,64,1,2922.837,-12.3035,0.5234
CSV,CT,2,0,427,64,1,2929.670,-12.3125,0.5195
CSV,CT,2,0,428,64,1,2936.500,-12.2899,0.5195
CSV,CT,2,0,429,64,1,2943.359,-12.2120,0.5195
CSV,CT,2,0,430,64,1,2950.216,-12.1094,0.5234
CSV,CT,2,0,431,64,1,2957.041,-12.0452,0.5234
CSV,CT,2,0,432,64,1,2963.871,-12.1357,0.5234
CSV,CT,2,0,433,64,1,2970.725,-12.3717,0.5156
CSV,CT,2,0,434,64,1,2977.561,-12.3148,0.5156
CSV,CT,2,0,435,64,1,2984.399,-12.3243,0.5156
CSV,CT,2,0,436,64,1,2991.252,-12.1071,0.5195
CSV,CT,2,0,437,64,1,2998.108,-12.1348,0.5195
CSV,CT,2,0,438,64,1,3004.937,-12.2147,0.5156
CSV,CT,2,0,439,64,1,3011.763,-11.8746,0.5234
CSV,CT,2,0,440,64,1,3018.608,-12.0705,0.5195
CSV,CT,2,0,441,64,1,3025.429,-12.1004,0.5195
CSV,CT,2,0,442,64,1,3032.258,-12.0708,0.5156
CSV,CT,2,0,443,64,1,3039.120,-12.0975,0.5156
CSV,CT,2,0,444,64,1,3045.978,-11.9739,0.5195
CSV,CT,2,0,445,64,1,3052.840,-12.0139,0.5195
CSV,CT,2,0,446,64,1,3059.668,-12.0468,0.5195
CSV,CT,2,0,447,64,1,3066.500,-12.1052,0.5156
CSV,CT,2,0,448,64,1,3073.362,-12.2213,0.5156
CSV,CT,2,0,449,64,1,3080.220,-12.1192,0.5156
CSV,CT,2,0,450,64,1,3087.042,-12.1746,0.5117
CSV,CT,2,0,451,64,1,3093.876,-12.1038,0.5156
CSV,CT,2,0,452,64,1,3100.746,-11.9498,0.5195
CSV,CT,2,0,453,64,1,3107.567,-11.9272,0.5195
CSV,CT,2,0,454,64,1,3114.397,-12.0257,0.5156
CSV,CT,2,0,455,64,1,3121.253,-11.9082,0.5195
CSV,CT,2,0,456,64,1,3128.111,-12.0108,0.5195
CSV,CT,2,0,457,64,1,3134.950,-11.9537,0.5195
CSV,CT,2,0,458,64,1,3141.782,-12.1429,0.5117
CSV,CT,2,0,459,64,1,3148.632,-12.1664,0.5117
CSV,CT,2,0,460,64,1,3155.497,-12.0708,0.5156
CSV,CT,2,0,461,64,1,3162.350,-12.3095,0.5078
CSV,CT,2,0,462,64,1,3169.168,-12.2274,0.5117
CSV,CT,2,0,463,64,1,3176.022,-11.8828,0.5156
CSV,CT,2,0,464,64,1,3182.869,-12.0442,0.5156
CSV,CT,2,0,465,64,1,3189.720,-11.6557,0.5234
CSV,CT,2,0,466,64,1,3196.538,-11.4185,0.5273
CSV,CT,2,0,467,64,1,3203.388,-11.7071,0.5234
CSV,CT,2,0,468,64,1,3210.245,-11.8220,0.5234
CSV,CT,2,0,469,64,1,3217.101,-11.9026,0.5234
CSV,CT,2,0,470,64,1,3223.931,-12.1241,0.5195
CSV,CT,2,0,471,64,1,3230.763,-12.2975,0.5117
CSV,CT,2,0,472,64,1,3237.613,-12.3689,0.5117
CSV,CT,2,0,473,64,1,3244.473,-12.4620,0.5078
CSV,CT,2,0,474,64,1,3251.319,-12.4901,0.5039
CSV,CT,2,0,475,64,1,3258.138,-12.4532,0.5039
CSV,CT,2,0,476,64,1,3264.987,-12.6900,0.4961
CSV,CT,2,0,477,64,1,3271.841,-12.4873,0.5000
CSV,CT,2,0,478,64,1,3278.671,-12.3330,0.5000
CSV,CT,2,0,479,64,1,3285.507,-12.4875,0.4961
CSV,CT,2,0,480,64,1,3292.362,-12.4518,0.4961
CSV,CT,2,0,481,64,1,3299.222,-12.4496,0.4922
CSV,CT,2,0,482,64,1,3306.044,-12.3566,0.4922
CSV,CT,2,0,483,64,1,3312.875,-12.3614,0.4922
CSV,CT,2,0,484,64,1,3319.724,-12.4834,0.4883
CSV,CT,2,0,485,64,1,3326.556,-12.4488,0.4883
CSV,CT,2,0,486,64,1,3333.396,-12.5037,0.4844
CSV,CT,2,0,487,64,1,3340.252,-12.4063,0.4883
CSV,CT,2,0,488,64,1,3347.109,-12.5000,0.4844
CSV,CT,2,0,489,64,1,3353.944,-12.5848,0.4805
CSV,CT,2,0,490,64,1,3360.777,-12.4509,0.4805
CSV,CT,2,0,491,64,1,3367.626,-12.6565,0.4727
CSV,CT,2,0,492,64,1,3374.493,-12.4885,0.4766
CSV,CT,2,0,493,64,1,3381.346,-12.4827,0.4727
CSV,CT,2,0,494,64,1,3388.162,-12.2675,0.4766
CSV,CT,2,0,495,64,1,3395.020,-12.3115,0.4766
CSV,CT,2,0,496,64,1,3401.867,-12.2909,0.4766
CSV,CT,2,0,497,64,1,3408.717,-12.0014,0.4805
CSV,CT,2,0,498,64,1,3415.553,-12.0641,0.4766
CSV,CT,2,0,499,64,1,3422.382,-11.9437,0.4805
CSV,C,2,1,20.0,0.012,1518,3299,0.500,0.039,0.15,6796816.50,6827901.50,6855179.00,6851754.0,64,6835.3,1
CSV,CT,2,1,500,64,1
CSV,CT,2,1,0,64,1,6.852,-0.0000,0.3281
CSV,CT,2,1,1,64,1,13.694,-0.6922,0.3555
CSV,CT,2,1,2,64,1,20.492,-1.2414,0.3789
CSV,CT,2,1,3,64,1,27.338,-1.9855,0.3984
CSV,CT,2,1,4,64,1,34.180,-2.3105,0.4258
CSV,CT,2,1,5,64,1,40.998,-2.9978,0.4414
CSV,CT,2,1,6,64,1,47.829,-3.3626,0.4648
CSV,CT,2,1,7,64,1,54.663,-3.9065,0.4805
CSV,CT,2,1,8,64,1,61.472,-4.5576,0.4922
CSV,CT,2,1,9,64,1,68.308,-5.3358,0.5000
CSV,CT,2,1,10,64,1,75.119,-5.8426,0.5117
CSV,CT,2,1,11,64,1,81.957,-6.3718,0.5195
CSV,CT,2,1,12,64,1,88.805,-6.7665,0.5312
CSV,CT,2,1,13,64,1,95.622,-7.4211,0.5352
CSV,CT,2,1,14,64,1,102.462,-8.1809,0.5312
CSV,CT,2,1,15,64,1,109.303,-8.5837,0.5352
CSV,CT,2,1,16,64,1,116.120,-8.8602,0.5391
CSV,CT,2,1,17,64,1,122.964,-9.2820,0.5391
CSV,CT,2,1,18,64,1,129.807,-9.4424,0.5469
CSV,CT,2,1,19,64,1,136.631,-9.7098,0.5469
CSV,CT,2,1,20,64,1,143.461,-10.1645,0.5469
CSV,CT,2,1,21,64,1,150.307,-10.6749,0.5391
CSV,CT,2,1,22,64,1,157.120,-10.9663,0.5391
CSV,CT,2,1,23,64,1,163.950,-10.9312,0.5391
CSV,CT,2,1,24,64,1,170.793,-10.9012,0.5469
CSV,CT,2,1,25,64,1,177.600,-11.1409,0.5430
CSV,CT,2,1,26,64,1,184.439,-11.1514,0.5469
CSV,CT,2,1,27,64,1,191.259,-11.4628,0.5430
CSV,CT,2,1,28,64,1,198.092,-11.8373,0.5352
CSV,CT,2,1,29,64,1,204.903,-11.8840,0.5352
CSV,CT,2,1,30,64,1,211.729,-12.1643,0.5273
CSV,CT,2,1,31,64,1,218.573,-12.0650,0.5312
CSV,CT,2,1,32,64,1,225.414,-11.9122,0.5352
CSV,CT,2,1,33,64,1,232.246,-11.7752,0.5352
CSV,CT,2,1,34,64,1,239.089,-11.7953,0.5352
CSV,CT,2,1,35,64,1,245.902,-11.8447,0.5391
CSV,CT,2,1,36,64,1,252.729,-11.9489,0.5352
CSV,CT,2,1,37,64,1,259.572,-11.9858,0.5352
CSV,CT,2,1,38,64,1,266.395,-11.9308,0.5352
CSV,CT,2,1,39,64,1,273.208,-11.9401,0.5352
CSV,CT,2,1,40,64,1,280.044,-11.7031,0.5430
CSV,CT,2,1,41,64,1,286.863,-11.9683,0.5352
CSV,CT,2,1,42,64,1,293.702,-12.1237,0.5352
CSV,CT,2,1,43,64,1,300.541,-12.3271,0.5273
CSV,CT,2,1,44,64,1,307.359,-12.2140,0.5312
CSV,CT,2,1,45,64,1,314.195,-12.2626,0.5273
CSV,CT,2,1,46,64,1,321.037,-12.3046,0.5273
CSV,CT,2,1,47,64,1,327.845,-12.3720,0.5234
CSV,CT,2,1,48,64,1,334.682,-12.4939,0.5195
CSV,CT,2,1,49,64,1,341.489,-12.3966,0.5195
CSV,CT,2,1,50,64,1,348.334,-12.5474,0.5156
CSV,CT,2,1,51,64,1,355.186,-12.1172,0.5234
CSV,CT,2,1,52,64,1,362.008,-12.0225,0.5234
CSV,CT,2,1,53,64,1,368.831,-11.8738,0.5273
CSV,CT,2,1,54,64,1,375.678,-12.1259,0.5234
CSV,CT,2,1,55,64,1,382.487,-12.2694,0.5195
CSV,CT,2,1,56,64,1,389.326,-12.3120,0.5195
CSV,CT,2,1,57,64,1,396.167,-12.2602,0.5156
CSV,CT,2,1,58,64,1,402.986,-12.4823,0.5117
CSV,CT,2,1,59,64,1,409.830,-12.2976,0.5156
CSV,CT,2,1,60,64,1,416.666,-12.2768,0.5117
CSV,CT,2,1,61,64,1,423.478,-12.1991,0.5156
CSV,CT,2,1,62,64,1,430.318,-12.1562,0.5156
CSV,CT,2,1,63,64,1,437.153,-12.0256,0.5156
CSV,CT,2,1,64,64,1,443.984,-12.1465,0.5117
CSV,CT,2,1,65,64,1,450.828,-11.8991,0.5195
CSV,CT,2,1,66,64,1,457.661,-11.8213,0.5195
CSV,CT,2,1,67,64,1,464.470,-11.8979,0.5195
CSV,CT,2,1,68,64,1,471.308,-11.9633,0.5195
CSV,CT,2,1,69,64,1,478.121,-12.1507,0.5117
CSV,CT,2,1,70,64,1,484.960,-12.1435,0.5117
CSV,CT,2,1,71,64,1,491.806,-12.2854,0.5117
CSV,CT,2,1,72,64,1,498.620,-12.2931,0.5078
CSV,CT,2,1,73,64,1,505.454,-12.3940,0.5078
CSV,CT,2,1,74,64,1,512.273,-12.2745,0.5078
CSV,CT,2,1,75,64,1,519.097,-12.1678,0.5078
CSV,CT,2,1,76,64,1,525.930,-12.2502,0.5039
CSV,CT,2,1,77,64,1,532.750,-12.2944,0.5039
CSV,CT,2,1,78,64,1,539.592,-12.3347,0.5000
CSV,CT,2,1,79,64,1,546.434,-12.3693,0.5000
CSV,CT,2,1,80,64,1,553.255,-12.3415,0.5000
CSV,CT,2,1,81,64,1,560.088,-12.1683,0.5000
CSV,CT,2,1,82,64,1,566.899,-12.1867,0.5000
CSV,CT,2,1,83,64,1,573.728,-12.3566,0.4961
CSV,CT,2,1,84,64,1,580.573,-12.2730,0.4961
CSV,CT,2,1,85,64,1,587.395,-12.4339,0.4922
CSV,CT,2,1,86,64,1,594.207,-12.3145,0.4961
CSV,CT,2,1,87,64,1,601.052,-12.3262,0.4922
CSV,CT,2,1,88,64,1,607.865,-12.3330,0.4883
CSV,CT,2,1,89,64,1,614.707,-12.2804,0.4922
CSV,CT,2,1,90,64,1,621.554,-12.0807,0.4961
CSV,CT,2,1,91,64,1,628.367,-11.8663,0.5000
CSV,CT,2,1,92,64,1,635.205,-11.6405,0.5039
CSV,CT,2,1,93,64,1,642.050,-11.7920,0.5039
CSV,CT,2,1,94,64,1,648.860,-11.7217,0.5039
CSV,CT,2,1,95,64,1,655.705,-11.7181,0.5078
CSV,CT,2,1,96,64,1,662.553,-11.8017,0.5039
CSV,CT,2,1,97,64,1,669.360,-12.0646,0.5000
CSV,CT,2,1,98,64,1,676.195,-11.9723,0.5000
CSV,CT,2,1,99,64,1,683.013,-12.0966,0.5000
CSV,CT,2,1,100,64,1,689.833,-12.2711,0.4922
CSV,CT,2,1,101,64,1,696.679,-12.1666,0.4961
CSV,CT,2,1,102,64,1,703.486,-11.8289,0.5039
CSV,CT,2,1,103,64,1,710.328,-11.9059,0.5000
CSV,CT,2,1,104,64,1,717.168,-11.8282,0.5039
CSV,CT,2,1,105,64,1,723.988,-11.9389,0.5039
CSV,CT,2,1,106,64,1,730.829,-12.0662,0.5000
CSV,CT,2,1,107,64,1,737.668,-12.0664,0.4961
CSV,CT,2,1,108,64,1,744.470,-12.0349,0.5000
CSV,CT,2,1,109,64,1,751.307,-12.0371,0.5000
CSV,CT,2,1,110,64,1,758.118,-12.2504,0.4922
CSV,CT,2,1,111,64,1,764.954,-12.0831,0.4961
CSV,CT,2,1,112,64,1,771.802,-11.9006,0.5000
CSV,CT,2,1,113,64,1,778.618,-11.9433,0.5000
CSV,CT,2,1,114,64,1,785.457,-11.8617,0.5000
CSV,CT,2,1,115,64,1,792.284,-12.0248,0.5000
CSV,CT,2,1,116,64,1,799.098,-11.9370,0.5000
CSV,CT,2,1,117,64,1,805.927,-12.1554,0.4961
CSV,CT,2,1,118,64,1,812.746,-12.0573,0.4961
CSV,CT,2,1,119,64,1,819.584,-11.9654,0.5000
CSV,CT,2,1,120,64,1,826.423,-12.0327,0.5000
CSV,CT,2,1,121,64,1,833.249,-11.9744,0.5000
CSV,CT,2,1,122,64,1,840.089,-12.1874,0.4961
CSV,CT,2,1,123,64,1,846.901,-12.1454,0.4922
CSV,CT,2,1,124,64,1,853.722,-12.0775,0.4961
CSV,CT,2,1,125,64,1,860.572,-12.0751,0.4961
CSV,CT,2,1,126,64,1,867.393,-12.2506,0.4883
CSV,CT,2,1,127,64,1,874.215,-12.1420,0.4922
CSV,CT,2,1,128,64,1,881.053,-12.2224,0.4922
CSV,CT,2,1,129,64,1,887.873,-12.3270,0.4883
CSV,CT,2,1,130,64,1,894.707,-12.3629,0.4844
CSV,CT,2,1,131,64,1,901.545,-12.1318,0.4883
CSV,CT,2,1,132,64,1,908.359,-12.0333,0.4922
CSV,CT,2,1,133,64,1,915.195,-12.1247,0.4883
CSV,CT,2,1,134,64,1,922.008,-12.1469,0.4883
CSV,CT,2,1,135,64,1,928.832,-12.1695,0.4883
CSV,CT,2,1,136,64,1,935.666,-12.2192,0.4844
CSV,CT,2,1,137,64,1,942.471,-12.1200,0.4883
CSV,CT,2,1,138,64,1,949.308,-12.2892,0.4844
CSV,CT,2,1,139,64,1,956.117,-12.3015,0.4805
CSV,CT,2,1,140,64,1,962.949,-12.0121,0.4883
CSV,CT,2,1,141,64,1,969.792,-11.7732,0.4922
CSV,CT,2,1,142,64,1,976.599,-11.7635,0.4961
CSV,CT,2,1,143,64,1,983.441,-11.6569,0.4961
CSV,CT,2,1,144,64,1,990.259,-11.7474,0.4961
CSV,CT,2,1,145,64,1,997.091,-12.0099,0.4922
CSV,CT,2,1,146,64,1,1003.900,-12.0128,0.4922
CSV,CT,2,1,147,64,1,1010.728,-11.9564,0.4922
CSV,CT,2,1,148,64,1,1017.573,-11.8135,0.4961
CSV,CT,2,1,149,64,1,1024.395,-11.9502,0.4922
CSV,CT,2,1,150,64,1,1031.205,-11.7706,0.4961
CSV,CT,2,1,151,64,1,1038.053,-11.7644,0.5000
CSV,CT,2,1,152,64,1,1044.871,-11.7863,0.4961
CSV,CT,2,1,153,64,1,1051.706,-11.8971,0.4961
CSV,CT,2,1,154,64,1,1058.553,-11.9679,0.4961
CSV,CT,2,1,155,64,1,1065.362,-12.1535,0.4883
CSV,CT,2,1,156,64,1,1072.195,-12.2276,0.4883
CSV,CT,2,1,157,64,1,1079.027,-12.3014,0.4883
CSV,CT,2,1,158,64,1,1085.838,-12.0415,0.4922
CSV,CT,2,1,159,64,1,1092.690,-12.0678,0.4883
CSV,CT,2,1,160,64,1,1099.500,-12.1544,0.4883
CSV,CT,2,1,161,64,1,1106.340,-12.2346,0.4844
CSV,CT,2,1,162,64,1,1113.182,-12.2490,0.4844
CSV,CT,2,1,163,64,1,1119.997,-12.3229,0.4844
CSV,CT,2,1,164,64,1,1126.833,-12.3021,0.4805
CSV,CT,2,1,165,64,1,1133.669,-12.2510,0.4805
CSV,CT,2,1,166,64,1,1140.482,-12.3546,0.4766
CSV,CT,2,1,167,64,1,1147.325,-12.3006,0.4766
CSV,CT,2,1,168,64,1,1154.167,-12.1291,0.4805
CSV,CT,2,1,169,64,1,1160.985,-12.2423,0.4766
CSV,CT,2,1,170,64,1,1167.824,-12.0463,0.4844
CSV,CT,2,1,171,64,1,1174.664,-12.0438,0.4844
CSV,CT,2,1,172,64,1,1181.475,-11.9481,0.4844
CSV,CT,2,1,173,64,1,1188.322,-11.8648,0.4844
CSV,CT,2,1,174,64,1,1195.164,-12.0272,0.4844
CSV,CT,2,1,175,64,1,1201.988,-12.2678,0.4766
CSV,CT,2,1,176,64,1,1208.826,-12.0937,0.4805
CSV,CT,2,1,177,64,1,1215.661,-11.9692,0.4805
CSV,CT,2,1,178,64,1,1222.469,-11.9443,0.4844
CSV,CT,2,1,179,64,1,1229.306,-11.9530,0.4844
CSV,CT,2,1,180,64,1,1236.119,-11.9890,0.4844
CSV,CT,2,1,181,64,1,1242.954,-12.0140,0.4844
CSV,CT,2,1,182,64,1,1249.806,-11.9573,0.4844
CSV,CT,2,1,183,64,1,1256.623,-11.9017,0.4844
CSV,CT,2,1,184,64,1,1263.454,-12.0026,0.4844
CSV,CT,2,1,185,64,1,1270.272,-12.1559,0.4766
CSV,CT,2,1,186,64,1,1277.095,-12.1189,0.4805
CSV,CT,2,1,187,64,1,1283.926,-11.9954,0.4805
CSV,CT,2,1,188,64,1,1290.750,-11.9968,0.4805
CSV,CT,2,1,189,64,1,1297.590,-12.0292,0.4805
CSV,CT,2,1,190,64,1,1304.435,-11.8496,0.4844
CSV,CT,2,1,191,64,1,1311.259,-12.0752,0.4805
CSV,CT,2,1,192,64,1,1318.089,-12.3126,0.4766
CSV,CT,2,1,193,64,1,1324.901,-12.2023,0.4766
CSV,CT,2,1,194,64,1,1331.732,-12.0709,0.4766
CSV,CT,2,1,195,64,1,1338.576,-12.0387,0.4805
CSV,CT,2,1,196,64,1,1345.396,-11.9475,0.4805
CSV,CT,2,1,197,64,1,1352.207,-11.8349,0.4844
CSV,CT,2,1,198,64,1,1359.044,-11.6521,0.4883
CSV,CT,2,1,199,64,1,1365.862,-11.7742,0.4883
CSV,CT,2,1,200,64,1,1372.691,-11.7350,0.4883
CSV,CT,2,1,201,64,1,1379.499,-11.9077,0.4844
CSV,CT,2,1,202,64,1,1386.344,-12.0683,0.4805
CSV,CT,2,1,203,64,1,1393.180,-12.0045,0.4844
CSV,CT,2,1,204,64,1,1399.998,-11.9761,0.4844
CSV,CT,2,1,205,64,1,1406.833,-11.8626,0.4844
CSV,CT,2,1,206,64,1,1413.677,-11.7858,0.4883
CSV,CT,2,1,207,64,1,1420.490,-11.6574,0.4922
CSV,CT,2,1,208,64,1,1427.333,-11.8677,0.4883
CSV,CT,2,1,209,64,1,1434.182,-11.8797,0.4883
CSV,CT,2,1,210,64,1,1441.003,-11.9247,0.4883
CSV,CT,2,1,211,64,1,1447.832,-11.9047,0.4883
CSV,CT,2,1,212,64,1,1454.679,-11.7649,0.4922
CSV,CT,2,1,213,64,1,1461.489,-11.6059,0.4961
CSV,CT,2,1,214,64,1,1468.334,-11.7309,0.4961
CSV,CT,2,1,215,64,1,1475.187,-11.3365,0.5039
CSV,CT,2,1,216,64,1,1482.004,-11.2439,0.5117
CSV,CT,2,1,217,64,1,1488.833,-11.2180,0.5117
CSV,CT,2,1,218,64,1,1495.667,-11.3740,0.5117
CSV,CT,2,1,219,64,1,1502.470,-11.3679,0.5156
CSV,CT,2,1,220,64,1,1509.308,-11.6309,0.5117
CSV,CT,2,1,221,64,1,1516.117,-11.7253,0.5117
CSV,CT,2,1,222,64,1,1522.952,-11.6015,0.5117
CSV,CT,2,1,223,64,1,1529.785,-11.5758,0.5156
CSV,CT,2,1,224,64,1,1536.600,-11.7639,0.5156
CSV,CT,2,1,225,64,1,1543.440,-11.6365,0.5156
CSV,CT,2,1,226,64,1,1550.260,-11.9379,0.5117
CSV,CT,2,1,227,64,1,1557.090,-12.3031,0.5039
CSV,CT,2,1,228,64,1,1563.898,-12.4616,0.4961
CSV,CT,2,1,229,64,1,1570.723,-12.4587,0.4961
CSV,CT,2,1,230,64,1,1577.573,-12.3940,0.4961
CSV,CT,2,1,231,64,1,1584.416,-12.0981,0.5039
CSV,CT,2,1,232,64,1,1591.244,-12.1547,0.5000
CSV,CT,2,1,233,64,1,1598.084,-11.8751,0.5039
CSV,CT,2,1,234,64,1,1604.901,-11.8292,0.5078
CSV,CT,2,1,235,64,1,1611.732,-12.1140,0.5039
CSV,CT,2,1,236,64,1,1618.579,-12.1611,0.5000
CSV,CT,2,1,237,64,1,1625.412,-12.1816,0.5000
CSV,CT,2,1,238,64,1,1632.240,-12.1998,0.5000
CSV,CT,2,1,239,64,1,1639.077,-12.2197,0.4961
CSV,CT,2,1,240,64,1,1645.898,-12.1464,0.4961
CSV,CT,2,1,241,64,1,1652.723,-12.0483,0.5000
CSV,CT,2,1,242,64,1,1659.572,-12.0468,0.5000
CSV,CT,2,1,243,64,1,1666.388,-12.2267,0.4961
CSV,CT,2,1,244,64,1,1673.208,-12.1832,0.4961
CSV,CT,2,1,245,64,1,1680.049,-12.1751,0.4961
CSV,CT,2,1,246,64,1,1686.849,-12.1037,0.4961
CSV,CT,2,1,247,64,1,1693.687,-11.9200,0.5000
CSV,CT,2,1,248,64,1,1700.486,-11.8391,0.5039
CSV,CT,2,1,249,64,1,1707.327,-11.9742,0.5000
CSV,CT,2,1,250,64,1,1714.170,-11.7898,0.5039
CSV,CT,2,1,251,64,1,1720.991,-12.0207,0.5000
CSV,CT,2,1,252,64,1,1727.833,-12.0018,0.5000
CSV,CT,2,1,253,64,1,1734.681,-11.8255,0.5039
CSV,CT,2,1,254,64,1,1741.486,-12.0517,0.4961
CSV,CT,2,1,255,64,1,1748.323,-12.0814,0.4961
CSV,CT,2,1,256,64,1,1755.172,-11.8082,0.5039
CSV,CT,2,1,257,64,1,1761.990,-12.0959,0.4961
CSV,CT,2,1,258,64,1,1768.829,-11.9419,0.5039
CSV,CT,2,1,259,64,1,1775.664,-11.9806,0.5000
CSV,CT,2,1,260,64,1,1782.476,-11.8058,0.5039
CSV,CT,2,1,261,64,1,1789.318,-11.7650,0.5078
CSV,CT,2,1,262,64,1,1796.162,-11.6064,0.5117
CSV,CT,2,1,263,64,1,1802.988,-11.7604,0.5078
CSV,CT,2,1,264,64,1,1809.826,-11.8751,0.5078
CSV,CT,2,1,265,64,1,1816.663,-11.8609,0.5078
CSV,CT,2,1,266,64,1,1823.467,-11.8459,0.5078
CSV,CT,2,1,267,64,1,1830.313,-12.0112,0.5039
CSV,CT,2,1,268,64,1,1837.117,-11.8351,0.5078
CSV,CT,2,1,269,64,1,1843.949,-11.6714,0.5156
CSV,CT,2,1,270,64,1,1850.789,-11.4531,0.5195
CSV,CT,2,1,271,64,1,1857.601,-11.6213,0.5195
CSV,CT,2,1,272,64,1,1864.453,-11.8662,0.5117
CSV,CT,2,1,273,64,1,1871.274,-11.9687,0.5117
CSV,CT,2,1,274,64,1,1878.098,-11.8889,0.5117
CSV,CT,2,1,275,64,1,1884.929,-12.1117,0.5078
CSV,CT,2,1,276,64,1,1891.750,-12.2576,0.5039
CSV,CT,2,1,277,64,1,1898.586,-12.4800,0.5000
CSV,CT,2,1,278,64,1,1905.435,-12.3243,0.5000
CSV,CT,2,1,279,64,1,1912.255,-12.1819,0.5039
CSV,CT,2,1,280,64,1,1919.089,-12.0789,0.5039
CSV,CT,2,1,281,64,1,1925.900,-12.0459,0.5039
CSV,CT,2,1,282,64,1,1932.729,-12.1951,0.5000
CSV,CT,2,1,283,64,1,1939.580,-12.0971,0.5039
CSV,CT,2,1,284,64,1,1946.422,-12.0033,0.5039
CSV,CT,2,1,285,64,1,1953.249,-12.2409,0.5000
CSV,CT,2,1,286,64,1,1960.089,-12.4042,0.4961
CSV,CT,2,1,287,64,1,1966.900,-12.3737,0.4922
CSV,CT,2,1,288,64,1,1973.728,-12.3175,0.4961
CSV,CT,2,1,289,64,1,1980.573,-12.2345,0.4922
CSV,CT,2,1,290,64,1,1987.395,-12.3066,0.4922
CSV,CT,2,1,291,64,1,1994.209,-12.1975,0.4922
CSV,CT,2,1,292,64,1,2001.047,-12.0091,0.4961
CSV,CT,2,1,293,64,1,2007.862,-11.8348,0.5039
CSV,CT,2,1,294,64,1,2014.704,-11.8530,0.5039
CSV,CT,2,1,295,64,1,2021.542,-11.9282,0.5000
CSV,CT,2,1,296,64,1,2028.358,-11.9970,0.5000
CSV,CT,2,1,297,64,1,2035.193,-11.8201,0.5039
CSV,CT,2,1,298,64,1,2042.032,-11.8956,0.5039
CSV,CT,2,1,299,64,1,2048.848,-11.6392,0.5078
CSV,CT,2,1,300,64,1,2055.695,-11.7602,0.5078
CSV,CT,2,1,301,64,1,2062.503,-11.8456,0.5078
CSV,CT,2,1,302,64,1,2069.344,-12.0996,0.5000
CSV,CT,2,1,303,64,1,2076.179,-12.0944,0.5000
CSV,CT,2,1,304,64,1,2082.998,-12.0603,0.5000
CSV,CT,2,1,305,64,1,2089.833,-12.0278,0.5039
CSV,CT,2,1,306,64,1,2096.669,-12.2104,0.4961
CSV,CT,2,1,307,64,1,2103.484,-12.2265,0.4961
CSV,CT,2,1,308,64,1,2110.325,-11.9977,0.5000
CSV,CT,2,1,309,64,1,2117.172,-12.0293,0.5000
CSV,CT,2,1,310,64,1,2123.998,-12.1499,0.4961
CSV,CT,2,1,311,64,1,2130.834,-12.1422,0.4961
CSV,CT,2,1,312,64,1,2137.678,-12.1331,0.4961
CSV,CT,2,1,313,64,1,2144.482,-12.3050,0.4922
CSV,CT,2,1,314,64,1,2151.322,-12.1934,0.4922
CSV,CT,2,1,315,64,1,2158.173,-12.3600,0.4883
CSV,CT,2,1,316,64,1,2165.001,-12.3939,0.4883
CSV,CT,2,1,317,64,1,2171.833,-12.3650,0.4844
CSV,CT,2,1,318,64,1,2178.682,-12.0082,0.4922
CSV,CT,2,1,319,64,1,2185.490,-11.8321,0.4961
CSV,CT,2,1,320,64,1,2192.334,-12.0581,0.4922
CSV,CT,2,1,321,64,1,2199.179,-12.0733,0.4922
CSV,CT,2,1,322,64,1,2205.998,-11.9215,0.4961
CSV,CT,2,1,323,64,1,2212.832,-12.1123,0.4922
CSV,CT,2,1,324,64,1,2219.668,-12.1663,0.4883
CSV,CT,2,1,325,64,1,2226.473,-12.1581,0.4883
CSV,CT,2,1,326,64,1,2233.317,-12.1190,0.4883
CSV,CT,2,1,327,64,1,2240.152,-12.1761,0.4883
CSV,CT,2,1,328,64,1,2246.987,-12.2594,0.4844
CSV,CT,2,1,329,64,1,2253.826,-12.0618,0.4883
CSV,CT,2,1,330,64,1,2260.662,-12.0537,0.4883
CSV,CT,2,1,331,64,1,2267.467,-12.1119,0.4883
CSV,CT,2,1,332,64,1,2274.307,-11.9876,0.4883
CSV,CT,2,1,333,64,1,2281.117,-11.9020,0.4922
CSV,CT,2,1,334,64,1,2287.950,-11.7040,0.4961
CSV,CT,2,1,335,64,1,2294.793,-11.4919,0.5000
CSV,CT,2,1,336,64,1,2301.598,-11.4158,0.5039
CSV,CT,2,1,337,64,1,2308.437,-11.2855,0.5117
CSV,CT,2,1,338,64,1,2315.259,-11.3469,0.5117
CSV,CT,2,1,339,64,1,2322.090,-11.6442,0.5078
CSV,CT,2,1,340,64,1,2328.900,-11.6752,0.5078
CSV,CT,2,1,341,64,1,2335.726,-11.7357,0.5078
CSV,CT,2,1,342,64,1,2342.574,-11.6421,0.5117
CSV,CT,2,1,343,64,1,2349.412,-11.6797,0.5078
CSV,CT,2,1,344,64,1,2356.242,-11.6177,0.5117
CSV,CT,2,1,345,64,1,2363.082,-11.8591,0.5078
CSV,CT,2,1,346,64,1,2369.900,-12.1150,0.5039
CSV,CT,2,1,347,64,1,2376.727,-12.1111,0.5039
CSV,CT,2,1,348,64,1,2383.572,-12.0162,0.5039
CSV,CT,2,1,349,64,1,2390.392,-12.1965,0.5000
CSV,CT,2,1,350,64,1,2397.207,-12.0045,0.5039
CSV,CT,2,1,351,64,1,2404.050,-12.2200,0.5000
CSV,CT,2,1,352,64,1,2410.863,-12.2037,0.5000
CSV,CT,2,1,353,64,1,2417.694,-12.1305,0.5000
CSV,CT,2,1,354,64,1,2424.500,-11.9149,0.5039
CSV,CT,2,1,355,64,1,2431.341,-11.9856,0.5039
CSV,CT,2,1,356,64,1,2438.180,-12.0503,0.5000
CSV,CT,2,1,357,64,1,2445.004,-11.9582,0.5039
CSV,CT,2,1,358,64,1,2451.832,-12.2934,0.4961
CSV,CT,2,1,359,64,1,2458.681,-12.1544,0.4961
CSV,CT,2,1,360,64,1,2465.487,-12.0265,0.5000
CSV,CT,2,1,361,64,1,2472.326,-12.1174,0.5000
CSV,CT,2,1,362,64,1,2479.174,-11.9917,0.5000
CSV,CT,2,1,363,64,1,2485.992,-12.2644,0.4961
CSV,CT,2,1,364,64,1,2492.830,-12.2168,0.4961
CSV,CT,2,1,365,64,1,2499.663,-12.2651,0.4922
CSV,CT,2,1,366,64,1,2506.468,-12.1286,0.4961
CSV,CT,2,1,367,64,1,2513.307,-12.0615,0.4961
CSV,CT,2,1,368,64,1,2520.120,-12.1209,0.4961
CSV,CT,2,1,369,64,1,2526.959,-12.2668,0.4922
CSV,CT,2,1,370,64,1,2533.806,-12.1979,0.4922
CSV,CT,2,1,371,64,1,2540.618,-12.0369,0.4961
CSV,CT,2,1,372,64,1,2547.454,-12.0366,0.4961
CSV,CT,2,1,373,64,1,2554.270,-12.2157,0.4922
CSV,CT,2,1,374,64,1,2561.089,-12.4137,0.4844
CSV,CT,2,1,375,64,1,2567.903,-12.2910,0.4883
CSV,CT,2,1,376,64,1,2574.728,-12.5092,0.4805
CSV,CT,2,1,377,64,1,2581.573,-12.3840,0.4805
CSV,CT,2,1,378,64,1,2588.396,-12.0299,0.4883
CSV,CT,2,1,379,64,1,2595.208,-11.9415,0.4922
CSV,CT,2,1,380,64,1,2602.053,-11.8315,0.4961
CSV,CT,2,1,381,64,1,2608.863,-12.1169,0.4883
CSV,CT,2,1,382,64,1,2615.702,-12.0511,0.4883
CSV,CT,2,1,383,64,1,2622.542,-12.0820,0.4883
CSV,CT,2,1,384,64,1,2629.359,-12.2878,0.4844
CSV,CT,2,1,385,64,1,2636.196,-12.0878,0.4883
CSV,CT,2,1,386,64,1,2643.031,-11.9331,0.4922
CSV,CT,2,1,387,64,1,2649.842,-12.1821,0.4844
CSV,CT,2,1,388,64,1,2656.679,-12.0803,0.4844
CSV,CT,2,1,389,64,1,2663.486,-11.9263,0.4883
CSV,CT,2,1,390,64,1,2670.323,-11.6979,0.4961
CSV,CT,2,1,391,64,1,2677.169,-11.6177,0.4961
CSV,CT,2,1,392,64,1,2683.984,-11.7120,0.4961
CSV,CT,2,1,393,64,1,2690.830,-11.5589,0.5039
CSV,CT,2,1,394,64,1,2697.677,-11.8699,0.4961
CSV,CT,2,1,395,64,1,2704.485,-11.7633,0.5000
CSV,CT,2,1,396,64,1,2711.322,-11.6688,0.5039
CSV,CT,2,1,397,64,1,2718.154,-11.6684,0.5039
CSV,CT,2,1,398,64,1,2724.989,-11.9087,0.5000
CSV,CT,2,1,399,64,1,2731.830,-11.9213,0.5000
CSV,CT,2,1,400,64,1,2738.663,-11.8944,0.5000
CSV,CT,2,1,401,64,1,2745.469,-12.0236,0.4961
CSV,CT,2,1,402,64,1,2752.306,-11.9073,0.5000
CSV,CT,2,1,403,64,1,2759.118,-11.9208,0.5000
CSV,CT,2,1,404,64,1,2765.950,-11.8102,0.5039
CSV,CT,2,1,405,64,1,2772.794,-11.5910,0.5078
CSV,CT,2,1,406,64,1,2779.606,-11.4191,0.5117
CSV,CT,2,1,407,64,1,2786.449,-11.3175,0.5156
CSV,CT,2,1,408,64,1,2793.265,-11.4353,0.5156
CSV,CT,2,1,409,64,1,2800.089,-11.5480,0.5156
CSV,CT,2,1,410,64,1,2806.898,-11.6178,0.5156
CSV,CT,2,1,411,64,1,2813.725,-11.7707,0.5117
CSV,CT,2,1,412,64,1,2820.572,-11.9724,0.5078
CSV,CT,2,1,413,64,1,2827.393,-12.2473,0.5039
CSV,CT,2,1,414,64,1,2834.207,-11.9936,0.5078
CSV,CT,2,1,415,64,1,2841.046,-12.0891,0.5078
CSV,CT,2,1,416,64,1,2847.857,-12.0249,0.5078
CSV,CT,2,1,417,64,1,2854.703,-11.9971,0.5078
CSV,CT,2,1,418,64,1,2861.543,-12.2988,0.5000
CSV,CT,2,1,419,64,1,2868.362,-12.1877,0.5039
CSV,CT,2,1,420,64,1,2875.203,-12.5349,0.4922
CSV,CT,2,1,421,64,1,2882.043,-12.7170,0.4883
CSV,CT,2,1,422,64,1,2888.852,-12.7821,0.4844
CSV,CT,2,1,423,64,1,2895.708,-12.8352,0.4805
CSV,CT,2,1,424,64,1,2902.563,-12.5324,0.4844
CSV,CT,2,1,425,64,1,2909.377,-12.4313,0.4844
CSV,CT,2,1,426,64,1,2916.203,-12.3106,0.4883
CSV,CT,2,1,427,64,1,2923.044,-12.4969,0.4805
CSV,CT,2,1,428,64,1,2929.848,-12.4335,0.4805
CSV,CT,2,1,429,64,1,2936.694,-12.3099,0.4805
CSV,CT,2,1,430,64,1,2943.500,-12.1084,0.4844
CSV,CT,2,1,431,64,1,2950.342,-12.3751,0.4805
CSV,CT,2,1,432,64,1,2957.182,-12.1099,0.4844
CSV,CT,2,1,433,64,1,2964.006,-12.0444,0.4844
CSV,CT,2,1,434,64,1,2970.832,-12.0145,0.4844
CSV,CT,2,1,435,64,1,2977.677,-11.8069,0.4922
CSV,CT,2,1,436,64,1,2984.484,-11.8536,0.4922
CSV,CT,2,1,437,64,1,2991.323,-11.6882,0.4922
CSV,CT,2,1,438,64,1,2998.172,-11.5050,0.5000
CSV,CT,2,1,439,64,1,3004.992,-11.6667,0.5000
CSV,CT,2,1,440,64,1,3011.830,-11.5158,0.5000
CSV,CT,2,1,441,64,1,3018.665,-11.6192,0.5000
CSV,CT,2,1,442,64,1,3025.470,-11.7128,0.5000
CSV,CT,2,1,443,64,1,3032.312,-11.8311,0.5000
CSV,CT,2,1,444,64,1,3039.120,-11.8763,0.4961
CSV,CT,2,1,445,64,1,3045.965,-11.8879,0.4961
CSV,CT,2,1,446,64,1,3052.806,-11.7801,0.5000
CSV,CT,2,1,447,64,1,3059.630,-11.8298,0.5000
CSV,CT,2,1,448,64,1,3066.454,-12.0250,0.4961
CSV,CT,2,1,449,64,1,3073.277,-12.1750,0.4922
CSV,CT,2,1,450,64,1,3080.098,-12.0172,0.4961
CSV,CT,2,1,451,64,1,3086.901,-11.8409,0.5000
CSV,CT,2,1,452,64,1,3093.730,-11.8559,0.5000
CSV,CT,2,1,453,64,1,3100.573,-11.8115,0.5039
CSV,CT,2,1,454,64,1,3107.396,-11.5893,0.5078
CSV,CT,2,1,455,64,1,3114.207,-11.3851,0.5156
CSV,CT,2,1,456,64,1,3121.044,-11.6766,0.5078
CSV,CT,2,1,457,64,1,3127.862,-11.6476,0.5117
CSV,CT,2,1,458,64,1,3134.708,-11.7383,0.5117
CSV,CT,2,1,459,64,1,3141.553,-11.6734,0.5117
CSV,CT,2,1,460,64,1,3148.371,-11.6734,0.5117
CSV,CT,2,1,461,64,1,3155.203,-11.5237,0.5195
CSV,CT,2,1,462,64,1,3162.043,-11.7727,0.5117
CSV,CT,2,1,463,64,1,3168.862,-11.9137,0.5117
CSV,CT,2,1,464,64,1,3175.692,-11.8927,0.5117
CSV,CT,2,1,465,64,1,3182.499,-11.9645,0.5078
CSV,CT,2,1,466,64,1,3189.348,-12.1816,0.5039
CSV,CT,2,1,467,64,1,3196.181,-12.0526,0.5078
CSV,CT,2,1,468,64,1,3203.004,-12.0535,0.5078
CSV,CT,2,1,469,64,1,3209.831,-11.9037,0.5117
CSV,CT,2,1,470,64,1,3216.666,-11.9440,0.5117
CSV,CT,2,1,471,64,1,3223.473,-12.0715,0.5078
CSV,CT,2,1,472,64,1,3230.309,-12.3064,0.5039
CSV,CT,2,1,473,64,1,3237.119,-12.4670,0.4961
CSV,CT,2,1,474,64,1,3243.951,-12.2838,0.5000
CSV,CT,2,1,475,64,1,3250.759,-12.3544,0.4961
CSV,CT,2,1,476,64,1,3257.584,-12.3598,0.4961
CSV,CT,2,1,477,64,1,3264.429,-12.4229,0.4922
CSV,CT,2,1,478,64,1,3271.247,-12.2716,0.4961
CSV,CT,2,1,479,64,1,3278.087,-12.2845,0.4922
CSV,CT,2,1,480,64,1,3284.901,-12.2670,0.4922
CSV,CT,2,1,481,64,1,3291.729,-12.3990,0.4883
CSV,CT,2,1,482,64,1,3298.573,-12.5189,0.4844
CSV,CT,2,1,483,64,1,3305.395,-12.1220,0.4922
CSV,CT,2,1,484,64,1,3312.210,-11.9661,0.4961
CSV,CT,2,1,485,64,1,3319.044,-11.7329,0.5000
CSV,CT,2,1,486,64,1,3325.852,-11.8777,0.4961
CSV,CT,2,1,487,64,1,3332.706,-11.8616,0.4961
CSV,CT,2,1,488,64,1,3339.556,-11.7555,0.5039
CSV,CT,2,1,489,64,1,3346.370,-11.7177,0.5039
CSV,CT,2,1,490,64,1,3353.202,-11.7737,0.5039
CSV,CT,2,1,491,64,1,3360.044,-11.8241,0.5039
CSV,CT,2,1,492,64,1,3366.852,-11.8400,0.5039
CSV,CT,2,1,493,64,1,3373.708,-11.8242,0.5039
CSV,CT,2,1,494,64,1,3380.548,-11.7529,0.5078
CSV,CT,2,1,495,64,1,3387.361,-11.9258,0.5039
CSV,CT,2,1,496,64,1,3394.200,-11.9951,0.5000
CSV,CT,2,1,497,64,1,3401.043,-12.2388,0.4961
CSV,CT,2,1,498,64,1,3407.850,-12.2821,0.4922
CSV,CT,2,1,499,64,1,3414.691,-12.2930,0.4922
CSV,C,5,0,50.0,-0.020,1032,3381,0.508,0.027,0.15,6807929.00,6841746.50,6887921.00,6867342.0,64,6834.5,1
CSV,CT,5,0,500,64,1
CSV,CT,5,0,0,64,1,6.894,-0.0000,0.3320
CSV,CT,5,0,1,64,1,13.724,-0.3945,0.3633
CSV,CT,5,0,2,64,1,20.553,-1.1158,0.3867
CSV,CT,5,0,3,64,1,27.413,-1.8740,0.4062
CSV,CT,5,0,4,64,1,34.239,-2.5389,0.4258
CSV,CT,5,0,5,64,1,41.076,-2.9991,0.4453
CSV,CT,5,0,6,64,1,47.931,-3.7518,0.4570
CSV,CT,5,0,7,64,1,54.788,-4.0867,0.4766
CSV,CT,5,0,8,64,1,61.623,-4.6047,0.4961
CSV,CT,5,0,9,64,1,68.456,-5.2900,0.5039
CSV,CT,5,0,10,64,1,75.305,-6.0120,0.5078
CSV,CT,5,0,11,64,1,82.176,-6.5168,0.5156
CSV,CT,5,0,12,64,1,89.036,-6.9307,0.5273
CSV,CT,5,0,13,64,1,95.888,-7.5177,0.5312
CSV,CT,5,0,14,64,1,102.714,-7.7286,0.5430
CSV,CT,5,0,15,64,1,109.553,-8.0468,0.5469
CSV,CT,5,0,16,64,1,116.400,-8.4023,0.5508
CSV,CT,5,0,17,64,1,123.235,-8.7543,0.5586
CSV,CT,5,0,18,64,1,130.069,-9.1609,0.5586
CSV,CT,5,0,19,64,1,136.925,-9.4212,0.5625
CSV,CT,5,0,20,64,1,143.781,-9.7209,0.5625
CSV,CT,5,0,21,64,1,150.612,-10.1752,0.5586
CSV,CT,5,0,22,64,1,157.448,-10.6841,0.5547
CSV,CT,5,0,23,64,1,164.296,-10.7344,0.5586
CSV,CT,5,0,24,64,1,171.152,-11.1062,0.5547
CSV,CT,5,0,25,64,1,178.002,-11.2132,0.5547
CSV,CT,5,0,26,64,1,184.819,-11.4298,0.5508
CSV,CT,5,0,27,64,1,191.676,-11.5103,0.5508
CSV,CT,5,0,28,64,1,198.527,-11.4636,0.5547
CSV,CT,5,0,29,64,1,205.369,-11.8092,0.5508
CSV,CT,5,0,30,64,1,212.189,-11.8871,0.5469
CSV,CT,5,0,31,64,1,219.052,-12.0493,0.5430
CSV,CT,5,0,32,64,1,225.912,-12.1105,0.5430
CSV,CT,5,0,33,64,1,232.758,-12.1063,0.5430
CSV,CT,5,0,34,64,1,239.591,-12.3138,0.5391
CSV,CT,5,0,35,64,1,246.435,-12.0842,0.5430
CSV,CT,5,0,36,64,1,253.287,-12.1549,0.5391
CSV,CT,5,0,37,64,1,260.135,-12.0591,0.5391
CSV,CT,5,0,38,64,1,266.960,-12.3573,0.5352
CSV,CT,5,0,39,64,1,273.800,-12.5134,0.5312
CSV,CT,5,0,40,64,1,280.654,-12.5960,0.5273
CSV,CT,5,0,41,64,1,287.510,-12.7898,0.5195
CSV,CT,5,0,42,64,1,294.340,-12.5191,0.5234
CSV,CT,5,0,43,64,1,301.178,-12.4209,0.5234
CSV,CT,5,0,44,64,1,308.029,-12.3601,0.5234
CSV,CT,5,0,45,64,1,314.846,-12.0980,0.5273
CSV,CT,5,0,46,64,1,321.701,-11.9725,0.5312
CSV,CT,5,0,47,64,1,328.549,-12.0364,0.5312
CSV,CT,5,0,48,64,1,335.397,-12.0064,0.5312
CSV,CT,5,0,49,64,1,342.227,-11.9187,0.5312
CSV,CT,5,0,50,64,1,349.066,-11.8994,0.5312
CSV,CT,5,0,51,64,1,355.919,-12.1197,0.5273
CSV,CT,5,0,52,64,1,362.777,-12.0531,0.5273
CSV,CT,5,0,53,64,1,369.606,-12.0233,0.5312
CSV,CT,5,0,54,64,1,376.438,-11.9036,0.5312
CSV,CT,5,0,55,64,1,383.286,-11.8255,0.5352
CSV,CT,5,0,56,64,1,390.130,-11.8410,0.5352
CSV,CT,5,0,57,64,1,396.961,-12.0671,0.5312
CSV,CT,5,0,58,64,1,403.801,-12.0960,0.5312
CSV,CT,5,0,59,64,1,410.649,-12.1209,0.5273
CSV,CT,5,0,60,64,1,417.463,-12.0265,0.5312
CSV,CT,5,0,61,64,1,424.311,-12.2678,0.5234
CSV,CT,5,0,62,64,1,431.177,-12.2787,0.5234
CSV,CT,5,0,63,64,1,438.028,-12.3794,0.5195
CSV,CT,5,0,64,64,1,444.837,-12.5027,0.5156
CSV,CT,5,0,65,64,1,451.690,-12.3766,0.5156
CSV,CT,5,0,66,64,1,458.541,-12.1126,0.5234
CSV,CT,5,0,67,64,1,465.395,-12.1975,0.5195
CSV,CT,5,0,68,64,1,472.229,-12.2657,0.5156
CSV,CT,5,0,69,64,1,479.073,-12.0091,0.5234
CSV,CT,5,0,70,64,1,485.926,-12.0110,0.5234
CSV,CT,5,0,71,64,1,492.781,-12.1620,0.5195
CSV,CT,5,0,72,64,1,499.610,-12.0349,0.5234
CSV,CT,5,0,73,64,1,506.438,-11.9169,0.5234
CSV,CT,5,0,74,64,1,513.283,-12.1363,0.5195
CSV,CT,5,0,75,64,1,520.093,-11.9799,0.5234
CSV,CT,5,0,76,64,1,526.936,-11.9557,0.5234
CSV,CT,5,0,77,64,1,533.795,-12.0206,0.5234
CSV,CT,5,0,78,64,1,540.654,-12.3217,0.5156
CSV,CT,5,0,79,64,1,547.519,-11.9692,0.5195
CSV,CT,5,0,80,64,1,554.348,-11.9754,0.5195
CSV,CT,5,0,81,64,1,561.187,-11.8921,0.5234
CSV,CT,5,0,82,64,1,568.041,-11.9381,0.5234
CSV,CT,5,0,83,64,1,574.900,-11.8572,0.5273
CSV,CT,5,0,84,64,1,581.722,-12.0521,0.5195
CSV,CT,5,0,85,64,1,588.555,-12.1409,0.5195
CSV,CT,5,0,86,64,1,595.403,-12.2591,0.5156
CSV,CT,5,0,87,64,1,602.239,-12.2428,0.5156
CSV,CT,5,0,88,64,1,609.077,-12.0781,0.5156
CSV,CT,5,0,89,64,1,615.926,-12.1921,0.5156
CSV,CT,5,0,90,64,1,622.780,-12.2398,0.5117
CSV,CT,5,0,91,64,1,629.610,-12.2232,0.5117
CSV,CT,5,0,92,64,1,636.439,-11.9680,0.5156
CSV,CT,5,0,93,64,1,643.288,-12.0930,0.5156
CSV,CT,5,0,94,64,1,650.125,-11.9319,0.5195
CSV,CT,5,0,95,64,1,656.946,-12.0583,0.5156
CSV,CT,5,0,96,64,1,663.799,-12.0549,0.5156
CSV,CT,5,0,97,64,1,670.654,-12.2313,0.5117
CSV,CT,5,0,98,64,1,677.514,-12.0374,0.5156
CSV,CT,5,0,99,64,1,684.343,-11.9802,0.5156
CSV,CT,5,0,100,64,1,691.180,-11.9865,0.5156
CSV,CT,5,0,101,64,1,698.041,-12.1419,0.5117
CSV,CT,5,0,102,64,1,704.895,-11.9828,0.5156
CSV,CT,5,0,103,64,1,711.724,-11.7485,0.5234
CSV,CT,5,0,104,64,1,718.556,-11.5920,0.5234
CSV,CT,5,0,105,64,1,725.421,-11.5369,0.5273
CSV,CT,5,0,106,64,1,732.249,-11.5479,0.5312
CSV,CT,5,0,107,64,1,739.083,-11.4973,0.5312
CSV,CT,5,0,108,64,1,745.939,-11.7825,0.5273
CSV,CT,5,0,109,64,1,752.798,-11.7432,0.5312
CSV,CT,5,0,110,64,1,759.650,-11.9208,0.5273
CSV,CT,5,0,111,64,1,766.463,-12.0207,0.5234
CSV,CT,5,0,112,64,1,773.310,-12.1125,0.5234
CSV,CT,5,0,113,64,1,780.176,-12.1069,0.5234
CSV,CT,5,0,114,64,1,787.027,-12.1634,0.5195
CSV,CT,5,0,115,64,1,793.846,-12.2743,0.5156
CSV,CT,5,0,116,64,1,800.697,-12.1057,0.5195
CSV,CT,5,0,117,64,1,807.554,-11.8613,0.5234
CSV,CT,5,0,118,64,1,814.404,-12.0271,0.5234
CSV,CT,5,0,119,64,1,821.239,-11.9999,0.5234
CSV,CT,5,0,120,64,1,828.075,-12.1514,0.5156
CSV,CT,5,0,121,64,1,834.929,-12.2054,0.5156
CSV,CT,5,0,122,64,1,841.785,-12.4320,0.5078
CSV,CT,5,0,123,64,1,848.622,-12.3700,0.5117
CSV,CT,5,0,124,64,1,855.451,-12.3131,0.5117
CSV,CT,5,0,125,64,1,862.304,-12.5316,0.5039
CSV,CT,5,0,126,64,1,869.153,-12.3734,0.5078
CSV,CT,5,0,127,64,1,876.008,-12.3475,0.5039
CSV,CT,5,0,128,64,1,882.820,-12.2342,0.5078
CSV,CT,5,0,129,64,1,889.673,-12.1599,0.5078
CSV,CT,5,0,130,64,1,896.528,-12.0609,0.5078
CSV,CT,5,0,131,64,1,903.381,-11.9394,0.5117
CSV,CT,5,0,132,64,1,910.196,-11.9171,0.5117
CSV,CT,5,0,133,64,1,917.041,-11.8374,0.5156
CSV,CT,5,0,134,64,1,923.896,-11.7048,0.5195
CSV,CT,5,0,135,64,1,930.723,-11.4929,0.5234
CSV,CT,5,0,136,64,1,937.553,-11.5607,0.5273
CSV,CT,5,0,137,64,1,944.403,-11.7814,0.5195
CSV,CT,5,0,138,64,1,951.238,-12.0118,0.5156
CSV,CT,5,0,139,64,1,958.074,-11.9837,0.5156
CSV,CT,5,0,140,64,1,964.929,-12.1103,0.5156
CSV,CT,5,0,141,64,1,971.781,-12.1668,0.5117
CSV,CT,5,0,142,64,1,978.611,-12.2418,0.5078
CSV,CT,5,0,143,64,1,985.445,-12.4352,0.5039
CSV,CT,5,0,144,64,1,992.286,-12.4932,0.5039
CSV,CT,5,0,145,64,1,999.107,-12.5454,0.5000
CSV,CT,5,0,146,64,1,1005.937,-12.3873,0.5000
CSV,CT,5,0,147,64,1,1012.798,-12.3597,0.5000
CSV,CT,5,0,148,64,1,1019.654,-12.3623,0.5000
CSV,CT,5,0,149,64,1,1026.515,-12.0982,0.5039
CSV,CT,5,0,150,64,1,1033.345,-12.0941,0.5039
CSV,CT,5,0,151,64,1,1040.176,-12.3004,0.5000
CSV,CT,5,0,152,64,1,1047.038,-12.2806,0.4961
CSV,CT,5,0,153,64,1,1053.882,-12.4406,0.4922
CSV,CT,5,0,154,64,1,1060.713,-12.3177,0.4961
CSV,CT,5,0,155,64,1,1067.554,-12.5064,0.4883
CSV,CT,5,0,156,64,1,1074.401,-12.5315,0.4844
CSV,CT,5,0,157,64,1,1081.232,-12.3419,0.4883
CSV,CT,5,0,158,64,1,1088.073,-12.4085,0.4883
CSV,CT,5,0,159,64,1,1094.931,-12.2596,0.4883
CSV,CT,5,0,160,64,1,1101.785,-12.1530,0.4883
CSV,CT,5,0,161,64,1,1108.623,-12.0103,0.4922
CSV,CT,5,0,162,64,1,1115.450,-12.0707,0.4922
CSV,CT,5,0,163,64,1,1122.296,-11.8890,0.4961
CSV,CT,5,0,164,64,1,1129.152,-11.9601,0.4922
CSV,CT,5,0,165,64,1,1136.003,-11.7605,0.5000
CSV,CT,5,0,166,64,1,1142.814,-11.9342,0.4961
CSV,CT,5,0,167,64,1,1149.661,-11.7914,0.5000
CSV,CT,5,0,168,64,1,1156.518,-11.6290,0.5039
CSV,CT,5,0,169,64,1,1163.344,-11.8427,0.5000
CSV,CT,5,0,170,64,1,1170.184,-11.7075,0.5039
CSV,CT,5,0,171,64,1,1177.041,-11.6454,0.5078
CSV,CT,5,0,172,64,1,1183.899,-11.4071,0.5117
CSV,CT,5,0,173,64,1,1190.720,-11.3086,0.5156
CSV,CT,5,0,174,64,1,1197.555,-11.5195,0.5156
CSV,CT,5,0,175,64,1,1204.402,-11.6828,0.5117
CSV,CT,5,0,176,64,1,1211.231,-11.5933,0.5156
CSV,CT,5,0,177,64,1,1218.070,-11.5966,0.5156
CSV,CT,5,0,178,64,1,1224.923,-11.6629,0.5156
CSV,CT,5,0,179,64,1,1231.781,-11.7521,0.5156
CSV,CT,5,0,180,64,1,1238.610,-11.6588,0.5195
CSV,CT,5,0,181,64,1,1245.445,-11.7535,0.5195
CSV,CT,5,0,182,64,1,1252.297,-11.9881,0.5117
CSV,CT,5,0,183,64,1,1259.157,-12.1137,0.5117
CSV,CT,5,0,184,64,1,1266.008,-11.9893,0.5117
CSV,CT,5,0,185,64,1,1272.825,-11.9343,0.5156
CSV,CT,5,0,186,64,1,1279.684,-12.0328,0.5117
CSV,CT,5,0,187,64,1,1286.537,-12.4441,0.5039
CSV,CT,5,0,188,64,1,1293.390,-12.2643,0.5039
CSV,CT,5,0,189,64,1,1300.214,-12.3658,0.5000
CSV,CT,5,0,190,64,1,1307.055,-12.4880,0.5000
CSV,CT,5,0,191,64,1,1313.916,-12.6328,0.4922
CSV,CT,5,0,192,64,1,1320.780,-12.5241,0.4922
CSV,CT,5,0,193,64,1,1327.613,-12.3367,0.4961
CSV,CT,5,0,194,64,1,1334.445,-12.5500,0.4883
CSV,CT,5,0,195,64,1,1341.297,-12.6614,0.4844
CSV,CT,5,0,196,64,1,1348.152,-12.7002,0.4844
CSV,CT,5,0,197,64,1,1354.998,-12.6463,0.4805
CSV,CT,5,0,198,64,1,1361.818,-12.5074,0.4805
CSV,CT,5,0,199,64,1,1368.673,-12.3806,0.4844
CSV,CT,5,0,200,64,1,1375.532,-12.2048,0.4844
CSV,CT,5,0,201,64,1,1382.380,-11.9213,0.4922
CSV,CT,5,0,202,64,1,1389.206,-11.9017,0.4922
CSV,CT,5,0,203,64,1,1396.054,-11.6978,0.4961
CSV,CT,5,0,204,64,1,1402.914,-11.8455,0.4961
CSV,CT,5,0,205,64,1,1409.758,-11.8615,0.4961
CSV,CT,5,0,206,64,1,1416.592,-11.7873,0.4961
CSV,CT,5,0,207,64,1,1423.435,-11.9552,0.4922
CSV,CT,5,0,208,64,1,1430.277,-12.2904,0.4883
CSV,CT,5,0,209,64,1,1437.106,-12.4505,0.4805
CSV,CT,5,0,210,64,1,1443.933,-12.2368,0.4844
CSV,CT,5,0,211,64,1,1450.786,-12.1609,0.4844
CSV,CT,5,0,212,64,1,1457.615,-12.1798,0.4844
CSV,CT,5,0,213,64,1,1464.442,-12.2001,0.4844
CSV,CT,5,0,214,64,1,1471.287,-12.2467,0.4805
CSV,CT,5,0,215,64,1,1478.115,-12.0182,0.4883
CSV,CT,5,0,216,64,1,1484.946,-12.1681,0.4805
CSV,CT,5,0,217,64,1,1491.808,-12.1262,0.4844
CSV,CT,5,0,218,64,1,1498.655,-12.2069,0.4805
CSV,CT,5,0,219,64,1,1505.509,-12.3724,0.4766
CSV,CT,5,0,220,64,1,1512.345,-12.3751,0.4766
CSV,CT,5,0,221,64,1,1519.182,-12.3787,0.4727
CSV,CT,5,0,222,64,1,1526.041,-12.1997,0.4766
CSV,CT,5,0,223,64,1,1532.895,-12.0655,0.4766
CSV,CT,5,0,224,64,1,1539.719,-11.8839,0.4844
CSV,CT,5,0,225,64,1,1546.549,-12.0767,0.4766
CSV,CT,5,0,226,64,1,1553.402,-11.9595,0.4805
CSV,CT,5,0,227,64,1,1560.228,-12.0270,0.4805
CSV,CT,5,0,228,64,1,1567.069,-11.9060,0.4844
CSV,CT,5,0,229,64,1,1573.925,-11.7973,0.4844
CSV,CT,5,0,230,64,1,1580.777,-11.8775,0.4844
CSV,CT,5,0,231,64,1,1587.607,-11.9499,0.4844
CSV,CT,5,0,232,64,1,1594.436,-11.6856,0.4883
CSV,CT,5,0,233,64,1,1601.288,-11.7132,0.4883
CSV,CT,5,0,234,64,1,1608.133,-11.4706,0.4961
CSV,CT,5,0,235,64,1,1614.965,-11.6373,0.4961
CSV,CT,5,0,236,64,1,1621.808,-11.9912,0.4883
CSV,CT,5,0,237,64,1,1628.654,-12.2037,0.4844
CSV,CT,5,0,238,64,1,1635.502,-12.2513,0.4805
CSV,CT,5,0,239,64,1,1642.334,-12.2939,0.4805
CSV,CT,5,0,240,64,1,1649.176,-12.3628,0.4766
CSV,CT,5,0,241,64,1,1656.026,-12.3370,0.4727
CSV,CT,5,0,242,64,1,1662.845,-12.3425,0.4727
CSV,CT,5,0,243,64,1,1669.697,-12.2572,0.4727
CSV,CT,5,0,244,64,1,1676.550,-11.9674,0.4805
CSV,CT,5,0,245,64,1,1683.400,-11.8257,0.4844
CSV,CT,5,0,246,64,1,1690.227,-11.6923,0.4883
CSV,CT,5,0,247,64,1,1697.074,-11.5104,0.4922
CSV,CT,5,0,248,64,1,1703.931,-11.4346,0.4961
CSV,CT,5,0,249,64,1,1710.780,-11.3942,0.4961
CSV,CT,5,0,250,64,1,1717.608,-11.3574,0.5039
CSV,CT,5,0,251,64,1,1724.436,-11.3227,0.5039
CSV,CT,5,0,252,64,1,1731.288,-11.4041,0.5039
CSV,CT,5,0,253,64,1,1738.132,-11.2739,0.5117
CSV,CT,5,0,254,64,1,1744.965,-11.5146,0.5078
CSV,CT,5,0,255,64,1,1751.801,-11.7078,0.5039
CSV,CT,5,0,256,64,1,1758.654,-11.7320,0.5039
CSV,CT,5,0,257,64,1,1765.513,-11.4278,0.5117
CSV,CT,5,0,258,64,1,1772.345,-11.6264,0.5117
CSV,CT,5,0,259,64,1,1779.177,-11.7498,0.5078
CSV,CT,5,0,260,64,1,1786.037,-11.8049,0.5078
CSV,CT,5,0,261,64,1,1792.888,-11.8832,0.5078
CSV,CT,5,0,262,64,1,1799.708,-11.7771,0.5078
CSV,CT,5,0,263,64,1,1806.554,-11.8270,0.5078
CSV,CT,5,0,264,64,1,1813.401,-12.0546,0.5039
CSV,CT,5,0,265,64,1,1820.227,-12.0856,0.5039
CSV,CT,5,0,266,64,1,1827.067,-11.9039,0.5078
CSV,CT,5,0,267,64,1,1833.921,-12.0647,0.5039
CSV,CT,5,0,268,64,1,1840.779,-12.0086,0.5039
CSV,CT,5,0,269,64,1,1847.617,-12.3122,0.5000
CSV,CT,5,0,270,64,1,1854.436,-12.1716,0.5000
CSV,CT,5,0,271,64,1,1861.287,-12.1009,0.5000
CSV,CT,5,0,272,64,1,1868.134,-11.8867,0.5039
CSV,CT,5,0,273,64,1,1874.965,-12.0179,0.5039
CSV,CT,5,0,274,64,1,1881.806,-12.3781,0.4961
CSV,CT,5,0,275,64,1,1888.654,-12.5593,0.4883
CSV,CT,5,0,276,64,1,1895.510,-12.0990,0.4961
CSV,CT,5,0,277,64,1,1902.344,-12.0045,0.5000
CSV,CT,5,0,278,64,1,1909.176,-12.1598,0.4961
CSV,CT,5,0,279,64,1,1916.028,-12.1802,0.4961
CSV,CT,5,0,280,64,1,1922.840,-12.2908,0.4922
CSV,CT,5,0,281,64,1,1929.694,-11.9133,0.5000
CSV,CT,5,0,282,64,1,1936.541,-12.0445,0.4961
CSV,CT,5,0,283,64,1,1943.395,-11.9854,0.4961
CSV,CT,5,0,284,64,1,1950.217,-12.2300,0.4922
CSV,CT,5,0,285,64,1,1957.065,-12.1280,0.4961
CSV,CT,5,0,286,64,1,1963.925,-12.2699,0.4922
CSV,CT,5,0,287,64,1,1970.782,-12.1927,0.4922
CSV,CT,5,0,288,64,1,1977.615,-12.2723,0.4883
CSV,CT,5,0,289,64,1,1984.445,-12.2847,0.4883
CSV,CT,5,0,290,64,1,1991.290,-12.2356,0.4883
CSV,CT,5,0,291,64,1,1998.150,-12.0673,0.4883
CSV,CT,5,0,292,64,1,2005.003,-11.8869,0.4961
CSV,CT,5,0,293,64,1,2011.824,-11.9335,0.4961
CSV,CT,5,0,294,64,1,2018.674,-12.0322,0.4922
CSV,CT,5,0,295,64,1,2025.537,-12.2745,0.4844
CSV,CT,5,0,296,64,1,2032.390,-12.1367,0.4883
CSV,CT,5,0,297,64,1,2039.209,-12.0679,0.4883
CSV,CT,5,0,298,64,1,2046.053,-11.9160,0.4922
CSV,CT,5,0,299,64,1,2052.913,-11.8673,0.4922
CSV,CT,5,0,300,64,1,2059.760,-11.8515,0.4961
CSV,CT,5,0,301,64,1,2066.593,-11.6608,0.5000
CSV,CT,5,0,302,64,1,2073.436,-11.8695,0.4961
CSV,CT,5,0,303,64,1,2080.284,-11.7929,0.5000
CSV,CT,5,0,304,64,1,2087.107,-11.9937,0.4961
CSV,CT,5,0,305,64,1,2093.937,-12.0261,0.4961
CSV,CT,5,0,306,64,1,2100.798,-11.9078,0.4961
CSV,CT,5,0,307,64,1,2107.655,-12.0674,0.4922
CSV,CT,5,0,308,64,1,2114.515,-12.1230,0.4922
CSV,CT,5,0,309,64,1,2121.345,-12.1183,0.4922
CSV,CT,5,0,310,64,1,2128.179,-12.2315,0.4883
CSV,CT,5,0,311,64,1,2135.038,-12.0655,0.4922
CSV,CT,5,0,312,64,1,2141.891,-12.0943,0.4922
CSV,CT,5,0,313,64,1,2148.714,-12.1807,0.4883
CSV,CT,5,0,314,64,1,2155.552,-12.3511,0.4844
CSV,CT,5,0,315,64,1,2162.403,-12.2999,0.4844
CSV,CT,5,0,316,64,1,2169.241,-12.3416,0.4805
CSV,CT,5,0,317,64,1,2176.076,-12.4977,0.4766
CSV,CT,5,0,318,64,1,2182.924,-12.6700,0.4727
CSV,CT,5,0,319,64,1,2189.782,-12.7699,0.4688
CSV,CT,5,0,320,64,1,2196.622,-12.6225,0.4688
CSV,CT,5,0,321,64,1,2203.450,-12.5471,0.4648
CSV,CT,5,0,322,64,1,2210.298,-12.6250,0.4609
CSV,CT,5,0,323,64,1,2217.154,-12.4289,0.4648
CSV,CT,5,0,324,64,1,2224.007,-12.3668,0.4648
CSV,CT,5,0,325,64,1,2230.827,-12.4001,0.4648
CSV,CT,5,0,326,64,1,2237.674,-12.3414,0.4609
CSV,CT,5,0,327,64,1,2244.539,-12.3783,0.4609
CSV,CT,5,0,328,64,1,2251.392,-12.2024,0.4648
CSV,CT,5,0,329,64,1,2258.217,-11.9782,0.4688
CSV,CT,5,0,330,64,1,2265.056,-11.8924,0.4688
CSV,CT,5,0,331,64,1,2271.920,-11.7240,0.4766
CSV,CT,5,0,332,64,1,2278.772,-11.6902,0.4766
CSV,CT,5,0,333,64,1,2285.605,-11.8994,0.4727
CSV,CT,5,0,334,64,1,2292.439,-11.6408,0.4805
CSV,CT,5,0,335,64,1,2299.287,-11.7617,0.4805
CSV,CT,5,0,336,64,1,2306.136,-11.6047,0.4805
CSV,CT,5,0,337,64,1,2312.960,-11.6095,0.4844
CSV,CT,5,0,338,64,1,2319.804,-11.7329,0.4805
CSV,CT,5,0,339,64,1,2326.652,-11.8459,0.4805
CSV,CT,5,0,340,64,1,2333.495,-11.7405,0.4844
CSV,CT,5,0,341,64,1,2340.331,-11.7039,0.4844
CSV,CT,5,0,342,64,1,2347.178,-11.6112,0.4883
CSV,CT,5,0,343,64,1,2354.038,-11.5554,0.4922
CSV,CT,5,0,344,64,1,2360.882,-11.6836,0.4883
CSV,CT,5,0,345,64,1,2367.707,-11.7724,0.4883
CSV,CT,5,0,346,64,1,2374.550,-11.5535,0.4961
CSV,CT,5,0,347,64,1,2381.403,-11.4741,0.5000
CSV,CT,5,0,348,64,1,2388.229,-11.3679,0.5039
CSV,CT,5,0,349,64,1,2395.068,-11.3613,0.5039
CSV,CT,5,0,350,64,1,2401.921,-11.3844,0.5078
CSV,CT,5,0,351,64,1,2408.779,-11.4358,0.5078
CSV,CT,5,0,352,64,1,2415.611,-11.3659,0.5117
CSV,CT,5,0,353,64,1,2422.439,-11.2564,0.5156
CSV,CT,5,0,354,64,1,2429.287,-11.5874,0.5078
CSV,CT,5,0,355,64,1,2436.139,-11.4852,0.5117
CSV,CT,5,0,356,64,1,2442.970,-11.2923,0.5195
CSV,CT,5,0,357,64,1,2449.815,-11.4417,0.5195
CSV,CT,5,0,358,64,1,2456.665,-11.4890,0.5195
CSV,CT,5,0,359,64,1,2463.519,-11.4120,0.5234
CSV,CT,5,0,360,64,1,2470.351,-11.3445,0.5273
CSV,CT,5,0,361,64,1,2477.178,-11.6398,0.5234
CSV,CT,5,0,362,64,1,2484.038,-11.6429,0.5234
CSV,CT,5,0,363,64,1,2490.886,-11.8831,0.5195
CSV,CT,5,0,364,64,1,2497.708,-11.8675,0.5195
CSV,CT,5,0,365,64,1,2504.551,-11.7877,0.5234
CSV,CT,5,0,366,64,1,2511.401,-11.7175,0.5234
CSV,CT,5,0,367,64,1,2518.238,-11.9828,0.5195
CSV,CT,5,0,368,64,1,2525.075,-11.9878,0.5195
CSV,CT,5,0,369,64,1,2531.931,-11.9640,0.5195
CSV,CT,5,0,370,64,1,2538.789,-11.8784,0.5195
CSV,CT,5,0,371,64,1,2545.621,-11.9215,0.5195
CSV,CT,5,0,372,64,1,2552.453,-11.8429,0.5234
CSV,CT,5,0,373,64,1,2559.298,-11.8293,0.5234
CSV,CT,5,0,374,64,1,2566.152,-12.0552,0.5195
CSV,CT,5,0,375,64,1,2573.002,-12.1149,0.5195
CSV,CT,5,0,376,64,1,2579.820,-12.0186,0.5195
CSV,CT,5,0,377,64,1,2586.680,-12.0805,0.5195
CSV,CT,5,0,378,64,1,2593.526,-12.1699,0.5156
CSV,CT,5,0,379,64,1,2600.378,-12.0977,0.5156
CSV,CT,5,0,380,64,1,2607.192,-11.9102,0.5195
CSV,CT,5,0,381,64,1,2614.049,-11.9507,0.5195
CSV,CT,5,0,382,64,1,2620.914,-11.8973,0.5234
CSV,CT,5,0,383,64,1,2627.761,-12.1475,0.5156
CSV,CT,5,0,384,64,1,2634.592,-12.2910,0.5117
CSV,CT,5,0,385,64,1,2641.435,-12.4512,0.5078
CSV,CT,5,0,386,64,1,2648.280,-12.5048,0.5039
CSV,CT,5,0,387,64,1,2655.117,-12.6190,0.5000
CSV,CT,5,0,388,64,1,2661.951,-12.3920,0.5039
CSV,CT,5,0,389,64,1,2668.799,-12.2437,0.5039
CSV,CT,5,0,390,64,1,2675.654,-12.2264,0.5078
CSV,CT,5,0,391,64,1,2682.519,-11.8217,0.5156
CSV,CT,5,0,392,64,1,2689.349,-11.7804,0.5156
CSV,CT,5,0,393,64,1,2696.181,-11.9813,0.5117
CSV,CT,5,0,394,64,1,2703.038,-11.9270,0.5117
CSV,CT,5,0,395,64,1,2709.885,-12.1677,0.5078
CSV,CT,5,0,396,64,1,2716.706,-12.3350,0.5000
CSV,CT,5,0,397,64,1,2723.552,-12.0699,0.5078
CSV,CT,5,0,398,64,1,2730.400,-11.8901,0.5117
CSV,CT,5,0,399,64,1,2737.227,-11.9020,0.5117
CSV,CT,5,0,400,64,1,2744.075,-11.7346,0.5156
CSV,CT,5,0,401,64,1,2750.927,-11.9385,0.5117
CSV,CT,5,0,402,64,1,2757.787,-12.2962,0.5039
CSV,CT,5,0,403,64,1,2764.622,-12.1569,0.5039
CSV,CT,5,0,404,64,1,2771.451,-12.2067,0.5039
CSV,CT,5,0,405,64,1,2778.296,-12.1343,0.5078
CSV,CT,5,0,406,64,1,2785.152,-12.0063,0.5078
CSV,CT,5,0,407,64,1,2792.009,-12.0716,0.5078
CSV,CT,5,0,408,64,1,2798.829,-12.0996,0.5078
CSV,CT,5,0,409,64,1,2805.679,-11.9730,0.5078
CSV,CT,5,0,410,64,1,2812.530,-12.0071,0.5078
CSV,CT,5,0,411,64,1,2819.378,-11.9195,0.5117
CSV,CT,5,0,412,64,1,2826.200,-12.0650,0.5078
CSV,CT,5,0,413,64,1,2833.050,-12.0374,0.5078
CSV,CT,5,0,414,64,1,2839.919,-11.9294,0.5117
CSV,CT,5,0,415,64,1,2846.779,-12.1162,0.5078
CSV,CT,5,0,416,64,1,2853.612,-11.9601,0.5078
CSV,CT,5,0,417,64,1,2860.445,-11.9996,0.5078
CSV,CT,5,0,418,64,1,2867.290,-12.0052,0.5078
CSV,CT,5,0,419,64,1,2874.144,-11.9792,0.5078
CSV,CT,5,0,420,64,1,2880.976,-12.1646,0.5039
CSV,CT,5,0,421,64,1,2887.814,-12.3029,0.5000
CSV,CT,5,0,422,64,1,2894.663,-12.2221,0.5000
CSV,CT,5,0,423,64,1,2901.518,-12.0273,0.5039
CSV,CT,5,0,424,64,1,2908.351,-11.9552,0.5039
CSV,CT,5,0,425,64,1,2915.184,-11.9903,0.5039
CSV,CT,5,0,426,64,1,2922.043,-12.0864,0.5039
CSV,CT,5,0,427,64,1,2928.896,-11.9653,0.5039
CSV,CT,5,0,428,64,1,2935.718,-11.7915,0.5078
CSV,CT,5,0,429,64,1,2942.555,-12.2002,0.5000
CSV,CT,5,0,430,64,1,2949.425,-12.1555,0.5000
CSV,CT,5,0,431,64,1,2956.248,-12.2046,0.5000
CSV,CT,5,0,432,64,1,2963.075,-12.3110,0.4961
CSV,CT,5,0,433,64,1,2969.925,-12.2603,0.4961
CSV,CT,5,0,434,64,1,2976.786,-12.4547,0.4922
CSV,CT,5,0,435,64,1,2983.622,-12.2146,0.4961
CSV,CT,5,0,436,64,1,2990.451,-12.0202,0.5000
CSV,CT,5,0,437,64,1,2997.299,-11.8347,0.5039
CSV,CT,5,0,438,64,1,3004.155,-11.8804,0.5039
CSV,CT,5,0,439,64,1,3011.008,-11.9241,0.5039
CSV,CT,5,0,440,64,1,3017.822,-11.5996,0.5117
CSV,CT,5,0,441,64,1,3024.673,-11.7553,0.5078
CSV,CT,5,0,442,64,1,3031.528,-11.6271,0.5117
CSV,CT,5,0,443,64,1,3038.364,-11.7797,0.5078
CSV,CT,5,0,444,64,1,3045.192,-11.8001,0.5078
CSV,CT,5,0,445,64,1,3052.050,-11.7612,0.5117
CSV,CT,5,0,446,64,1,3058.919,-11.6343,0.5156
CSV,CT,5,0,447,64,1,3065.772,-11.6680,0.5156
CSV,CT,5,0,448,64,1,3072.608,-11.8776,0.5117
CSV,CT,5,0,449,64,1,3079.442,-11.8617,0.5117
CSV,CT,5,0,450,64,1,3086.288,-11.7261,0.5156
CSV,CT,5,0,451,64,1,3093.144,-11.8706,0.5117
CSV,CT,5,0,452,64,1,3099.983,-11.9138,0.5117
CSV,CT,5,0,453,64,1,3106.818,-11.9517,0.5156
CSV,CT,5,0,454,64,1,3113.684,-11.9593,0.5117
CSV,CT,5,0,455,64,1,3120.531,-12.1437,0.5078
CSV,CT,5,0,456,64,1,3127.382,-12.0757,0.5078
CSV,CT,5,0,457,64,1,3134.194,-11.9561,0.5117
CSV,CT,5,0,458,64,1,3141.053,-11.8438,0.5156
CSV,CT,5,0,459,64,1,3147.916,-11.9822,0.5117
CSV,CT,5,0,460,64,1,3154.758,-11.9572,0.5117
CSV,CT,5,0,461,64,1,3161.596,-11.9958,0.5117
CSV,CT,5,0,462,64,1,3168.437,-12.1190,0.5078
CSV,CT,5,0,463,64,1,3175.284,-12.2006,0.5078
CSV,CT,5,0,464,64,1,3182.106,-12.3981,0.5000
CSV,CT,5,0,465,64,1,3188.938,-12.2784,0.5039
CSV,CT,5,0,466,64,1,3195.799,-12.2585,0.5000
CSV,CT,5,0,467,64,1,3202.655,-12.0008,0.5078
CSV,CT,5,0,468,64,1,3209.513,-11.7333,0.5156
CSV,CT,5,0,469,64,1,3216.345,-11.6980,0.5156
CSV,CT,5,0,470,64,1,3223.185,-11.7576,0.5156
CSV,CT,5,0,471,64,1,3230.038,-11.9573,0.5117
CSV,CT,5,0,472,64,1,3236.885,-12.1726,0.5078
CSV,CT,5,0,473,64,1,3243.711,-11.9244,0.5117
CSV,CT,5,0,474,64,1,3250.553,-11.7860,0.5156
CSV,CT,5,0,475,64,1,3257.401,-11.8378,0.5156
CSV,CT,5,0,476,64,1,3264.228,-11.7635,0.5195
CSV,CT,5,0,477,64,1,3271.076,-11.6051,0.5195
CSV,CT,5,0,478,64,1,3277.925,-11.8490,0.5195
CSV,CT,5,0,479,64,1,3284.779,-12.0732,0.5117
CSV,CT,5,0,480,64,1,3291.615,-12.0701,0.5117
CSV,CT,5,0,481,64,1,3298.440,-12.0999,0.5117
CSV,CT,5,0,482,64,1,3305.288,-11.9750,0.5117
CSV,CT,5,0,483,64,1,3312.132,-11.7710,0.5195
CSV,CT,5,0,484,64,1,3318.960,-11.9544,0.5156
CSV,CT,5,0,485,64,1,3325.807,-12.1430,0.5078
CSV,CT,5,0,486,64,1,3332.653,-12.2242,0.5078
CSV,CT,5,0,487,64,1,3339.500,-12.0337,0.5117
CSV,CT,5,0,488,64,1,3346.337,-12.1559,0.5078
CSV,CT,5,0,489,64,1,3353.178,-12.2985,0.5039
CSV,CT,5,0,490,64,1,3360.038,-12.2170,0.5078
CSV,CT,5,0,491,64,1,3366.892,-12.0532,0.5078
CSV,CT,5,0,492,64,1,3373.718,-12.2905,0.5039
CSV,CT,5,0,493,64,1,3380.555,-12.6313,0.4922
CSV,CT,5,0,494,64,1,3387.399,-12.4053,0.5000
CSV,CT,5,0,495,64,1,3394.230,-12.3134,0.5000
CSV,CT,5,0,496,64,1,3401.069,-12.0828,0.5039
CSV,CT,5,0,497,64,1,3407.924,-12.1698,0.5000
CSV,CT,5,0,498,64,1,3414.781,-12.1525,0.5000
CSV,CT,5,0,499,64,1,3421.615,-12.2032,0.5000
CSV,C,5,1,50.0,0.075,1051,3142,0.496,0.031,0.15,6798879.00,6829193.50,6855104.00,6853666.5,64,6839.8,1
CSV,CT,5,1,500,64,1
CSV,CT,5,1,0,64,1,6.859,-0.0000,0.3281
CSV,CT,5,1,1,64,1,13.701,-0.7858,0.3516
CSV,CT,5,1,2,64,1,20.519,-1.4150,0.3750
CSV,CT,5,1,3,64,1,27.355,-2.0547,0.3984
CSV,CT,5,1,4,64,1,34.192,-2.6440,0.4180
CSV,CT,5,1,5,64,1,41.004,-3.3048,0.4336
CSV,CT,5,1,6,64,1,47.842,-3.6438,0.4531
CSV,CT,5,1,7,64,1,54.650,-4.3744,0.4648
CSV,CT,5,1,8,64,1,61.491,-4.9274,0.4805
CSV,CT,5,1,9,64,1,68.347,-5.4970,0.4883
CSV,CT,5,1,10,64,1,75.186,-5.9607,0.5000
CSV,CT,5,1,11,64,1,82.001,-6.4755,0.5117
CSV,CT,5,1,12,64,1,88.839,-6.7420,0.5234
CSV,CT,5,1,13,64,1,95.650,-7.4040,0.5234
CSV,CT,5,1,14,64,1,102.490,-7.8642,0.5312
CSV,CT,5,1,15,64,1,109.340,-8.2859,0.5352
CSV,CT,5,1,16,64,1,116.159,-8.7976,0.5352
CSV,CT,5,1,17,64,1,122.992,-9.0885,0.5391
CSV,CT,5,1,18,64,1,129.834,-9.3559,0.5430
CSV,CT,5,1,19,64,1,136.647,-9.6635,0.5430
CSV,CT,5,1,20,64,1,143.487,-10.0640,0.5430
CSV,CT,5,1,21,64,1,150.335,-10.4626,0.5391
CSV,CT,5,1,22,64,1,157.154,-10.5579,0.5430
CSV,CT,5,1,23,64,1,163.986,-10.7994,0.5430
CSV,CT,5,1,24,64,1,170.807,-11.1403,0.5391
CSV,CT,5,1,25,64,1,177.629,-11.3913,0.5352
CSV,CT,5,1,26,64,1,184.457,-11.3853,0.5391
CSV,CT,5,1,27,64,1,191.277,-11.4628,0.5391
CSV,CT,5,1,28,64,1,198.114,-11.5710,0.5391
CSV,CT,5,1,29,64,1,204.962,-11.5204,0.5391
CSV,CT,5,1,30,64,1,211.779,-11.5931,0.5391
CSV,CT,5,1,31,64,1,218.617,-11.6609,0.5391
CSV,CT,5,1,32,64,1,225.430,-11.8696,0.5352
CSV,CT,5,1,33,64,1,232.263,-11.8222,0.5391
CSV,CT,5,1,34,64,1,239.114,-11.8381,0.5391
CSV,CT,5,1,35,64,1,245.958,-12.1842,0.5312
CSV,CT,5,1,36,64,1,252.779,-12.3814,0.5273
CSV,CT,5,1,37,64,1,259.619,-12.2652,0.5273
CSV,CT,5,1,38,64,1,266.431,-12.1871,0.5273
CSV,CT,5,1,39,64,1,273.258,-12.0243,0.5312
CSV,CT,5,1,40,64,1,280.102,-12.0259,0.5312
CSV,CT,5,1,41,64,1,286.925,-12.0878,0.5273
CSV,CT,5,1,42,64,1,293.738,-12.2929,0.5234
CSV,CT,5,1,43,64,1,300.574,-12.5448,0.5156
CSV,CT,5,1,44,64,1,307.383,-12.5342,0.5156
CSV,CT,5,1,45,64,1,314.237,-12.3173,0.5195
CSV,CT,5,1,46,64,1,321.079,-12.3568,0.5156
CSV,CT,5,1,47,64,1,327.891,-12.4277,0.5117
CSV,CT,5,1,48,64,1,334.728,-12.5762,0.5078
CSV,CT,5,1,49,64,1,341.574,-12.6840,0.5039
CSV,CT,5,1,50,64,1,348.380,-12.6016,0.5039
CSV,CT,5,1,51,64,1,355.222,-12.4067,0.5078
CSV,CT,5,1,52,64,1,362.031,-12.7063,0.4961
CSV,CT,5,1,53,64,1,368.872,-12.5039,0.5000
CSV,CT,5,1,54,64,1,375.712,-12.3178,0.5039
CSV,CT,5,1,55,64,1,382.530,-12.4745,0.5000
CSV,CT,5,1,56,64,1,389.360,-12.6492,0.4922
CSV,CT,5,1,57,64,1,396.195,-12.6297,0.4922
CSV,CT,5,1,58,64,1,403.000,-12.8223,0.4844
CSV,CT,5,1,59,64,1,409.837,-12.7298,0.4844
CSV,CT,5,1,60,64,1,416.647,-12.5531,0.4844
CSV,CT,5,1,61,64,1,423.486,-12.5411,0.4844
CSV,CT,5,1,62,64,1,430.335,-12.6186,0.4805
CSV,CT,5,1,63,64,1,437.149,-12.4546,0.4805
CSV,CT,5,1,64,64,1,443.992,-12.3591,0.4805
CSV,CT,5,1,65,64,1,450.836,-12.4521,0.4766
CSV,CT,5,1,66,64,1,457.647,-12.5683,0.4727
CSV,CT,5,1,67,64,1,464.480,-12.4342,0.4727
CSV,CT,5,1,68,64,1,471.303,-12.1042,0.4805
CSV,CT,5,1,69,64,1,478.121,-12.0707,0.4805
CSV,CT,5,1,70,64,1,484.969,-12.1575,0.4805
CSV,CT,5,1,71,64,1,491.790,-11.9396,0.4844
CSV,CT,5,1,72,64,1,498.619,-11.8050,0.4883
CSV,CT,5,1,73,64,1,505.432,-11.6172,0.4922
CSV,CT,5,1,74,64,1,512.258,-11.6806,0.4922
CSV,CT,5,1,75,64,1,519.103,-11.7699,0.4883
CSV,CT,5,1,76,64,1,525.931,-11.7333,0.4922
CSV,CT,5,1,77,64,1,532.745,-11.4900,0.5000
CSV,CT,5,1,78,64,1,539.585,-11.5035,0.5000
CSV,CT,5,1,79,64,1,546.394,-11.5457,0.5000
CSV,CT,5,1,80,64,1,553.234,-11.5558,0.5039
CSV,CT,5,1,81,64,1,560.071,-11.4457,0.5078
CSV,CT,5,1,82,64,1,566.891,-11.2828,0.5117
CSV,CT,5,1,83,64,1,573.726,-11.4931,0.5078
CSV,CT,5,1,84,64,1,580.561,-11.5376,0.5117
CSV,CT,5,1,85,64,1,587.374,-11.4535,0.5156
CSV,CT,5,1,86,64,1,594.214,-11.5920,0.5117
CSV,CT,5,1,87,64,1,601.016,-11.7519,0.5117
CSV,CT,5,1,88,64,1,607.859,-11.8634,0.5078
CSV,CT,5,1,89,64,1,614.703,-11.6975,0.5117
CSV,CT,5,1,90,64,1,621.520,-11.7252,0.5117
CSV,CT,5,1,91,64,1,628.360,-11.6625,0.5156
CSV,CT,5,1,92,64,1,635.195,-11.7818,0.5117
CSV,CT,5,1,93,64,1,642.001,-11.9220,0.5117
CSV,CT,5,1,94,64,1,648.847,-11.7213,0.5156
CSV,CT,5,1,95,64,1,655.678,-11.9585,0.5117
CSV,CT,5,1,96,64,1,662.515,-11.9355,0.5117
CSV,CT,5,1,97,64,1,669.360,-12.1833,0.5078
CSV,CT,5,1,98,64,1,676.196,-12.2910,0.5039
CSV,CT,5,1,99,64,1,683.005,-12.2706,0.5039
CSV,CT,5,1,100,64,1,689.846,-12.1336,0.5078
CSV,CT,5,1,101,64,1,696.679,-12.3632,0.5000
CSV,CT,5,1,102,64,1,703.518,-12.5171,0.4922
CSV,CT,5,1,103,64,1,710.362,-12.7179,0.4883
CSV,CT,5,1,104,64,1,717.208,-12.5147,0.4922
CSV,CT,5,1,105,64,1,724.020,-12.4919,0.4883
CSV,CT,5,1,106,64,1,730.866,-12.2744,0.4922
CSV,CT,5,1,107,64,1,737.705,-11.9306,0.5000
CSV,CT,5,1,108,64,1,744.524,-11.9083,0.5000
CSV,CT,5,1,109,64,1,751.361,-12.1884,0.4961
CSV,CT,5,1,110,64,1,758.192,-12.2376,0.4922
CSV,CT,5,1,111,64,1,765.002,-12.1314,0.4961
CSV,CT,5,1,112,64,1,771.837,-11.9442,0.5000
CSV,CT,5,1,113,64,1,778.647,-11.9506,0.5000
CSV,CT,5,1,114,64,1,785.481,-12.0181,0.4961
CSV,CT,5,1,115,64,1,792.310,-11.8711,0.5000
CSV,CT,5,1,116,64,1,799.128,-11.9136,0.5000
CSV,CT,5,1,117,64,1,805.970,-11.8359,0.5039
CSV,CT,5,1,118,64,1,812.789,-11.9717,0.5000
CSV,CT,5,1,119,64,1,819.621,-12.2150,0.4922
CSV,CT,5,1,120,64,1,826.429,-12.2294,0.4922
CSV,CT,5,1,121,64,1,833.258,-12.2464,0.4922
CSV,CT,5,1,122,64,1,840.104,-12.2364,0.4883
CSV,CT,5,1,123,64,1,846.927,-12.0740,0.4922
CSV,CT,5,1,124,64,1,853.738,-12.1622,0.4922
CSV,CT,5,1,125,64,1,860.574,-12.4525,0.4844
CSV,CT,5,1,126,64,1,867.381,-12.4799,0.4805
CSV,CT,5,1,127,64,1,874.226,-12.3848,0.4805
CSV,CT,5,1,128,64,1,881.064,-12.2970,0.4844
CSV,CT,5,1,129,64,1,887.884,-12.0959,0.4883
CSV,CT,5,1,130,64,1,894.726,-11.7038,0.4961
CSV,CT,5,1,131,64,1,901.566,-11.8522,0.4922
CSV,CT,5,1,132,64,1,908.392,-11.8060,0.4961
CSV,CT,5,1,133,64,1,915.221,-11.9755,0.4922
CSV,CT,5,1,134,64,1,922.029,-11.8612,0.4922
CSV,CT,5,1,135,64,1,928.878,-11.9642,0.4922
CSV,CT,5,1,136,64,1,935.712,-11.7243,0.4961
CSV,CT,5,1,137,64,1,942.528,-11.7786,0.4961
CSV,CT,5,1,138,64,1,949.362,-12.0408,0.4922
CSV,CT,5,1,139,64,1,956.206,-11.8301,0.4961
CSV,CT,5,1,140,64,1,963.011,-11.8152,0.4961
CSV,CT,5,1,141,64,1,969.849,-11.8930,0.4961
CSV,CT,5,1,142,64,1,976.698,-11.7968,0.5000
CSV,CT,5,1,143,64,1,983.520,-11.8493,0.5000
CSV,CT,5,1,144,64,1,990.363,-11.7752,0.5000
CSV,CT,5,1,145,64,1,997.205,-11.6486,0.5039
CSV,CT,5,1,146,64,1,1004.010,-11.8921,0.5000
CSV,CT,5,1,147,64,1,1010.844,-11.6345,0.5078
CSV,CT,5,1,148,64,1,1017.678,-11.9961,0.5000
CSV,CT,5,1,149,64,1,1024.515,-11.8807,0.5000
CSV,CT,5,1,150,64,1,1031.360,-11.9569,0.5000
CSV,CT,5,1,151,64,1,1038.193,-12.0857,0.4961
CSV,CT,5,1,152,64,1,1045.005,-12.0238,0.5000
CSV,CT,5,1,153,64,1,1051.851,-12.0282,0.5000
CSV,CT,5,1,154,64,1,1058.696,-11.8494,0.5039
CSV,CT,5,1,155,64,1,1065.518,-11.8081,0.5039
CSV,CT,5,1,156,64,1,1072.359,-11.8253,0.5039
CSV,CT,5,1,157,64,1,1079.191,-11.7807,0.5039
CSV,CT,5,1,158,64,1,1086.002,-11.7695,0.5039
CSV,CT,5,1,159,64,1,1092.837,-11.5235,0.5117
CSV,CT,5,1,160,64,1,1099.649,-11.6535,0.5117
CSV,CT,5,1,161,64,1,1106.492,-11.6848,0.5117
CSV,CT,5,1,162,64,1,1113.340,-11.6496,0.5156
CSV,CT,5,1,163,64,1,1120.168,-11.6815,0.5117
CSV,CT,5,1,164,64,1,1126.997,-11.8308,0.5117
CSV,CT,5,1,165,64,1,1133.837,-11.8189,0.5117
CSV,CT,5,1,166,64,1,1140.651,-11.8908,0.5117
CSV,CT,5,1,167,64,1,1147.490,-12.0807,0.5078
CSV,CT,5,1,168,64,1,1154.333,-12.0159,0.5078
CSV,CT,5,1,169,64,1,1161.157,-11.8388,0.5117
CSV,CT,5,1,170,64,1,1167.992,-11.7949,0.5156
CSV,CT,5,1,171,64,1,1174.836,-11.8752,0.5117
CSV,CT,5,1,172,64,1,1181.649,-12.1271,0.5078
CSV,CT,5,1,173,64,1,1188.485,-12.3612,0.5000
CSV,CT,5,1,174,64,1,1195.335,-12.1883,0.5039
CSV,CT,5,1,175,64,1,1202.150,-12.0255,0.5078
CSV,CT,5,1,176,64,1,1208.984,-12.1757,0.5039
CSV,CT,5,1,177,64,1,1215.802,-11.9556,0.5078
CSV,CT,5,1,178,64,1,1222.620,-11.7547,0.5156
CSV,CT,5,1,179,64,1,1229.432,-11.7455,0.5156
CSV,CT,5,1,180,64,1,1236.258,-11.7081,0.5156
CSV,CT,5,1,181,64,1,1243.102,-11.9465,0.5117
CSV,CT,5,1,182,64,1,1249.922,-11.8649,0.5117
CSV,CT,5,1,183,64,1,1256.738,-11.9092,0.5117
CSV,CT,5,1,184,64,1,1263.582,-11.9188,0.5117
CSV,CT,5,1,185,64,1,1270.398,-11.9608,0.5117
CSV,CT,5,1,186,64,1,1277.237,-11.9678,0.5117
CSV,CT,5,1,187,64,1,1284.084,-11.8856,0.5156
CSV,CT,5,1,188,64,1,1290.895,-12.0777,0.5078
CSV,CT,5,1,189,64,1,1297.733,-11.8640,0.5156
CSV,CT,5,1,190,64,1,1304.564,-11.9383,0.5156
CSV,CT,5,1,191,64,1,1311.375,-11.7392,0.5195
CSV,CT,5,1,192,64,1,1318.220,-11.6455,0.5234
CSV,CT,5,1,193,64,1,1325.021,-11.7953,0.5195
CSV,CT,5,1,194,64,1,1331.859,-11.6949,0.5234
CSV,CT,5,1,195,64,1,1338.693,-11.7811,0.5195
CSV,CT,5,1,196,64,1,1345.519,-11.9197,0.5195
CSV,CT,5,1,197,64,1,1352.360,-12.0810,0.5156
CSV,CT,5,1,198,64,1,1359.197,-12.1673,0.5117
CSV,CT,5,1,199,64,1,1366.003,-12.1585,0.5117
CSV,CT,5,1,200,64,1,1372.848,-12.1488,0.5117
CSV,CT,5,1,201,64,1,1379.702,-11.8433,0.5195
CSV,CT,5,1,202,64,1,1386.520,-11.7898,0.5195
CSV,CT,5,1,203,64,1,1393.362,-11.8994,0.5195
CSV,CT,5,1,204,64,1,1400.208,-11.7615,0.5234
CSV,CT,5,1,205,64,1,1407.024,-11.6647,0.5273
CSV,CT,5,1,206,64,1,1413.866,-11.5439,0.5312
CSV,CT,5,1,207,64,1,1420.713,-11.3146,0.5352
CSV,CT,5,1,208,64,1,1427.529,-11.4620,0.5352
CSV,CT,5,1,209,64,1,1434.358,-11.8996,0.5273
CSV,CT,5,1,210,64,1,1441.190,-11.9704,0.5234
CSV,CT,5,1,211,64,1,1448.003,-12.0964,0.5234
CSV,CT,5,1,212,64,1,1454.833,-12.1835,0.5195
CSV,CT,5,1,213,64,1,1461.648,-12.2624,0.5156
CSV,CT,5,1,214,64,1,1468.489,-12.4537,0.5117
CSV,CT,5,1,215,64,1,1475.337,-12.4946,0.5117
CSV,CT,5,1,216,64,1,1482.159,-12.5467,0.5078
CSV,CT,5,1,217,64,1,1488.989,-12.6262,0.5000
CSV,CT,5,1,218,64,1,1495.835,-12.6088,0.5000
CSV,CT,5,1,219,64,1,1502.647,-12.5924,0.5000
CSV,CT,5,1,220,64,1,1509.480,-12.3695,0.5039
CSV,CT,5,1,221,64,1,1516.314,-12.4068,0.5000
CSV,CT,5,1,222,64,1,1523.128,-12.3489,0.5000
CSV,CT,5,1,223,64,1,1529.982,-12.3843,0.5000
CSV,CT,5,1,224,64,1,1536.805,-12.3562,0.4961
CSV,CT,5,1,225,64,1,1543.628,-12.5412,0.4922
CSV,CT,5,1,226,64,1,1550.435,-12.6796,0.4883
CSV,CT,5,1,227,64,1,1557.258,-12.8669,0.4805
CSV,CT,5,1,228,64,1,1564.103,-12.8342,0.4766
CSV,CT,5,1,229,64,1,1570.944,-12.9210,0.4727
CSV,CT,5,1,230,64,1,1577.767,-12.7610,0.4727
CSV,CT,5,1,231,64,1,1584.609,-12.8228,0.4688
CSV,CT,5,1,232,64,1,1591.423,-12.8506,0.4648
CSV,CT,5,1,233,64,1,1598.249,-12.6644,0.4688
CSV,CT,5,1,234,64,1,1605.096,-12.7949,0.4648
CSV,CT,5,1,235,64,1,1611.902,-12.6446,0.4609
CSV,CT,5,1,236,64,1,1618.731,-12.3571,0.4688
CSV,CT,5,1,237,64,1,1625.570,-12.3595,0.4648
CSV,CT,5,1,238,64,1,1632.383,-12.3624,0.4648
CSV,CT,5,1,239,64,1,1639.236,-12.0994,0.4688
CSV,CT,5,1,240,64,1,1646.077,-11.9455,0.4727
CSV,CT,5,1,241,64,1,1652.892,-11.9824,0.4727
CSV,CT,5,1,242,64,1,1659.733,-11.5949,0.4805
CSV,CT,5,1,243,64,1,1666.574,-11.3912,0.4883
CSV,CT,5,1,244,64,1,1673.380,-11.4741,0.4883
CSV,CT,5,1,245,64,1,1680.234,-11.3985,0.4883
CSV,CT,5,1,246,64,1,1687.073,-11.2086,0.4961
CSV,CT,5,1,247,64,1,1693.892,-11.0977,0.5039
CSV,CT,5,1,248,64,1,1700.732,-11.1126,0.5039
CSV,CT,5,1,249,64,1,1707.574,-11.2476,0.5039
CSV,CT,5,1,250,64,1,1714.393,-11.2797,0.5078
CSV,CT,5,1,251,64,1,1721.233,-11.5205,0.5039
CSV,CT,5,1,252,64,1,1728.067,-11.4416,0.5078
CSV,CT,5,1,253,64,1,1734.883,-11.3133,0.5117
CSV,CT,5,1,254,64,1,1741.720,-11.1310,0.5195
CSV,CT,5,1,255,64,1,1748.541,-11.4128,0.5156
CSV,CT,5,1,256,64,1,1755.359,-11.6416,0.5117
CSV,CT,5,1,257,64,1,1762.193,-11.7631,0.5117
CSV,CT,5,1,258,64,1,1769.000,-11.8476,0.5117
CSV,CT,5,1,259,64,1,1775.849,-11.6832,0.5117
CSV,CT,5,1,260,64,1,1782.685,-11.8041,0.5117
CSV,CT,5,1,261,64,1,1789.519,-11.7657,0.5117
CSV,CT,5,1,262,64,1,1796.362,-11.9358,0.5117
CSV,CT,5,1,263,64,1,1803.208,-11.7954,0.5117
CSV,CT,5,1,264,64,1,1810.011,-12.0238,0.5078
CSV,CT,5,1,265,64,1,1816.850,-12.0844,0.5078
CSV,CT,5,1,266,64,1,1823.692,-12.0127,0.5078
CSV,CT,5,1,267,64,1,1830.515,-11.9849,0.5078
CSV,CT,5,1,268,64,1,1837.362,-12.1089,0.5078
CSV,CT,5,1,269,64,1,1844.207,-12.0146,0.5078
CSV,CT,5,1,270,64,1,1851.019,-11.7794,0.5117
CSV,CT,5,1,271,64,1,1857.856,-11.7098,0.5156
CSV,CT,5,1,272,64,1,1864.697,-11.7051,0.5156
CSV,CT,5,1,273,64,1,1871.518,-11.7616,0.5156
CSV,CT,5,1,274,64,1,1878.361,-11.7854,0.5156
CSV,CT,5,1,275,64,1,1885.197,-11.8955,0.5156
CSV,CT,5,1,276,64,1,1892.003,-11.9660,0.5117
CSV,CT,5,1,277,64,1,1898.851,-11.7931,0.5156
CSV,CT,5,1,278,64,1,1905.697,-11.9616,0.5117
CSV,CT,5,1,279,64,1,1912.515,-11.9670,0.5117
CSV,CT,5,1,280,64,1,1919.362,-12.1842,0.5078
CSV,CT,5,1,281,64,1,1926.207,-12.0544,0.5117
CSV,CT,5,1,282,64,1,1933.015,-11.9949,0.5117
CSV,CT,5,1,283,64,1,1939.854,-12.2384,0.5078
CSV,CT,5,1,284,64,1,1946.694,-12.0167,0.5117
CSV,CT,5,1,285,64,1,1953.516,-12.0485,0.5078
CSV,CT,5,1,286,64,1,1960.362,-12.2577,0.5039
CSV,CT,5,1,287,64,1,1967.199,-12.1218,0.5078
CSV,CT,5,1,288,64,1,1974.014,-12.0534,0.5078
CSV,CT,5,1,289,64,1,1980.855,-12.2313,0.5039
CSV,CT,5,1,290,64,1,1987.702,-12.0661,0.5078
CSV,CT,5,1,291,64,1,1994.518,-12.0637,0.5078
CSV,CT,5,1,292,64,1,2001.354,-12.0608,0.5078
CSV,CT,5,1,293,64,1,2008.193,-12.1194,0.5039
CSV,CT,5,1,294,64,1,2015.001,-11.9326,0.5078
CSV,CT,5,1,295,64,1,2021.847,-11.7904,0.5117
CSV,CT,5,1,296,64,1,2028.679,-11.9584,0.5078
CSV,CT,5,1,297,64,1,2035.515,-11.9646,0.5078
CSV,CT,5,1,298,64,1,2042.359,-12.1800,0.5039
CSV,CT,5,1,299,64,1,2049.196,-12.3482,0.5000
CSV,CT,5,1,300,64,1,2056.009,-12.3819,0.4961
CSV,CT,5,1,301,64,1,2062.852,-12.3540,0.4961
CSV,CT,5,1,302,64,1,2069.696,-12.0888,0.5000
CSV,CT,5,1,303,64,1,2076.517,-11.9643,0.5039
CSV,CT,5,1,304,64,1,2083.363,-11.9140,0.5039
CSV,CT,5,1,305,64,1,2090.209,-11.8055,0.5078
CSV,CT,5,1,306,64,1,2097.013,-11.6742,0.5117
CSV,CT,5,1,307,64,1,2103.850,-11.9445,0.5078
CSV,CT,5,1,308,64,1,2110.698,-11.7735,0.5117
CSV,CT,5,1,309,64,1,2117.517,-11.8289,0.5117
CSV,CT,5,1,310,64,1,2124.360,-11.9069,0.5078
CSV,CT,5,1,311,64,1,2131.198,-11.9789,0.5078
CSV,CT,5,1,312,64,1,2138.001,-12.0150,0.5078
CSV,CT,5,1,313,64,1,2144.837,-11.8663,0.5078
CSV,CT,5,1,314,64,1,2151.648,-11.8534,0.5117
CSV,CT,5,1,315,64,1,2158.491,-11.9884,0.5078
CSV,CT,5,1,316,64,1,2165.335,-11.9910,0.5078
CSV,CT,5,1,317,64,1,2172.151,-11.9037,0.5117
CSV,CT,5,1,318,64,1,2178.984,-11.8250,0.5117
CSV,CT,5,1,319,64,1,2185.804,-11.9038,0.5117
CSV,CT,5,1,320,64,1,2192.629,-12.0365,0.5078
CSV,CT,5,1,321,64,1,2199.455,-11.9166,0.5117
CSV,CT,5,1,322,64,1,2206.280,-12.0159,0.5078
CSV,CT,5,1,323,64,1,2213.117,-11.9579,0.5078
CSV,CT,5,1,324,64,1,2219.964,-12.0262,0.5078
CSV,CT,5,1,325,64,1,2226.784,-11.8768,0.5117
CSV,CT,5,1,326,64,1,2233.619,-11.6497,0.5195
CSV,CT,5,1,327,64,1,2240.430,-11.7393,0.5195
CSV,CT,5,1,328,64,1,2247.252,-11.7635,0.5195
CSV,CT,5,1,329,64,1,2254.102,-11.7264,0.5195
CSV,CT,5,1,330,64,1,2260.923,-11.7812,0.5195
CSV,CT,5,1,331,64,1,2267.738,-11.7430,0.5195
CSV,CT,5,1,332,64,1,2274.573,-11.9785,0.5156
CSV,CT,5,1,333,64,1,2281.393,-11.8631,0.5195
CSV,CT,5,1,334,64,1,2288.237,-11.9092,0.5195
CSV,CT,5,1,335,64,1,2295.083,-11.8902,0.5195
CSV,CT,5,1,336,64,1,2301.890,-11.8121,0.5195
CSV,CT,5,1,337,64,1,2308.731,-12.1622,0.5117
CSV,CT,5,1,338,64,1,2315.564,-12.2703,0.5117
CSV,CT,5,1,339,64,1,2322.372,-12.0760,0.5117
CSV,CT,5,1,340,64,1,2329.221,-11.9847,0.5156
CSV,CT,5,1,341,64,1,2336.030,-12.0183,0.5156
CSV,CT,5,1,342,64,1,2342.868,-12.1089,0.5117
CSV,CT,5,1,343,64,1,2349.716,-12.4332,0.5039
CSV,CT,5,1,344,64,1,2356.532,-12.3121,0.5078
CSV,CT,5,1,345,64,1,2363.359,-12.4680,0.5000
CSV,CT,5,1,346,64,1,2370.191,-12.4044,0.5000
CSV,CT,5,1,347,64,1,2377.001,-12.3447,0.5000
CSV,CT,5,1,348,64,1,2383.848,-12.1102,0.5039
CSV,CT,5,1,349,64,1,2390.704,-11.8679,0.5117
CSV,CT,5,1,350,64,1,2397.525,-11.7606,0.5156
CSV,CT,5,1,351,64,1,2404.362,-11.9331,0.5117
CSV,CT,5,1,352,64,1,2411.208,-11.7638,0.5156
CSV,CT,5,1,353,64,1,2418.018,-11.5476,0.5195
CSV,CT,5,1,354,64,1,2424.855,-11.6485,0.5195
CSV,CT,5,1,355,64,1,2431.696,-11.5333,0.5234
CSV,CT,5,1,356,64,1,2438.515,-11.5130,0.5273
CSV,CT,5,1,357,64,1,2445.358,-11.5896,0.5234
CSV,CT,5,1,358,64,1,2452.194,-11.5660,0.5273
CSV,CT,5,1,359,64,1,2459.003,-11.6380,0.5273
CSV,CT,5,1,360,64,1,2465.848,-11.5827,0.5273
CSV,CT,5,1,361,64,1,2472.703,-11.3504,0.5352
CSV,CT,5,1,362,64,1,2479.526,-11.3471,0.5391
CSV,CT,5,1,363,64,1,2486.361,-11.7333,0.5312
CSV,CT,5,1,364,64,1,2493.208,-11.5802,0.5352
CSV,CT,5,1,365,64,1,2500.019,-11.8258,0.5312
CSV,CT,5,1,366,64,1,2506.868,-11.7824,0.5352
CSV,CT,5,1,367,64,1,2513.710,-12.0069,0.5312
CSV,CT,5,1,368,64,1,2520.524,-12.2517,0.5234
CSV,CT,5,1,369,64,1,2527.363,-12.5355,0.5156
CSV,CT,5,1,370,64,1,2534.197,-12.4653,0.5156
CSV,CT,5,1,371,64,1,2541.003,-12.4922,0.5156
CSV,CT,5,1,372,64,1,2547.848,-12.3883,0.5156
CSV,CT,5,1,373,64,1,2554.692,-12.5110,0.5117
CSV,CT,5,1,374,64,1,2561.516,-12.4880,0.5078
CSV,CT,5,1,375,64,1,2568.363,-12.4826,0.5078
CSV,CT,5,1,376,64,1,2575.199,-12.4483,0.5078
CSV,CT,5,1,377,64,1,2582.006,-12.4764,0.5039
CSV,CT,5,1,378,64,1,2588.845,-12.3520,0.5039
CSV,CT,5,1,379,64,1,2595.679,-12.6553,0.4961
CSV,CT,5,1,380,64,1,2602.516,-12.8455,0.4922
CSV,CT,5,1,381,64,1,2609.359,-12.7832,0.4883
CSV,CT,5,1,382,64,1,2616.199,-12.9320,0.4844
CSV,CT,5,1,383,64,1,2623.001,-12.7403,0.4844
CSV,CT,5,1,384,64,1,2629.839,-12.5043,0.4883
CSV,CT,5,1,385,64,1,2636.649,-12.5277,0.4844
CSV,CT,5,1,386,64,1,2643.488,-12.7272,0.4766
CSV,CT,5,1,387,64,1,2650.332,-12.7331,0.4766
CSV,CT,5,1,388,64,1,2657.152,-12.5564,0.4766
CSV,CT,5,1,389,64,1,2663.989,-12.5150,0.4766
CSV,CT,5,1,390,64,1,2670.831,-12.5387,0.4727
CSV,CT,5,1,391,64,1,2677.646,-12.4394,0.4727
CSV,CT,5,1,392,64,1,2684.488,-12.4705,0.4727
CSV,CT,5,1,393,64,1,2691.336,-12.2568,0.4766
CSV,CT,5,1,394,64,1,2698.152,-12.0883,0.4766
CSV,CT,5,1,395,64,1,2704.992,-11.9349,0.4844
CSV,CT,5,1,396,64,1,2711.836,-12.0017,0.4805
CSV,CT,5,1,397,64,1,2718.647,-12.0925,0.4766
CSV,CT,5,1,398,64,1,2725.481,-12.1485,0.4766
CSV,CT,5,1,399,64,1,2732.318,-11.9904,0.4805
CSV,CT,5,1,400,64,1,2739.131,-11.9939,0.4805
CSV,CT,5,1,401,64,1,2745.982,-11.8765,0.4805
CSV,CT,5,1,402,64,1,2752.809,-11.7414,0.4883
CSV,CT,5,1,403,64,1,2759.628,-11.7950,0.4844
CSV,CT,5,1,404,64,1,2766.462,-11.5432,0.4922
CSV,CT,5,1,405,64,1,2773.281,-11.6427,0.4922
CSV,CT,5,1,406,64,1,2780.113,-11.7941,0.4883
CSV,CT,5,1,407,64,1,2786.949,-11.9263,0.4883
CSV,CT,5,1,408,64,1,2793.778,-11.9669,0.4844
CSV,CT,5,1,409,64,1,2800.614,-12.1545,0.4805
CSV,CT,5,1,410,64,1,2807.431,-12.0872,0.4844
CSV,CT,5,1,411,64,1,2814.261,-11.7545,0.4922
CSV,CT,5,1,412,64,1,2821.102,-11.9279,0.4883
CSV,CT,5,1,413,64,1,2827.925,-11.6690,0.4961
CSV,CT,5,1,414,64,1,2834.733,-11.5791,0.4961
CSV,CT,5,1,415,64,1,2841.573,-11.3772,0.5039
CSV,CT,5,1,416,64,1,2848.381,-11.4604,0.5039
CSV,CT,5,1,417,64,1,2855.223,-11.4519,0.5039
CSV,CT,5,1,418,64,1,2862.030,-11.5922,0.5039
CSV,CT,5,1,419,64,1,2868.876,-11.8371,0.5000
CSV,CT,5,1,420,64,1,2875.716,-12.1530,0.4922
CSV,CT,5,1,421,64,1,2882.529,-12.1428,0.4922
CSV,CT,5,1,422,64,1,2889.360,-12.2257,0.4922
CSV,CT,5,1,423,64,1,2896.207,-11.9693,0.4922
CSV,CT,5,1,424,64,1,2903.019,-11.9456,0.4961
CSV,CT,5,1,425,64,1,2909.866,-11.9514,0.4961
CSV,CT,5,1,426,64,1,2916.716,-12.3500,0.4844
CSV,CT,5,1,427,64,1,2923.532,-12.2961,0.4883
CSV,CT,5,1,428,64,1,2930.360,-11.9775,0.4922
CSV,CT,5,1,429,64,1,2937.196,-12.1014,0.4883
CSV,CT,5,1,430,64,1,2944.000,-12.1261,0.4883
CSV,CT,5,1,431,64,1,2950.837,-12.1200,0.4883
CSV,CT,5,1,432,64,1,2957.647,-12.1442,0.4883
CSV,CT,5,1,433,64,1,2964.481,-12.0181,0.4922
CSV,CT,5,1,434,64,1,2971.300,-11.8427,0.4961
CSV,CT,5,1,435,64,1,2978.117,-11.8224,0.4961
CSV,CT,5,1,436,64,1,2984.959,-11.8687,0.4922
CSV,CT,5,1,437,64,1,2991.779,-11.9119,0.4961
CSV,CT,5,1,438,64,1,2998.614,-12.0711,0.4922
CSV,CT,5,1,439,64,1,3005.429,-12.0390,0.4922
CSV,CT,5,1,440,64,1,3012.258,-12.1596,0.4883
CSV,CT,5,1,441,64,1,3019.103,-11.9120,0.4922
CSV,CT,5,1,442,64,1,3025.923,-11.8931,0.4922
CSV,CT,5,1,443,64,1,3032.737,-11.9652,0.4922
CSV,CT,5,1,444,64,1,3039.578,-11.9991,0.4922
CSV,CT,5,1,445,64,1,3046.393,-12.0310,0.4922
CSV,CT,5,1,446,64,1,3053.238,-12.1499,0.4883
CSV,CT,5,1,447,64,1,3060.083,-12.1142,0.4883
CSV,CT,5,1,448,64,1,3066.892,-12.0182,0.4922
CSV,CT,5,1,449,64,1,3073.729,-12.1988,0.4883
CSV,CT,5,1,450,64,1,3080.573,-12.2168,0.4844
CSV,CT,5,1,451,64,1,3087.395,-12.0233,0.4883
CSV,CT,5,1,452,64,1,3094.232,-11.9968,0.4883
CSV,CT,5,1,453,64,1,3101.069,-11.9120,0.4922
CSV,CT,5,1,454,64,1,3107.892,-11.7111,0.4961
CSV,CT,5,1,455,64,1,3114.734,-11.7636,0.4961
CSV,CT,5,1,456,64,1,3121.574,-11.3992,0.5039
CSV,CT,5,1,457,64,1,3128.392,-11.4521,0.5078
CSV,CT,5,1,458,64,1,3135.237,-11.4112,0.5078
CSV,CT,5,1,459,64,1,3142.083,-11.4909,0.5078
CSV,CT,5,1,460,64,1,3148.898,-11.8330,0.5039
CSV,CT,5,1,461,64,1,3155.733,-11.6170,0.5078
CSV,CT,5,1,462,64,1,3162.574,-11.5320,0.5117
CSV,CT,5,1,463,64,1,3169.381,-11.6018,0.5117
CSV,CT,5,1,464,64,1,3176.225,-11.9045,0.5078
CSV,CT,5,1,465,64,1,3183.065,-11.8587,0.5078
CSV,CT,5,1,466,64,1,3189.885,-11.9643,0.5039
CSV,CT,5,1,467,64,1,3196.722,-11.8480,0.5078
CSV,CT,5,1,468,64,1,3203.539,-12.0717,0.5039
CSV,CT,5,1,469,64,1,3210.361,-12.1916,0.5000
CSV,CT,5,1,470,64,1,3217.208,-11.9988,0.5039
CSV,CT,5,1,471,64,1,3224.019,-12.0046,0.5039
CSV,CT,5,1,472,64,1,3230.868,-12.1564,0.5000
CSV,CT,5,1,473,64,1,3237.714,-12.2398,0.4961
CSV,CT,5,1,474,64,1,3244.540,-12.1642,0.5000
CSV,CT,5,1,475,64,1,3251.362,-12.2153,0.4961
CSV,CT,5,1,476,64,1,3258.206,-12.0825,0.5000
CSV,CT,5,1,477,64,1,3265.012,-12.1681,0.4961
CSV,CT,5,1,478,64,1,3271.848,-12.4277,0.4883
CSV,CT,5,1,479,64,1,3278.704,-12.0082,0.5000
CSV,CT,5,1,480,64,1,3285.528,-11.9511,0.5000
CSV,CT,5,1,481,64,1,3292.362,-12.0196,0.5000
CSV,CT,5,1,482,64,1,3299.199,-12.0802,0.4961
CSV,CT,5,1,483,64,1,3306.012,-12.0159,0.5000
CSV,CT,5,1,484,64,1,3312.853,-12.2282,0.4961
CSV,CT,5,1,485,64,1,3319.696,-12.0643,0.4961
CSV,CT,5,1,486,64,1,3326.519,-12.0634,0.4961
CSV,CT,5,1,487,64,1,3333.361,-12.2417,0.4922
CSV,CT,5,1,488,64,1,3340.197,-12.0159,0.4961
CSV,CT,5,1,489,64,1,3347.001,-12.0493,0.4961
CSV,CT,5,1,490,64,1,3353.851,-11.8995,0.5000
CSV,CT,5,1,491,64,1,3360.695,-11.8211,0.5000
CSV,CT,5,1,492,64,1,3367.516,-11.8687,0.5000
CSV,CT,5,1,493,64,1,3374.356,-11.9138,0.5000
CSV,CT,5,1,494,64,1,3381.193,-11.8628,0.5000
CSV,CT,5,1,495,64,1,3388.004,-11.6380,0.5078
CSV,CT,5,1,496,64,1,3394.840,-11.6400,0.5078
CSV,CT,5,1,497,64,1,3401.649,-11.7617,0.5078
CSV,CT,5,1,498,64,1,3408.492,-11.7528,0.5078
CSV,CT,5,1,499,64,1,3415.337,-11.6839,0.5078
CSV,CDONE
